{"type":"FeatureCollection","features":[{"id":"0","type":"Feature","properties":{"CVEGEO":"0901000011716"},"geometry":{"type":"Polygon","coordinates":[[[-99.25633,19.32495],[-99.25643,19.32454],[-99.26037,19.32057],[-99.26277,19.31678],[-99.26298,19.32101],[-99.26045,19.32472],[-99.25994,19.32427],[-99.25882,19.32558],[-99.25633,19.32495]]]}},{"id":"1","type":"Feature","properties":{"CVEGEO":"0901000012150"},"geometry":{"type":"Polygon","coordinates":[[[-99.19177,19.37626],[-99.19641,19.37672],[-99.19612,19.37933],[-99.19297,19.37839],[-99.19336,19.3817],[-99.19175,19.38495],[-99.19084,19.38502],[-99.19173,19.38268],[-99.19177,19.37626]]]}},{"id":"2","type":"Feature","properties":{"CVEGEO":"0901000011133"},"geometry":{"type":"Polygon","coordinates":[[[-99.17993,19.34964],[-99.18055,19.34724],[-99.18179,19.34735],[-99.18287,19.34658],[-99.18404,19.34365],[-99.19032,19.33868],[-99.18828,19.34537],[-99.18529,19.34646],[-99.18481,19.34745],[-99.18608,19.35056],[-99.1776,19.35182],[-99.17993,19.34964]]]}},{"id":"3","type":"Feature","properties":{"CVEGEO":"0901000011307"},"geometry":{"type":"Polygon","coordinates":[[[-99.2049,19.31026],[-99.20173,19.30968],[-99.20524,19.3063],[-99.20555,19.30672],[-99.20575,19.30568],[-99.21539,19.30762],[-99.21919,19.31114],[-99.21767,19.31284],[-99.2165,19.31547],[-99.21674,19.31626],[-99.21252,19.31539],[-99.21005,19.31089],[-99.20805,19.31277],[-99.2049,19.31026]]]}},{"id":"4","type":"Feature","properties":{"CVEGEO":"0901000010281"},"geometry":{"type":"Polygon","coordinates":[[[-99.24672,19.38143],[-99.24867,19.38221],[-99.24418,19.38496],[-99.24393,19.38605],[-99.24475,19.38734],[-99.24268,19.38704],[-99.23993,19.38886],[-99.24105,19.38597],[-99.24237,19.38568],[-99.24228,19.38451],[-99.24672,19.38143]]]}},{"id":"5","type":"Feature","properties":{"CVEGEO":"0901000012199"},"geometry":{"type":"Polygon","coordinates":[[[-99.21829,19.35125],[-99.21882,19.34971],[-99.21793,19.34936],[-99.21866,19.34916],[-99.21993,19.35132],[-99.2218,19.35075],[-99.22207,19.35224],[-99.22332,19.35214],[-99.22235,19.35253],[-99.22262,19.35347],[-99.21885,19.35465],[-99.21767,19.35356],[-99.21545,19.35548],[-99.21629,19.35242],[-99.21829,19.35125]]]}},{"id":"6","type":"Feature","properties":{"CVEGEO":"0901000012269"},"geometry":{"type":"Polygon","coordinates":[[[-99.2053,19.36897],[-99.20823,19.36984],[-99.2102,19.36765],[-99.21202,19.3677],[-99.21563,19.36594],[-99.22074,19.36528],[-99.22063,19.36466],[-99.22417,19.36408],[-99.22483,19.36505],[-99.22317,19.36639],[-99.21914,19.36776],[-99.2171,19.3681],[-99.21637,19.36698],[-99.21646,19.36772],[-99.21514,19.3677],[-99.21404,19.36879],[-99.21296,19.3685],[-99.21222,19.36933],[-99.20976,19.36895],[-99.2082,19.37009],[-99.2041,19.36973],[-99.2053,19.36897]]]}},{"id":"7","type":"Feature","properties":{"CVEGEO":"0901000012273"},"geometry":{"type":"Polygon","coordinates":[[[-99.23252,19.3501],[-99.23882,19.3471],[-99.24003,19.34522],[-99.2411,19.34637],[-99.24244,19.34663],[-99.24615,19.34533],[-99.25464,19.34572],[-99.25341,19.34757],[-99.25005,19.34887],[-99.24957,19.34966],[-99.24561,19.34926],[-99.24633,19.3515],[-99.24565,19.3502],[-99.24443,19.35069],[-99.24437,19.35177],[-99.24252,19.35049],[-99.23995,19.35104],[-99.23848,19.35054],[-99.23849,19.35108],[-99.23659,19.35091],[-99.23372,19.35273],[-99.23287,19.35227],[-99.23252,19.3501]]]}},{"id":"8","type":"Feature","properties":{"CVEGEO":"0901000011330"},"geometry":{"type":"Polygon","coordinates":[[[-99.24914,19.33899],[-99.24456,19.33828],[-99.25249,19.33525],[-99.25646,19.33222],[-99.25704,19.33107],[-99.2581,19.33121],[-99.25986,19.32992],[-99.2607,19.33028],[-99.26689,19.32947],[-99.26977,19.33209],[-99.27481,19.33282],[-99.26411,19.33948],[-99.26086,19.33786],[-99.25866,19.33802],[-99.25671,19.33702],[-99.25585,19.33752],[-99.253,19.33714],[-99.24914,19.33899]]]}},{"id":"9","type":"Feature","properties":{"CVEGEO":"090100001181A"},"geometry":{"type":"Polygon","coordinates":[[[-99.22893,19.34857],[-99.23048,19.34934],[-99.23049,19.35021],[-99.23235,19.34988],[-99.23282,19.35075],[-99.23006,19.35157],[-99.2258,19.35174],[-99.22251,19.35306],[-99.22329,19.35183],[-99.22207,19.35224],[-99.2218,19.35075],[-99.21993,19.35132],[-99.21974,19.35077],[-99.22893,19.34857]]]}},{"id":"10","type":"Feature","properties":{"CVEGEO":"0901000011684"},"geometry":{"type":"Polygon","coordinates":[[[-99.24149,19.33688],[-99.24561,19.33599],[-99.24946,19.33412],[-99.25049,19.33116],[-99.24996,19.32987],[-99.25679,19.32798],[-99.25713,19.32881],[-99.25587,19.32944],[-99.25601,19.32994],[-99.25702,19.32956],[-99.25742,19.33026],[-99.25666,19.33201],[-99.25249,19.33525],[-99.24732,19.33756],[-99.24084,19.33862],[-99.24149,19.33688]]]}},{"id":"11","type":"Feature","properties":{"CVEGEO":"0901000011665"},"geometry":{"type":"Polygon","coordinates":[[[-99.24252,19.35049],[-99.24437,19.35177],[-99.24449,19.35341],[-99.24142,19.35493],[-99.23783,19.35203],[-99.23819,19.35169],[-99.23658,19.351],[-99.24252,19.35049]]]}},{"id":"12","type":"Feature","properties":{"CVEGEO":"0901000010578"},"geometry":{"type":"Polygon","coordinates":[[[-99.21275,19.37022],[-99.21331,19.36854],[-99.21404,19.36879],[-99.21514,19.3677],[-99.21646,19.36772],[-99.21666,19.36691],[-99.21761,19.37],[-99.22213,19.36879],[-99.22262,19.37042],[-99.21388,19.3727],[-99.21275,19.37022]]]}},{"id":"13","type":"Feature","properties":{"CVEGEO":"0901000010597"},"geometry":{"type":"Polygon","coordinates":[[[-99.20739,19.37282],[-99.21152,19.37446],[-99.21183,19.37545],[-99.20973,19.37631],[-99.20492,19.37402],[-99.20739,19.37282]]]}},{"id":"14","type":"Feature","properties":{"CVEGEO":"0901000010690"},"geometry":{"type":"Polygon","coordinates":[[[-99.20091,19.36631],[-99.1955,19.36582],[-99.19558,19.36477],[-99.2083,19.36537],[-99.21286,19.36345],[-99.21574,19.36356],[-99.21563,19.36594],[-99.21355,19.36659],[-99.20091,19.36631]]]}},{"id":"15","type":"Feature","properties":{"CVEGEO":"0901000010915"},"geometry":{"type":"Polygon","coordinates":[[[-99.21574,19.36356],[-99.21309,19.3634],[-99.21115,19.3643],[-99.2125,19.36223],[-99.21654,19.3602],[-99.21724,19.36229],[-99.21839,19.36345],[-99.22132,19.3618],[-99.22302,19.36383],[-99.22063,19.36466],[-99.22074,19.36528],[-99.21563,19.36594],[-99.21574,19.36356]]]}},{"id":"16","type":"Feature","properties":{"CVEGEO":"0901000012216"},"geometry":{"type":"Polygon","coordinates":[[[-99.24698,19.35452],[-99.25012,19.35226],[-99.25541,19.34991],[-99.25652,19.34863],[-99.26112,19.34778],[-99.25821,19.34976],[-99.25931,19.35012],[-99.2594,19.35248],[-99.2572,19.35271],[-99.25711,19.35153],[-99.25554,19.35224],[-99.25477,19.35385],[-99.25342,19.354],[-99.25491,19.35441],[-99.25227,19.35642],[-99.24892,19.35774],[-99.24753,19.35793],[-99.24692,19.35727],[-99.24698,19.35452]]]}},{"id":"17","type":"Feature","properties":{"CVEGEO":"0901000011275"},"geometry":{"type":"Polygon","coordinates":[[[-99.20173,19.30968],[-99.20377,19.30982],[-99.20144,19.32069],[-99.19817,19.32764],[-99.20016,19.33056],[-99.19992,19.33323],[-99.1965,19.3337],[-99.1947,19.33023],[-99.19493,19.32203],[-99.20118,19.31195],[-99.20025,19.31116],[-99.20173,19.30968]]]}},{"id":"18","type":"Feature","properties":{"CVEGEO":"0901000010065"},"geometry":{"type":"Polygon","coordinates":[[[-99.1891,19.39569],[-99.19311,19.39525],[-99.19302,19.3961],[-99.19528,19.39978],[-99.19397,19.40041],[-99.19295,19.39937],[-99.19083,19.39965],[-99.1891,19.39569]]]}},{"id":"19","type":"Feature","properties":{"CVEGEO":"0901000011063"},"geometry":{"type":"Polygon","coordinates":[[[-99.17749,19.35201],[-99.18372,19.3511],[-99.18438,19.35166],[-99.1832,19.3516],[-99.18255,19.35442],[-99.18049,19.35483],[-99.17973,19.3581],[-99.17356,19.35612],[-99.17749,19.35201]]]}},{"id":"20","type":"Feature","properties":{"CVEGEO":"0901000011542"},"geometry":{"type":"Polygon","coordinates":[[[-99.2532,19.37268],[-99.25478,19.36921],[-99.25865,19.36638],[-99.262,19.36167],[-99.26683,19.36355],[-99.26661,19.3658],[-99.26433,19.367],[-99.25739,19.37464],[-99.25405,19.37645],[-99.25272,19.37515],[-99.25231,19.37326],[-99.2532,19.37268]]]}},{"id":"21","type":"Feature","properties":{"CVEGEO":"0901000012358"},"geometry":{"type":"Polygon","coordinates":[[[-99.24835,19.37284],[-99.24719,19.37302],[-99.25344,19.36613],[-99.25256,19.36484],[-99.25569,19.36337],[-99.25733,19.36123],[-99.26091,19.35984],[-99.262,19.36167],[-99.26006,19.36475],[-99.25478,19.36921],[-99.25292,19.37297],[-99.24975,19.37515],[-99.25079,19.37275],[-99.25002,19.37175],[-99.24835,19.37284]]]}},{"id":"22","type":"Feature","properties":{"CVEGEO":"0901000012057"},"geometry":{"type":"Polygon","coordinates":[[[-99.24425,19.33015],[-99.24423,19.32856],[-99.24539,19.32814],[-99.25071,19.32703],[-99.25286,19.32908],[-99.25141,19.32908],[-99.24737,19.33108],[-99.24519,19.33098],[-99.24425,19.33015]]]}},{"id":"23","type":"Feature","properties":{"CVEGEO":"0901000012201"},"geometry":{"type":"Polygon","coordinates":[[[-99.25586,19.35573],[-99.25316,19.35585],[-99.2534,19.35508],[-99.25491,19.35441],[-99.25388,19.35448],[-99.25342,19.354],[-99.25477,19.35385],[-99.25554,19.35224],[-99.25711,19.35153],[-99.2572,19.35271],[-99.2594,19.35248],[-99.26025,19.35649],[-99.25873,19.35684],[-99.25843,19.35591],[-99.25951,19.35527],[-99.25586,19.35573]]]}},{"id":"24","type":"Feature","properties":{"CVEGEO":"0901000011222"},"geometry":{"type":"Polygon","coordinates":[[[-99.20102,19.34],[-99.19973,19.34055],[-99.19974,19.33961],[-99.20221,19.33891],[-99.20342,19.33765],[-99.20409,19.33851],[-99.20666,19.33622],[-99.20867,19.33598],[-99.20752,19.33781],[-99.20815,19.33789],[-99.21198,19.33628],[-99.20755,19.33925],[-99.20804,19.33986],[-99.20647,19.34111],[-99.20102,19.34]]]}},{"id":"25","type":"Feature","properties":{"CVEGEO":"090100001128A"},"geometry":{"type":"Polygon","coordinates":[[[-99.21057,19.31646],[-99.20805,19.31277],[-99.21005,19.31089],[-99.21252,19.31539],[-99.21674,19.31626],[-99.2165,19.31547],[-99.21767,19.31284],[-99.21919,19.31114],[-99.22052,19.31372],[-99.22141,19.31964],[-99.22047,19.32108],[-99.21435,19.32532],[-99.21388,19.32111],[-99.21202,19.32007],[-99.21001,19.3177],[-99.21057,19.31646]]]}},{"id":"26","type":"Feature","properties":{"CVEGEO":"0901000011364"},"geometry":{"type":"Polygon","coordinates":[[[-99.26277,19.31678],[-99.2659,19.31344],[-99.26752,19.3138],[-99.26793,19.31444],[-99.26407,19.32081],[-99.26449,19.32207],[-99.26358,19.32362],[-99.26294,19.32334],[-99.26277,19.31678]]]}},{"id":"27","type":"Feature","properties":{"CVEGEO":"0901000010027"},"geometry":{"type":"Polygon","coordinates":[[[-99.19295,19.39937],[-99.19397,19.40041],[-99.19692,19.39909],[-99.19761,19.40309],[-99.1922,19.40374],[-99.19232,19.40139],[-99.19083,19.39965],[-99.19295,19.39937]]]}},{"id":"28","type":"Feature","properties":{"CVEGEO":"0901000010031"},"geometry":{"type":"Polygon","coordinates":[[[-99.20744,19.39758],[-99.21062,19.39717],[-99.21206,19.39755],[-99.21257,19.39981],[-99.20247,19.4015],[-99.20221,19.4],[-99.20744,19.39758]]]}},{"id":"29","type":"Feature","properties":{"CVEGEO":"0901000010987"},"geometry":{"type":"Polygon","coordinates":[[[-99.18568,19.36172],[-99.18268,19.36235],[-99.18425,19.35745],[-99.19062,19.35943],[-99.19578,19.35687],[-99.19891,19.35604],[-99.19543,19.35769],[-99.19253,19.36011],[-99.19109,19.36349],[-99.18568,19.36172]]]}},{"id":"30","type":"Feature","properties":{"CVEGEO":"0901000010991"},"geometry":{"type":"Polygon","coordinates":[[[-99.18049,19.35483],[-99.18255,19.35442],[-99.1832,19.3516],[-99.18438,19.35166],[-99.18372,19.3511],[-99.18652,19.35043],[-99.18268,19.36235],[-99.17947,19.36325],[-99.17916,19.3605],[-99.18049,19.35483]]]}},{"id":"31","type":"Feature","properties":{"CVEGEO":"0901000011006"},"geometry":{"type":"Polygon","coordinates":[[[-99.17171,19.35957],[-99.17356,19.35612],[-99.17973,19.3581],[-99.17884,19.36042],[-99.17947,19.36325],[-99.17774,19.36514],[-99.17171,19.35957]]]}},{"id":"32","type":"Feature","properties":{"CVEGEO":"0901000011769"},"geometry":{"type":"Polygon","coordinates":[[[-99.25884,19.34355],[-99.26554,19.34034],[-99.26599,19.33999],[-99.26508,19.33897],[-99.2736,19.33385],[-99.28053,19.32572],[-99.28284,19.32527],[-99.28073,19.32692],[-99.28051,19.32883],[-99.2846,19.32871],[-99.28565,19.3299],[-99.28656,19.3297],[-99.28741,19.33055],[-99.28471,19.33661],[-99.28021,19.33523],[-99.28005,19.33625],[-99.28116,19.33743],[-99.2785,19.33773],[-99.26949,19.34201],[-99.26842,19.34189],[-99.26678,19.34407],[-99.26498,19.34468],[-99.26306,19.34684],[-99.25652,19.34863],[-99.25541,19.34991],[-99.2553,19.34661],[-99.25884,19.34355]]]}},{"id":"33","type":"Feature","properties":{"CVEGEO":"0901000012042"},"geometry":{"type":"Polygon","coordinates":[[[-99.25518,19.32656],[-99.25633,19.32495],[-99.2574,19.32527],[-99.25658,19.3281],[-99.25524,19.32879],[-99.25286,19.32908],[-99.25078,19.32735],[-99.25518,19.32656]]]}},{"id":"34","type":"Feature","properties":{"CVEGEO":"0901000010718"},"geometry":{"type":"Polygon","coordinates":[[[-99.20769,19.36812],[-99.20814,19.36645],[-99.20902,19.36646],[-99.20879,19.36876],[-99.20769,19.36812]]]}},{"id":"35","type":"Feature","properties":{"CVEGEO":"0901000011951"},"geometry":{"type":"Polygon","coordinates":[[[-99.21727,19.38139],[-99.22362,19.38047],[-99.22348,19.3816],[-99.22114,19.38338],[-99.22146,19.38402],[-99.21964,19.38459],[-99.21727,19.38139]]]}},{"id":"36","type":"Feature","properties":{"CVEGEO":"0901000010012"},"geometry":{"type":"Polygon","coordinates":[[[-99.19969,19.40044],[-99.19958,19.39988],[-99.20201,19.39912],[-99.20247,19.4015],[-99.19761,19.40309],[-99.19762,19.40157],[-99.1971,19.40162],[-99.19757,19.40068],[-99.19969,19.40044]]]}},{"id":"37","type":"Feature","properties":{"CVEGEO":"090100001021A"},"geometry":{"type":"Polygon","coordinates":[[[-99.20598,19.38956],[-99.20623,19.38835],[-99.20792,19.38866],[-99.20771,19.38986],[-99.20598,19.38956]]]}},{"id":"38","type":"Feature","properties":{"CVEGEO":"0901000011044"},"geometry":{"type":"Polygon","coordinates":[[[-99.19782,19.35223],[-99.20074,19.35158],[-99.1998,19.35477],[-99.19891,19.35604],[-99.18947,19.35941],[-99.19044,19.3512],[-99.19393,19.35122],[-99.19782,19.35223]]]}},{"id":"39","type":"Feature","properties":{"CVEGEO":"0901000010525"},"geometry":{"type":"Polygon","coordinates":[[[-99.19192,19.37263],[-99.1946,19.37192],[-99.19444,19.37342],[-99.19539,19.37357],[-99.19503,19.37659],[-99.19177,19.37626],[-99.19192,19.37263]]]}},{"id":"40","type":"Feature","properties":{"CVEGEO":"0901000011129"},"geometry":{"type":"Polygon","coordinates":[[[-99.1977,19.3435],[-99.19755,19.34498],[-99.19811,19.34529],[-99.19741,19.34846],[-99.19924,19.34903],[-99.19834,19.3507],[-99.19733,19.35047],[-99.19764,19.34947],[-99.19192,19.34818],[-99.18608,19.35056],[-99.18514,19.34834],[-99.19202,19.34539],[-99.1977,19.3435]]]}},{"id":"41","type":"Feature","properties":{"CVEGEO":"090100001053A"},"geometry":{"type":"Polygon","coordinates":[[[-99.23271,19.3709],[-99.23292,19.36677],[-99.23765,19.36727],[-99.2359,19.37061],[-99.23659,19.37167],[-99.23478,19.37266],[-99.23434,19.37104],[-99.23271,19.3709]]]}},{"id":"42","type":"Feature","properties":{"CVEGEO":"0901000011970"},"geometry":{"type":"Polygon","coordinates":[[[-99.22043,19.3765],[-99.22046,19.38091],[-99.21727,19.38139],[-99.2167,19.37706],[-99.22043,19.3765]]]}},{"id":"43","type":"Feature","properties":{"CVEGEO":"0901000010826"},"geometry":{"type":"Polygon","coordinates":[[[-99.19545,19.3664],[-99.1955,19.36582],[-99.20091,19.36631],[-99.19545,19.3664]]]}},{"id":"44","type":"Feature","properties":{"CVEGEO":"0901000010830"},"geometry":{"type":"Polygon","coordinates":[[[-99.19214,19.36549],[-99.1955,19.36582],[-99.19545,19.3664],[-99.19322,19.36638],[-99.19174,19.37068],[-99.19214,19.36549]]]}},{"id":"45","type":"Feature","properties":{"CVEGEO":"0901000010845"},"geometry":{"type":"Polygon","coordinates":[[[-99.19568,19.36405],[-99.1955,19.36582],[-99.19214,19.36549],[-99.19153,19.36855],[-99.19076,19.36679],[-99.19109,19.36349],[-99.19568,19.36405]]]}},{"id":"46","type":"Feature","properties":{"CVEGEO":"0901000011010"},"geometry":{"type":"Polygon","coordinates":[[[-99.21,19.35576],[-99.20988,19.35732],[-99.20862,19.35751],[-99.2005,19.35582],[-99.20274,19.35469],[-99.2055,19.35497],[-99.20834,19.35392],[-99.21196,19.35416],[-99.21289,19.35522],[-99.21,19.35576]]]}},{"id":"47","type":"Feature","properties":{"CVEGEO":"0901000010722"},"geometry":{"type":"Polygon","coordinates":[[[-99.2042,19.36934],[-99.20519,19.36639],[-99.20814,19.36645],[-99.20769,19.36812],[-99.20896,19.36869],[-99.20878,19.36937],[-99.20823,19.36984],[-99.20673,19.36912],[-99.2042,19.36934]]]}},{"id":"48","type":"Feature","properties":{"CVEGEO":"090100001103A"},"geometry":{"type":"Polygon","coordinates":[[[-99.20074,19.35158],[-99.20198,19.35183],[-99.20341,19.34994],[-99.20329,19.34913],[-99.20441,19.34893],[-99.20437,19.34717],[-99.20766,19.34673],[-99.20896,19.3451],[-99.21022,19.34522],[-99.21048,19.34651],[-99.20616,19.34944],[-99.20234,19.35522],[-99.19891,19.35604],[-99.20074,19.35158]]]}},{"id":"49","type":"Feature","properties":{"CVEGEO":"0901000010614"},"geometry":{"type":"Polygon","coordinates":[[[-99.20338,19.37293],[-99.19946,19.37269],[-99.1996,19.37093],[-99.2009,19.37015],[-99.20392,19.37052],[-99.20338,19.37293]]]}},{"id":"50","type":"Feature","properties":{"CVEGEO":"0901000012362"},"geometry":{"type":"Polygon","coordinates":[[[-99.20836,19.37027],[-99.20819,19.37169],[-99.21284,19.37044],[-99.21313,19.37134],[-99.21009,19.37273],[-99.20677,19.37285],[-99.20709,19.37027],[-99.20836,19.37027]]]}},{"id":"51","type":"Feature","properties":{"CVEGEO":"0901000010629"},"geometry":{"type":"Polygon","coordinates":[[[-99.19539,19.37357],[-99.19444,19.37342],[-99.19453,19.37256],[-99.19801,19.37189],[-99.1996,19.37093],[-99.1993,19.37499],[-99.19525,19.37459],[-99.19539,19.37357]]]}},{"id":"52","type":"Feature","properties":{"CVEGEO":"0901000011881"},"geometry":{"type":"Polygon","coordinates":[[[-99.24449,19.35341],[-99.24437,19.35177],[-99.24443,19.35069],[-99.24565,19.3502],[-99.24587,19.35106],[-99.24651,19.35129],[-99.24561,19.34926],[-99.24633,19.34971],[-99.24859,19.34925],[-99.24892,19.34987],[-99.25324,19.34769],[-99.25393,19.34659],[-99.2553,19.34661],[-99.25541,19.34991],[-99.25012,19.35226],[-99.24723,19.35426],[-99.24705,19.35699],[-99.24449,19.35341]]]}},{"id":"53","type":"Feature","properties":{"CVEGEO":"0901000011928"},"geometry":{"type":"Polygon","coordinates":[[[-99.22033,19.38616],[-99.22191,19.38524],[-99.22132,19.38458],[-99.22505,19.38416],[-99.22472,19.38498],[-99.2231,19.38558],[-99.22248,19.38688],[-99.22033,19.38616]]]}},{"id":"54","type":"Feature","properties":{"CVEGEO":"0901000011966"},"geometry":{"type":"Polygon","coordinates":[[[-99.22254,19.37542],[-99.22363,19.3785],[-99.22466,19.37921],[-99.22404,19.3804],[-99.22046,19.38091],[-99.22043,19.3765],[-99.22254,19.37542]]]}},{"id":"55","type":"Feature","properties":{"CVEGEO":"0901000012004"},"geometry":{"type":"Polygon","coordinates":[[[-99.25576,19.361],[-99.25653,19.35859],[-99.26031,19.35698],[-99.26091,19.35984],[-99.25733,19.36123],[-99.25569,19.36337],[-99.25342,19.36429],[-99.25576,19.361]]]}},{"id":"56","type":"Feature","properties":{"CVEGEO":"0901000012019"},"geometry":{"type":"Polygon","coordinates":[[[-99.24661,19.36726],[-99.24861,19.36516],[-99.25072,19.36461],[-99.2514,19.36343],[-99.253,19.3633],[-99.2536,19.36394],[-99.25038,19.36633],[-99.25125,19.36718],[-99.24942,19.36708],[-99.24489,19.36956],[-99.24425,19.37081],[-99.24209,19.3693],[-99.24661,19.36726]]]}},{"id":"57","type":"Feature","properties":{"CVEGEO":"0901000012038"},"geometry":{"type":"Polygon","coordinates":[[[-99.23759,19.36124],[-99.23714,19.35974],[-99.2399,19.35714],[-99.2406,19.35816],[-99.24253,19.35873],[-99.24019,19.36019],[-99.23938,19.36213],[-99.23759,19.36124]]]}},{"id":"58","type":"Feature","properties":{"CVEGEO":"0901000012131"},"geometry":{"type":"Polygon","coordinates":[[[-99.20406,19.37292],[-99.20338,19.37293],[-99.20402,19.37004],[-99.20477,19.36952],[-99.20716,19.36998],[-99.20677,19.37285],[-99.20492,19.37402],[-99.20379,19.37356],[-99.20406,19.37292]]]}},{"id":"59","type":"Feature","properties":{"CVEGEO":"0901000012184"},"geometry":{"type":"Polygon","coordinates":[[[-99.21439,19.35709],[-99.21767,19.35356],[-99.21885,19.35465],[-99.22262,19.35347],[-99.22309,19.35489],[-99.22668,19.35405],[-99.2269,19.35494],[-99.22556,19.35594],[-99.22064,19.35717],[-99.22126,19.35769],[-99.21925,19.35838],[-99.21489,19.35928],[-99.21638,19.35722],[-99.21454,19.35877],[-99.21448,19.35826],[-99.21195,19.35967],[-99.21188,19.35839],[-99.21439,19.35709]]]}},{"id":"60","type":"Feature","properties":{"CVEGEO":"0901000010084"},"geometry":{"type":"Polygon","coordinates":[[[-99.21048,19.3916],[-99.211,19.393],[-99.20867,19.39583],[-99.20712,19.3931],[-99.21048,19.3916]]]}},{"id":"61","type":"Feature","properties":{"CVEGEO":"0901000012292"},"geometry":{"type":"Polygon","coordinates":[[[-99.2094,19.35957],[-99.21188,19.35839],[-99.21195,19.35967],[-99.21255,19.35959],[-99.21638,19.35722],[-99.21489,19.35928],[-99.21765,19.35863],[-99.22347,19.35885],[-99.22392,19.35949],[-99.22228,19.36033],[-99.22237,19.36122],[-99.22488,19.36203],[-99.22302,19.36383],[-99.22132,19.3618],[-99.21839,19.36345],[-99.21724,19.36229],[-99.21654,19.3602],[-99.2125,19.36223],[-99.21104,19.36456],[-99.20965,19.36451],[-99.2094,19.35957]]]}},{"id":"62","type":"Feature","properties":{"CVEGEO":"0901000011114"},"geometry":{"type":"Polygon","coordinates":[[[-99.19044,19.3512],[-99.19065,19.34852],[-99.19192,19.34818],[-99.19764,19.34947],[-99.19733,19.35047],[-99.19834,19.3507],[-99.19852,19.35009],[-99.19954,19.35056],[-99.1999,19.34922],[-99.20128,19.34918],[-99.20074,19.35158],[-99.19782,19.35223],[-99.19393,19.35122],[-99.19044,19.3512]]]}},{"id":"63","type":"Feature","properties":{"CVEGEO":"0901000011078"},"geometry":{"type":"Polygon","coordinates":[[[-99.23014,19.34837],[-99.22982,19.34705],[-99.22897,19.34751],[-99.22711,19.34557],[-99.23154,19.34464],[-99.23214,19.34388],[-99.23364,19.3456],[-99.23294,19.34584],[-99.23287,19.34755],[-99.23897,19.34512],[-99.23934,19.34584],[-99.23882,19.3471],[-99.2331,19.34996],[-99.23049,19.35021],[-99.23048,19.34934],[-99.22953,19.34863],[-99.23014,19.34837]]]}},{"id":"64","type":"Feature","properties":{"CVEGEO":"090100001110A"},"geometry":{"type":"Polygon","coordinates":[[[-99.20128,19.34918],[-99.1999,19.34922],[-99.19954,19.35056],[-99.19891,19.35041],[-99.19924,19.34903],[-99.19741,19.34846],[-99.19874,19.3449],[-99.19934,19.34401],[-99.20025,19.3442],[-99.20308,19.34046],[-99.20666,19.34111],[-99.20532,19.34256],[-99.2051,19.34412],[-99.20664,19.34609],[-99.20786,19.34619],[-99.20864,19.34537],[-99.20829,19.34638],[-99.20437,19.34717],[-99.20441,19.34893],[-99.20329,19.34913],[-99.20341,19.34994],[-99.20198,19.35183],[-99.20074,19.35158],[-99.20128,19.34918]]]}},{"id":"65","type":"Feature","properties":{"CVEGEO":"0901000011190"},"geometry":{"type":"Polygon","coordinates":[[[-99.1977,19.3435],[-99.1948,19.34483],[-99.19292,19.34486],[-99.19291,19.34423],[-99.19146,19.34404],[-99.19193,19.3417],[-99.19332,19.34161],[-99.19337,19.34105],[-99.19662,19.34102],[-99.19919,19.33934],[-99.19973,19.34055],[-99.20102,19.34],[-99.20308,19.34046],[-99.20025,19.3442],[-99.19934,19.34401],[-99.19828,19.34724],[-99.1977,19.3435]]]}},{"id":"66","type":"Feature","properties":{"CVEGEO":"0901000011203"},"geometry":{"type":"Polygon","coordinates":[[[-99.19243,19.33856],[-99.19146,19.34404],[-99.1941,19.34498],[-99.18483,19.34821],[-99.18529,19.34646],[-99.18828,19.34537],[-99.19032,19.33868],[-99.19243,19.33856]]]}},{"id":"67","type":"Feature","properties":{"CVEGEO":"0901000010563"},"geometry":{"type":"Polygon","coordinates":[[[-99.21388,19.3727],[-99.22204,19.37057],[-99.22269,19.37278],[-99.21813,19.37545],[-99.2151,19.37637],[-99.21388,19.3727]]]}},{"id":"68","type":"Feature","properties":{"CVEGEO":"0901000011148"},"geometry":{"type":"Polygon","coordinates":[[[-99.2452,19.34287],[-99.24433,19.34268],[-99.24635,19.34079],[-99.24712,19.34048],[-99.24758,19.34131],[-99.25244,19.33902],[-99.253,19.33714],[-99.25585,19.33752],[-99.25671,19.33702],[-99.25866,19.33802],[-99.26086,19.33786],[-99.26411,19.33948],[-99.26508,19.33897],[-99.26599,19.33999],[-99.25884,19.34355],[-99.2553,19.34661],[-99.25422,19.3465],[-99.25464,19.34572],[-99.25371,19.3455],[-99.24675,19.34532],[-99.242,19.3466],[-99.24003,19.34522],[-99.2452,19.34287]]]}},{"id":"69","type":"Feature","properties":{"CVEGEO":"090100001167A"},"geometry":{"type":"Polygon","coordinates":[[[-99.25587,19.32944],[-99.25713,19.32881],[-99.25654,19.32764],[-99.2574,19.32527],[-99.25882,19.32558],[-99.25994,19.32427],[-99.26045,19.32472],[-99.26304,19.3208],[-99.26277,19.32293],[-99.26423,19.32409],[-99.26415,19.32638],[-99.2666,19.32788],[-99.26937,19.3283],[-99.26411,19.32997],[-99.25986,19.32992],[-99.25797,19.33124],[-99.25704,19.33107],[-99.2572,19.33001],[-99.25587,19.32944]]]}},{"id":"70","type":"Feature","properties":{"CVEGEO":"0901000011519"},"geometry":{"type":"Polygon","coordinates":[[[-99.21673,19.38278],[-99.21332,19.38261],[-99.2133,19.3789],[-99.21509,19.37898],[-99.21646,19.37706],[-99.21738,19.38193],[-99.21865,19.38262],[-99.21851,19.38355],[-99.21964,19.38459],[-99.21753,19.38389],[-99.21673,19.38278]]]}},{"id":"71","type":"Feature","properties":{"CVEGEO":"0901000011523"},"geometry":{"type":"Polygon","coordinates":[[[-99.21001,19.38147],[-99.21013,19.38032],[-99.2133,19.3789],[-99.21332,19.38261],[-99.2147,19.38266],[-99.21213,19.38375],[-99.21001,19.38147]]]}},{"id":"72","type":"Feature","properties":{"CVEGEO":"0901000011631"},"geometry":{"type":"Polygon","coordinates":[[[-99.23851,19.35593],[-99.2395,19.35553],[-99.2367,19.35395],[-99.23742,19.35288],[-99.23544,19.35174],[-99.23619,19.35118],[-99.23819,19.35169],[-99.23783,19.35203],[-99.24142,19.35493],[-99.24475,19.3533],[-99.24554,19.35443],[-99.24474,19.356],[-99.24241,19.3569],[-99.24342,19.35581],[-99.24183,19.35567],[-99.24097,19.35662],[-99.2417,19.35843],[-99.2406,19.35816],[-99.23851,19.35593]]]}},{"id":"73","type":"Feature","properties":{"CVEGEO":"0901000011646"},"geometry":{"type":"Polygon","coordinates":[[[-99.23544,19.35174],[-99.23742,19.35288],[-99.2367,19.35395],[-99.23955,19.35573],[-99.23636,19.35676],[-99.23569,19.35581],[-99.23627,19.35477],[-99.23353,19.35352],[-99.23372,19.35273],[-99.23544,19.35174]]]}},{"id":"74","type":"Feature","properties":{"CVEGEO":"0901000011650"},"geometry":{"type":"Polygon","coordinates":[[[-99.23032,19.35543],[-99.23372,19.35273],[-99.23353,19.35352],[-99.23627,19.35477],[-99.23569,19.35581],[-99.23607,19.35694],[-99.23519,19.35578],[-99.23405,19.3566],[-99.2325,19.35617],[-99.23185,19.35733],[-99.23032,19.35543]]]}},{"id":"75","type":"Feature","properties":{"CVEGEO":"0901000010046"},"geometry":{"type":"Polygon","coordinates":[[[-99.19899,19.39807],[-99.20146,19.39752],[-99.20189,19.3954],[-99.20598,19.3958],[-99.21062,19.39717],[-99.20744,19.39758],[-99.20221,19.4],[-99.20201,19.39912],[-99.19958,19.39988],[-99.19899,19.39807]]]}},{"id":"76","type":"Feature","properties":{"CVEGEO":"0901000010050"},"geometry":{"type":"Polygon","coordinates":[[[-99.19969,19.40044],[-99.19757,19.40068],[-99.1967,19.39972],[-99.19692,19.39909],[-99.19528,19.39978],[-99.19397,19.39749],[-99.19642,19.39606],[-99.19787,19.39797],[-99.19872,19.39805],[-99.19969,19.40044]]]}},{"id":"77","type":"Feature","properties":{"CVEGEO":"0901000010101"},"geometry":{"type":"Polygon","coordinates":[[[-99.20227,19.39266],[-99.20357,19.3919],[-99.20483,19.39423],[-99.20355,19.39448],[-99.20227,19.39266]]]}},{"id":"78","type":"Feature","properties":{"CVEGEO":"0901000010116"},"geometry":{"type":"Polygon","coordinates":[[[-99.19787,19.39797],[-99.1954,19.3945],[-99.19844,19.39259],[-99.19963,19.39413],[-99.20227,19.39266],[-99.20367,19.39463],[-99.20315,19.39532],[-99.20189,19.3954],[-99.20146,19.39752],[-99.19787,19.39797]]]}},{"id":"79","type":"Feature","properties":{"CVEGEO":"0901000010493"},"geometry":{"type":"Polygon","coordinates":[[[-99.20219,19.37565],[-99.20338,19.37293],[-99.20406,19.37292],[-99.20379,19.37356],[-99.20973,19.37631],[-99.20581,19.37761],[-99.20616,19.3767],[-99.20311,19.37516],[-99.20219,19.37565]]]}},{"id":"80","type":"Feature","properties":{"CVEGEO":"0901000010173"},"geometry":{"type":"Polygon","coordinates":[[[-99.217,19.38567],[-99.22198,19.38707],[-99.22065,19.38732],[-99.21849,19.38661],[-99.21022,19.38967],[-99.21055,19.38759],[-99.217,19.38567]]]}},{"id":"81","type":"Feature","properties":{"CVEGEO":"0901000010188"},"geometry":{"type":"Polygon","coordinates":[[[-99.20687,19.39065],[-99.20709,19.38975],[-99.20989,19.38925],[-99.21039,19.38686],[-99.21097,19.38683],[-99.21022,19.38967],[-99.20687,19.39065]]]}},{"id":"82","type":"Feature","properties":{"CVEGEO":"0901000010224"},"geometry":{"type":"Polygon","coordinates":[[[-99.20459,19.38927],[-99.20482,19.38809],[-99.20623,19.38835],[-99.20598,19.38956],[-99.20459,19.38927]]]}},{"id":"83","type":"Feature","properties":{"CVEGEO":"0901000010239"},"geometry":{"type":"Polygon","coordinates":[[[-99.20257,19.38922],[-99.20122,19.38715],[-99.20502,19.38703],[-99.20459,19.38927],[-99.20257,19.38922]]]}},{"id":"84","type":"Feature","properties":{"CVEGEO":"0901000010421"},"geometry":{"type":"Polygon","coordinates":[[[-99.19678,19.37881],[-99.1985,19.37833],[-99.20219,19.37565],[-99.20323,19.37611],[-99.2024,19.37783],[-99.20383,19.37771],[-99.20336,19.38099],[-99.19175,19.38495],[-99.19261,19.38303],[-99.19678,19.37881]]]}},{"id":"85","type":"Feature","properties":{"CVEGEO":"0901000010807"},"geometry":{"type":"Polygon","coordinates":[[[-99.19623,19.36822],[-99.19622,19.36646],[-99.19866,19.3671],[-99.19859,19.36856],[-99.19623,19.36822]]]}},{"id":"86","type":"Feature","properties":{"CVEGEO":"0901000010243"},"geometry":{"type":"Polygon","coordinates":[[[-99.19922,19.38642],[-99.217,19.38567],[-99.21055,19.38759],[-99.21097,19.38683],[-99.20122,19.38715],[-99.20306,19.38996],[-99.20207,19.39052],[-99.19922,19.38642]]]}},{"id":"87","type":"Feature","properties":{"CVEGEO":"0901000010258"},"geometry":{"type":"Polygon","coordinates":[[[-99.21004,19.38857],[-99.20859,19.38829],[-99.20873,19.38683],[-99.21042,19.38691],[-99.21004,19.38857]]]}},{"id":"88","type":"Feature","properties":{"CVEGEO":"0901000010262"},"geometry":{"type":"Polygon","coordinates":[[[-99.20661,19.38843],[-99.20682,19.38694],[-99.20873,19.38683],[-99.2085,19.38876],[-99.20661,19.38843]]]}},{"id":"89","type":"Feature","properties":{"CVEGEO":"0901000010277"},"geometry":{"type":"Polygon","coordinates":[[[-99.20502,19.38703],[-99.20682,19.38694],[-99.20661,19.38843],[-99.20489,19.38774],[-99.20502,19.38703]]]}},{"id":"90","type":"Feature","properties":{"CVEGEO":"0901000010192"},"geometry":{"type":"Polygon","coordinates":[[[-99.20306,19.38996],[-99.20257,19.38922],[-99.20709,19.38975],[-99.20687,19.39065],[-99.20306,19.38996]]]}},{"id":"91","type":"Feature","properties":{"CVEGEO":"0901000010506"},"geometry":{"type":"Polygon","coordinates":[[[-99.20311,19.37516],[-99.20616,19.3767],[-99.20581,19.37761],[-99.2024,19.37783],[-99.20323,19.37611],[-99.20219,19.37565],[-99.20311,19.37516]]]}},{"id":"92","type":"Feature","properties":{"CVEGEO":"0901000010328"},"geometry":{"type":"Polygon","coordinates":[[[-99.23301,19.38063],[-99.23452,19.38025],[-99.23521,19.37935],[-99.23584,19.37968],[-99.23686,19.37893],[-99.23692,19.37794],[-99.23797,19.37793],[-99.23913,19.38205],[-99.23506,19.38327],[-99.23544,19.3855],[-99.23398,19.3845],[-99.23301,19.38063]]]}},{"id":"93","type":"Feature","properties":{"CVEGEO":"0901000010332"},"geometry":{"type":"Polygon","coordinates":[[[-99.23174,19.38377],[-99.23045,19.38057],[-99.23156,19.37958],[-99.23459,19.37959],[-99.23452,19.38025],[-99.23301,19.38063],[-99.23398,19.3845],[-99.23174,19.38377]]]}},{"id":"94","type":"Feature","properties":{"CVEGEO":"0901000010347"},"geometry":{"type":"Polygon","coordinates":[[[-99.23045,19.38057],[-99.23174,19.38377],[-99.22938,19.38439],[-99.22853,19.38166],[-99.23045,19.38057]]]}},{"id":"95","type":"Feature","properties":{"CVEGEO":"0901000010351"},"geometry":{"type":"Polygon","coordinates":[[[-99.22587,19.38157],[-99.22824,19.38114],[-99.22938,19.38439],[-99.22708,19.38488],[-99.22613,19.38282],[-99.22516,19.3833],[-99.22587,19.38157]]]}},{"id":"96","type":"Feature","properties":{"CVEGEO":"0901000010370"},"geometry":{"type":"Polygon","coordinates":[[[-99.21753,19.38389],[-99.22058,19.38469],[-99.22021,19.38518],[-99.22116,19.38565],[-99.22036,19.38633],[-99.2211,19.38682],[-99.2175,19.38572],[-99.21753,19.38389]]]}},{"id":"97","type":"Feature","properties":{"CVEGEO":"0901000010440"},"geometry":{"type":"Polygon","coordinates":[[[-99.23124,19.37735],[-99.23117,19.3767],[-99.23251,19.3763],[-99.23396,19.37417],[-99.23636,19.37308],[-99.23428,19.3758],[-99.23311,19.37956],[-99.23156,19.37958],[-99.23045,19.38057],[-99.22979,19.3784],[-99.23124,19.37735]]]}},{"id":"98","type":"Feature","properties":{"CVEGEO":"0901000010296"},"geometry":{"type":"Polygon","coordinates":[[[-99.23506,19.38327],[-99.24178,19.38083],[-99.24237,19.38293],[-99.24339,19.38351],[-99.24175,19.38455],[-99.24033,19.38351],[-99.23855,19.38356],[-99.23653,19.38428],[-99.23544,19.3855],[-99.23506,19.38327]]]}},{"id":"99","type":"Feature","properties":{"CVEGEO":"090100001060A"},"geometry":{"type":"Polygon","coordinates":[[[-99.19946,19.37269],[-99.20338,19.37293],[-99.20219,19.37565],[-99.2013,19.37626],[-99.19922,19.37603],[-99.19946,19.37269]]]}},{"id":"100","type":"Feature","properties":{"CVEGEO":"0901000010737"},"geometry":{"type":"Polygon","coordinates":[[[-99.20478,19.3667],[-99.20448,19.3682],[-99.20314,19.36884],[-99.20377,19.36673],[-99.20478,19.3667]]]}},{"id":"101","type":"Feature","properties":{"CVEGEO":"0901000010741"},"geometry":{"type":"Polygon","coordinates":[[[-99.19766,19.37083],[-99.1981,19.36984],[-99.19752,19.3701],[-99.19859,19.36936],[-99.20156,19.36807],[-99.20347,19.36893],[-99.20448,19.3682],[-99.20392,19.37052],[-99.20159,19.37002],[-99.19851,19.37171],[-99.19766,19.37083]]]}},{"id":"102","type":"Feature","properties":{"CVEGEO":"0901000010756"},"geometry":{"type":"Polygon","coordinates":[[[-99.20245,19.36671],[-99.20091,19.36631],[-99.20519,19.36639],[-99.20377,19.36673],[-99.20362,19.36826],[-99.20272,19.36865],[-99.20245,19.36671]]]}},{"id":"103","type":"Feature","properties":{"CVEGEO":"0901000010760"},"geometry":{"type":"Polygon","coordinates":[[[-99.20245,19.36671],[-99.20272,19.36865],[-99.20169,19.36806],[-99.20022,19.36874],[-99.20028,19.36787],[-99.19924,19.36674],[-99.20245,19.36671]]]}},{"id":"104","type":"Feature","properties":{"CVEGEO":"0901000010775"},"geometry":{"type":"Polygon","coordinates":[[[-99.20032,19.36796],[-99.19972,19.36898],[-99.19859,19.36856],[-99.19866,19.3671],[-99.19808,19.36705],[-99.19811,19.36662],[-99.19938,19.36682],[-99.20032,19.36796]]]}},{"id":"105","type":"Feature","properties":{"CVEGEO":"090100001092A"},"geometry":{"type":"Polygon","coordinates":[[[-99.19609,19.36274],[-99.20068,19.36271],[-99.20084,19.36158],[-99.20412,19.36168],[-99.20471,19.36223],[-99.20667,19.36135],[-99.20893,19.36125],[-99.20975,19.36192],[-99.20965,19.36451],[-99.21104,19.36456],[-99.2083,19.36537],[-99.19558,19.36477],[-99.19609,19.36274]]]}},{"id":"106","type":"Feature","properties":{"CVEGEO":"0901000010949"},"geometry":{"type":"Polygon","coordinates":[[[-99.21439,19.35709],[-99.20976,19.35937],[-99.21,19.35576],[-99.21289,19.35522],[-99.21439,19.35709]]]}},{"id":"107","type":"Feature","properties":{"CVEGEO":"0901000010953"},"geometry":{"type":"Polygon","coordinates":[[[-99.20667,19.36135],[-99.20588,19.36192],[-99.20654,19.3596],[-99.20307,19.3597],[-99.20323,19.3564],[-99.20988,19.35732],[-99.20944,19.36132],[-99.20667,19.36135]]]}},{"id":"108","type":"Feature","properties":{"CVEGEO":"0901000010968"},"geometry":{"type":"Polygon","coordinates":[[[-99.20528,19.36216],[-99.20084,19.36158],[-99.20068,19.36271],[-99.19609,19.36274],[-99.19908,19.35621],[-99.2005,19.35582],[-99.20323,19.3564],[-99.20307,19.3597],[-99.20654,19.3596],[-99.20528,19.36216]]]}},{"id":"109","type":"Feature","properties":{"CVEGEO":"0901000010972"},"geometry":{"type":"Polygon","coordinates":[[[-99.19568,19.36405],[-99.19109,19.36349],[-99.19253,19.36011],[-99.19543,19.35769],[-99.19891,19.35604],[-99.19568,19.36405]]]}},{"id":"110","type":"Feature","properties":{"CVEGEO":"0901000012146"},"geometry":{"type":"Polygon","coordinates":[[[-99.19356,19.38075],[-99.19297,19.37839],[-99.19612,19.37933],[-99.19278,19.38272],[-99.19356,19.38075]]]}},{"id":"111","type":"Feature","properties":{"CVEGEO":"0901000010385"},"geometry":{"type":"Polygon","coordinates":[[[-99.21707,19.38299],[-99.21766,19.38372],[-99.21721,19.38567],[-99.21495,19.38569],[-99.2157,19.38419],[-99.21433,19.38284],[-99.21707,19.38299]]]}},{"id":"112","type":"Feature","properties":{"CVEGEO":"0901000011453"},"geometry":{"type":"Polygon","coordinates":[[[-99.21264,19.3834],[-99.21433,19.38284],[-99.21558,19.38384],[-99.21495,19.38569],[-99.21123,19.38567],[-99.21264,19.3834]]]}},{"id":"113","type":"Feature","properties":{"CVEGEO":"0901000011059"},"geometry":{"type":"Polygon","coordinates":[[[-99.18652,19.35043],[-99.19059,19.34878],[-99.18954,19.35888],[-99.18425,19.35745],[-99.18652,19.35043]]]}},{"id":"114","type":"Feature","properties":{"CVEGEO":"0901000010205"},"geometry":{"type":"Polygon","coordinates":[[[-99.20859,19.38829],[-99.21004,19.38857],[-99.20989,19.38925],[-99.20771,19.38986],[-99.20792,19.38866],[-99.20859,19.38829]]]}},{"id":"115","type":"Feature","properties":{"CVEGEO":"0901000011792"},"geometry":{"type":"Polygon","coordinates":[[[-99.20559,19.39017],[-99.20743,19.39067],[-99.20986,19.38989],[-99.21048,19.3916],[-99.20616,19.39303],[-99.20559,19.39017]]]}},{"id":"116","type":"Feature","properties":{"CVEGEO":"0901000012377"},"geometry":{"type":"Polygon","coordinates":[[[-99.20716,19.36998],[-99.20851,19.36997],[-99.20988,19.36893],[-99.21222,19.36933],[-99.21331,19.36854],[-99.21229,19.37071],[-99.20819,19.37169],[-99.20822,19.37066],[-99.20716,19.36998]]]}},{"id":"117","type":"Feature","properties":{"CVEGEO":"0901000012343"},"geometry":{"type":"Polygon","coordinates":[[[-99.23543,19.37403],[-99.23993,19.3702],[-99.24209,19.3693],[-99.24425,19.37081],[-99.24311,19.37282],[-99.2403,19.37488],[-99.23797,19.37793],[-99.23692,19.37794],[-99.23684,19.37895],[-99.23584,19.37968],[-99.23311,19.37956],[-99.23543,19.37403]]]}},{"id":"118","type":"Feature","properties":{"CVEGEO":"0901000012381"},"geometry":{"type":"Polygon","coordinates":[[[-99.27535,19.31364],[-99.27499,19.31626],[-99.27356,19.31816],[-99.27208,19.31739],[-99.27424,19.31372],[-99.27535,19.31364]]]}},{"id":"119","type":"Feature","properties":{"CVEGEO":"0901000011824"},"geometry":{"type":"Polygon","coordinates":[[[-99.22548,19.34632],[-99.22711,19.34557],[-99.22897,19.34751],[-99.22982,19.34705],[-99.23014,19.34837],[-99.22328,19.34967],[-99.22373,19.34581],[-99.22548,19.34632]]]}},{"id":"120","type":"Feature","properties":{"CVEGEO":"0901000010510"},"geometry":{"type":"Polygon","coordinates":[[[-99.19536,19.37458],[-99.1993,19.37499],[-99.19922,19.37603],[-99.2013,19.37626],[-99.19612,19.37933],[-99.19641,19.37672],[-99.19503,19.37659],[-99.19536,19.37458]]]}},{"id":"121","type":"Feature","properties":{"CVEGEO":"0901000011947"},"geometry":{"type":"Polygon","coordinates":[[[-99.22657,19.37174],[-99.22818,19.3714],[-99.22666,19.37358],[-99.22582,19.37347],[-99.22707,19.37611],[-99.22593,19.37707],[-99.22509,19.37916],[-99.22463,19.3785],[-99.22424,19.3793],[-99.22363,19.3785],[-99.22254,19.37542],[-99.22657,19.37174]]]}},{"id":"122","type":"Feature","properties":{"CVEGEO":"0901000012080"},"geometry":{"type":"Polygon","coordinates":[[[-99.24961,19.36201],[-99.24979,19.36228],[-99.25014,19.36317],[-99.24926,19.36443],[-99.24761,19.36464],[-99.24497,19.36614],[-99.24386,19.36534],[-99.24961,19.36201]]]}},{"id":"123","type":"Feature","properties":{"CVEGEO":"0901000012108"},"geometry":{"type":"Polygon","coordinates":[[[-99.20352,19.38099],[-99.20503,19.38298],[-99.20757,19.38403],[-99.21213,19.38375],[-99.21123,19.38567],[-99.20315,19.38597],[-99.20174,19.38288],[-99.20034,19.38225],[-99.20352,19.38099]]]}},{"id":"124","type":"Feature","properties":{"CVEGEO":"0901000012305"},"geometry":{"type":"Polygon","coordinates":[[[-99.25349,19.35573],[-99.2554,19.35577],[-99.25297,19.35723],[-99.25305,19.35903],[-99.25037,19.36056],[-99.24826,19.35872],[-99.24826,19.358],[-99.24789,19.35839],[-99.24753,19.35793],[-99.25349,19.35573]]]}},{"id":"125","type":"Feature","properties":{"CVEGEO":"0901000011152"},"geometry":{"type":"Polygon","coordinates":[[[-99.23281,19.3429],[-99.23534,19.34278],[-99.23842,19.34158],[-99.23933,19.3421],[-99.23983,19.34125],[-99.24265,19.34145],[-99.24349,19.34052],[-99.245,19.34107],[-99.24712,19.34048],[-99.24433,19.34268],[-99.2452,19.34287],[-99.23925,19.34565],[-99.23897,19.34512],[-99.23287,19.34755],[-99.23294,19.34584],[-99.23364,19.3456],[-99.23214,19.34388],[-99.23281,19.3429]]]}},{"id":"126","type":"Feature","properties":{"CVEGEO":"0901000011186"},"geometry":{"type":"Polygon","coordinates":[[[-99.21143,19.33807],[-99.21428,19.33787],[-99.21432,19.33859],[-99.21846,19.33751],[-99.21885,19.33888],[-99.21142,19.34119],[-99.20959,19.34086],[-99.20864,19.34537],[-99.20786,19.34619],[-99.20624,19.34581],[-99.2051,19.34412],[-99.2061,19.3416],[-99.21143,19.33807]]]}},{"id":"127","type":"Feature","properties":{"CVEGEO":"090100001078A"},"geometry":{"type":"Polygon","coordinates":[[[-99.19789,19.36986],[-99.1968,19.36971],[-99.19692,19.36823],[-99.19948,19.36862],[-99.19789,19.36986]]]}},{"id":"128","type":"Feature","properties":{"CVEGEO":"0901000011595"},"geometry":{"type":"Polygon","coordinates":[[[-99.2359,19.37061],[-99.23765,19.36727],[-99.23996,19.36611],[-99.24386,19.36534],[-99.24497,19.36614],[-99.24761,19.36464],[-99.24926,19.36443],[-99.24661,19.36726],[-99.23993,19.3702],[-99.23842,19.37187],[-99.2359,19.37061]]]}},{"id":"129","type":"Feature","properties":{"CVEGEO":"0901000011294"},"geometry":{"type":"Polygon","coordinates":[[[-99.20377,19.30982],[-99.20805,19.31277],[-99.21057,19.31646],[-99.20726,19.32042],[-99.20289,19.32734],[-99.20128,19.328],[-99.20088,19.32973],[-99.20007,19.33038],[-99.19817,19.32764],[-99.20163,19.3198],[-99.20377,19.30982]]]}},{"id":"130","type":"Feature","properties":{"CVEGEO":"0901000010794"},"geometry":{"type":"Polygon","coordinates":[[[-99.19623,19.36822],[-99.19692,19.36823],[-99.1968,19.36971],[-99.19789,19.36986],[-99.19585,19.37037],[-99.19623,19.36822]]]}},{"id":"131","type":"Feature","properties":{"CVEGEO":"0901000011985"},"geometry":{"type":"Polygon","coordinates":[[[-99.21435,19.3768],[-99.21831,19.37532],[-99.21898,19.37703],[-99.21646,19.37706],[-99.21533,19.37882],[-99.21422,19.37894],[-99.21435,19.3768]]]}},{"id":"132","type":"Feature","properties":{"CVEGEO":"0901000011345"},"geometry":{"type":"Polygon","coordinates":[[[-99.26689,19.32947],[-99.26912,19.32862],[-99.26843,19.32804],[-99.26955,19.32664],[-99.27157,19.32593],[-99.27481,19.32795],[-99.27682,19.32731],[-99.27844,19.32523],[-99.27918,19.32548],[-99.27892,19.32701],[-99.2794,19.32715],[-99.27481,19.33282],[-99.26977,19.33209],[-99.26689,19.32947]]]}},{"id":"133","type":"Feature","properties":{"CVEGEO":"0901000011557"},"geometry":{"type":"Polygon","coordinates":[[[-99.22638,19.3778],[-99.22766,19.37716],[-99.22582,19.37347],[-99.22666,19.37358],[-99.22818,19.3714],[-99.2314,19.37206],[-99.22961,19.37571],[-99.23098,19.37634],[-99.2299,19.37685],[-99.23081,19.37768],[-99.22918,19.37857],[-99.2285,19.37789],[-99.22638,19.3778]]]}},{"id":"134","type":"Feature","properties":{"CVEGEO":"0901000011561"},"geometry":{"type":"Polygon","coordinates":[[[-99.23842,19.37187],[-99.23502,19.37411],[-99.23396,19.37417],[-99.23246,19.37635],[-99.23117,19.3767],[-99.23083,19.37761],[-99.23067,19.37703],[-99.2303,19.37729],[-99.2299,19.37685],[-99.23098,19.37634],[-99.23052,19.3757],[-99.23257,19.37564],[-99.23384,19.37352],[-99.23691,19.37154],[-99.23842,19.37187]]]}},{"id":"135","type":"Feature","properties":{"CVEGEO":"0901000010417"},"geometry":{"type":"Polygon","coordinates":[[[-99.19922,19.38364],[-99.19957,19.38244],[-99.20034,19.38225],[-99.20174,19.38288],[-99.20315,19.38597],[-99.19922,19.38642],[-99.19922,19.38364]]]}},{"id":"136","type":"Feature","properties":{"CVEGEO":"0901000010455"},"geometry":{"type":"Polygon","coordinates":[[[-99.23237,19.37091],[-99.23444,19.37091],[-99.23478,19.37266],[-99.23257,19.37564],[-99.23078,19.37553],[-99.22986,19.37613],[-99.23002,19.37432],[-99.2314,19.37206],[-99.2308,19.37168],[-99.23237,19.37091]]]}},{"id":"137","type":"Feature","properties":{"CVEGEO":"090100001014A"},"geometry":{"type":"Polygon","coordinates":[[[-99.20986,19.38989],[-99.21376,19.38819],[-99.215,19.39148],[-99.211,19.393],[-99.20986,19.38989]]]}},{"id":"138","type":"Feature","properties":{"CVEGEO":"0901000010703"},"geometry":{"type":"Polygon","coordinates":[[[-99.20902,19.36646],[-99.21355,19.36659],[-99.2125,19.36751],[-99.2102,19.36765],[-99.2089,19.36851],[-99.20902,19.36646]]]}},{"id":"139","type":"Feature","properties":{"CVEGEO":"0901000010864"},"geometry":{"type":"Polygon","coordinates":[[[-99.25012,19.36327],[-99.24979,19.36228],[-99.24898,19.36253],[-99.24722,19.36002],[-99.24654,19.36087],[-99.24645,19.35966],[-99.24514,19.35968],[-99.24486,19.35913],[-99.24692,19.35727],[-99.24789,19.35839],[-99.24826,19.358],[-99.24826,19.35872],[-99.25096,19.36129],[-99.25238,19.36026],[-99.25246,19.36364],[-99.2514,19.36343],[-99.25072,19.36461],[-99.24861,19.36516],[-99.25012,19.36327]]]}},{"id":"140","type":"Feature","properties":{"CVEGEO":"0901000010900"},"geometry":{"type":"Polygon","coordinates":[[[-99.2318,19.35777],[-99.22953,19.3591],[-99.22625,19.35688],[-99.23032,19.35543],[-99.2318,19.35777]]]}},{"id":"141","type":"Feature","properties":{"CVEGEO":"0901000011025"},"geometry":{"type":"Polygon","coordinates":[[[-99.21185,19.35414],[-99.20834,19.35392],[-99.20515,19.35501],[-99.20274,19.35469],[-99.20616,19.34944],[-99.2102,19.34683],[-99.21058,19.34592],[-99.21265,19.34616],[-99.2147,19.34729],[-99.216,19.34953],[-99.21659,19.34909],[-99.21866,19.34916],[-99.21793,19.34936],[-99.21882,19.34971],[-99.21829,19.35125],[-99.21629,19.35242],[-99.2159,19.3547],[-99.21439,19.35709],[-99.21185,19.35414]]]}},{"id":"142","type":"Feature","properties":{"CVEGEO":"0901000011773"},"geometry":{"type":"Polygon","coordinates":[[[-99.19433,19.38986],[-99.20198,19.39058],[-99.1954,19.3945],[-99.19642,19.39606],[-99.19397,19.39749],[-99.19311,19.39525],[-99.19433,19.38986]]]}},{"id":"143","type":"Feature","properties":{"CVEGEO":"0901000011805"},"geometry":{"type":"Polygon","coordinates":[[[-99.19963,19.39413],[-99.19844,19.39259],[-99.20333,19.38982],[-99.20559,19.39017],[-99.2062,19.39333],[-99.20577,19.39375],[-99.20483,19.39423],[-99.20357,19.3919],[-99.19963,19.39413]]]}},{"id":"144","type":"Feature","properties":{"CVEGEO":"0901000010099"},"geometry":{"type":"Polygon","coordinates":[[[-99.20598,19.3958],[-99.20315,19.39532],[-99.20712,19.3931],[-99.20867,19.39583],[-99.21297,19.39492],[-99.21302,19.39647],[-99.21206,19.39755],[-99.20598,19.3958]]]}},{"id":"145","type":"Feature","properties":{"CVEGEO":"0901000011218"},"geometry":{"type":"Polygon","coordinates":[[[-99.21198,19.33628],[-99.21486,19.33639],[-99.2175,19.33465],[-99.21778,19.33569],[-99.21999,19.3347],[-99.22057,19.33728],[-99.21937,19.33766],[-99.21964,19.33862],[-99.21885,19.33888],[-99.21846,19.33751],[-99.21432,19.33859],[-99.21428,19.33787],[-99.21231,19.33788],[-99.20804,19.33986],[-99.20755,19.33925],[-99.21198,19.33628]]]}},{"id":"146","type":"Feature","properties":{"CVEGEO":"0901000011858"},"geometry":{"type":"Polygon","coordinates":[[[-99.22514,19.33718],[-99.22602,19.33662],[-99.22057,19.33728],[-99.21999,19.3347],[-99.21778,19.33569],[-99.2175,19.33465],[-99.2224,19.33354],[-99.22627,19.33156],[-99.23119,19.33144],[-99.23281,19.33193],[-99.23296,19.33271],[-99.23394,19.33264],[-99.23429,19.33379],[-99.23378,19.33441],[-99.23652,19.33558],[-99.23702,19.3374],[-99.23976,19.33754],[-99.24117,19.33878],[-99.23236,19.34146],[-99.22646,19.34235],[-99.22542,19.34244],[-99.22514,19.33718]]]}},{"id":"147","type":"Feature","properties":{"CVEGEO":"0901000011699"},"geometry":{"type":"Polygon","coordinates":[[[-99.2312,19.32984],[-99.23349,19.32723],[-99.23689,19.32489],[-99.24026,19.3244],[-99.24277,19.328],[-99.24423,19.32856],[-99.24425,19.33015],[-99.24532,19.33062],[-99.24512,19.33128],[-99.24737,19.33108],[-99.24996,19.32987],[-99.25049,19.33116],[-99.24977,19.33241],[-99.25004,19.33325],[-99.24904,19.33447],[-99.24269,19.33698],[-99.24149,19.33688],[-99.24059,19.33843],[-99.23976,19.33754],[-99.23702,19.3374],[-99.23652,19.33558],[-99.23378,19.33441],[-99.23429,19.33379],[-99.23394,19.33264],[-99.23279,19.33262],[-99.23281,19.33193],[-99.23018,19.33127],[-99.22716,19.3316],[-99.2312,19.32984]]]}},{"id":"148","type":"Feature","properties":{"CVEGEO":"0901000011913"},"geometry":{"type":"Polygon","coordinates":[[[-99.21991,19.38461],[-99.2249,19.3828],[-99.22516,19.3833],[-99.22613,19.38282],[-99.22758,19.38492],[-99.22248,19.38688],[-99.22499,19.3841],[-99.22306,19.38478],[-99.22132,19.38458],[-99.22193,19.38514],[-99.22116,19.38565],[-99.21991,19.38461]]]}},{"id":"149","type":"Feature","properties":{"CVEGEO":"0901000010544"},"geometry":{"type":"Polygon","coordinates":[[[-99.2275,19.37041],[-99.23163,19.36851],[-99.23095,19.368],[-99.23155,19.36683],[-99.23292,19.36677],[-99.23271,19.3709],[-99.22954,19.37203],[-99.2275,19.37041]]]}},{"id":"150","type":"Feature","properties":{"CVEGEO":"0901000010648"},"geometry":{"type":"Polygon","coordinates":[[[-99.19239,19.37014],[-99.19511,19.37048],[-99.19421,19.37183],[-99.19192,19.37263],[-99.19174,19.37068],[-99.19239,19.37014]]]}},{"id":"151","type":"Feature","properties":{"CVEGEO":"0901000010633"},"geometry":{"type":"Polygon","coordinates":[[[-99.19531,19.37006],[-99.19697,19.37038],[-99.1981,19.36984],[-99.19766,19.37083],[-99.19819,19.37073],[-99.19851,19.37171],[-99.19545,19.37253],[-99.19395,19.37199],[-99.19531,19.37006]]]}},{"id":"152","type":"Feature","properties":{"CVEGEO":"0901000011627"},"geometry":{"type":"Polygon","coordinates":[[[-99.23273,19.36147],[-99.23507,19.36007],[-99.23414,19.35807],[-99.23788,19.35584],[-99.23922,19.35605],[-99.2399,19.35714],[-99.23714,19.35974],[-99.23759,19.36124],[-99.23865,19.36154],[-99.2385,19.36213],[-99.2401,19.36222],[-99.23986,19.36279],[-99.23353,19.36277],[-99.23273,19.36147]]]}},{"id":"153","type":"Feature","properties":{"CVEGEO":"0901000010135"},"geometry":{"type":"Polygon","coordinates":[[[-99.18837,19.39344],[-99.19084,19.38502],[-99.19957,19.38244],[-99.19922,19.38642],[-99.19691,19.38686],[-99.19316,19.38974],[-99.19433,19.38986],[-99.19311,19.39525],[-99.18906,19.39559],[-99.18837,19.39344]]]}},{"id":"154","type":"Feature","properties":{"CVEGEO":"0901000010686"},"geometry":{"type":"Polygon","coordinates":[[[-99.22359,19.36684],[-99.22874,19.36514],[-99.23059,19.36539],[-99.23292,19.36677],[-99.22459,19.3691],[-99.22275,19.36847],[-99.22359,19.36684]]]}},{"id":"155","type":"Feature","properties":{"CVEGEO":"0901000010559"},"geometry":{"type":"Polygon","coordinates":[[[-99.22213,19.36879],[-99.21761,19.37],[-99.21739,19.3692],[-99.22305,19.36755],[-99.22275,19.36847],[-99.22459,19.3691],[-99.23155,19.36683],[-99.23095,19.368],[-99.22703,19.36868],[-99.2234,19.37108],[-99.22319,19.37027],[-99.22262,19.37042],[-99.22213,19.36879]]]}},{"id":"156","type":"Feature","properties":{"CVEGEO":"0901000010667"},"geometry":{"type":"Polygon","coordinates":[[[-99.23342,19.36553],[-99.23389,19.3646],[-99.23353,19.36277],[-99.23418,19.36263],[-99.23962,19.36283],[-99.23957,19.36448],[-99.24054,19.36482],[-99.24075,19.36413],[-99.2416,19.36409],[-99.24281,19.36585],[-99.23996,19.36611],[-99.23712,19.3675],[-99.23411,19.36701],[-99.23342,19.36553]]]}},{"id":"157","type":"Feature","properties":{"CVEGEO":"0901000010671"},"geometry":{"type":"Polygon","coordinates":[[[-99.22317,19.36639],[-99.22483,19.36505],[-99.22996,19.36341],[-99.232,19.36348],[-99.23387,19.36449],[-99.23343,19.36563],[-99.23411,19.36701],[-99.22874,19.36514],[-99.21739,19.3692],[-99.2171,19.3681],[-99.22317,19.36639]]]}},{"id":"158","type":"Feature","properties":{"CVEGEO":"0901000011260"},"geometry":{"type":"Polygon","coordinates":[[[-99.19992,19.33323],[-99.20007,19.33038],[-99.20088,19.32973],[-99.20128,19.328],[-99.20289,19.32734],[-99.20726,19.32042],[-99.21001,19.3177],[-99.21202,19.32007],[-99.21388,19.32111],[-99.21435,19.32532],[-99.21247,19.32723],[-99.2105,19.33104],[-99.20729,19.33242],[-99.19992,19.33323]]]}},{"id":"159","type":"Feature","properties":{"CVEGEO":"0901000011237"},"geometry":{"type":"Polygon","coordinates":[[[-99.2008,19.33326],[-99.20729,19.33242],[-99.2105,19.33104],[-99.20821,19.33485],[-99.20409,19.33851],[-99.20342,19.33765],[-99.20221,19.33891],[-99.19974,19.33961],[-99.19978,19.33784],[-99.20166,19.33689],[-99.2008,19.33326]]]}},{"id":"160","type":"Feature","properties":{"CVEGEO":"0901000011241"},"geometry":{"type":"Polygon","coordinates":[[[-99.19124,19.33688],[-99.19806,19.33548],[-99.19992,19.33323],[-99.2008,19.33326],[-99.20166,19.33689],[-99.19978,19.33784],[-99.19974,19.33961],[-99.19894,19.33941],[-99.19662,19.34102],[-99.19337,19.34105],[-99.19332,19.34161],[-99.19193,19.3417],[-99.19243,19.33856],[-99.19032,19.33868],[-99.19124,19.33688]]]}},{"id":"161","type":"Feature","properties":{"CVEGEO":"0901000011580"},"geometry":{"type":"Polygon","coordinates":[[[-99.21831,19.37532],[-99.22269,19.37278],[-99.22204,19.37057],[-99.22319,19.37027],[-99.2234,19.37108],[-99.22703,19.36868],[-99.23142,19.36794],[-99.23163,19.36851],[-99.2275,19.37041],[-99.22752,19.37119],[-99.2216,19.37623],[-99.21898,19.37703],[-99.21831,19.37532]]]}},{"id":"162","type":"Feature","properties":{"CVEGEO":"0901000011843"},"geometry":{"type":"Polygon","coordinates":[[[-99.22223,19.34466],[-99.2232,19.34484],[-99.22391,19.34274],[-99.23236,19.34146],[-99.24117,19.33878],[-99.24659,19.33832],[-99.24914,19.33899],[-99.253,19.33714],[-99.25244,19.33902],[-99.24758,19.34131],[-99.24686,19.3404],[-99.245,19.34107],[-99.24349,19.34052],[-99.24265,19.34145],[-99.23983,19.34125],[-99.23933,19.3421],[-99.23842,19.34158],[-99.23534,19.34278],[-99.23281,19.3429],[-99.23154,19.34464],[-99.22649,19.34554],[-99.22572,19.34629],[-99.22223,19.34466]]]}},{"id":"163","type":"Feature","properties":{"CVEGEO":"0901000011171"},"geometry":{"type":"Polygon","coordinates":[[[-99.21093,19.34609],[-99.20965,19.34496],[-99.20864,19.34537],[-99.20959,19.34086],[-99.21169,19.34112],[-99.21964,19.33862],[-99.21937,19.33766],[-99.22057,19.33728],[-99.22602,19.33662],[-99.22514,19.33718],[-99.22542,19.34244],[-99.22391,19.34274],[-99.2232,19.34484],[-99.22223,19.34466],[-99.22259,19.34542],[-99.22175,19.34659],[-99.2147,19.34729],[-99.21265,19.34616],[-99.21093,19.34609]]]}},{"id":"164","type":"Feature","properties":{"CVEGEO":"0901000012254"},"geometry":{"type":"Polygon","coordinates":[[[-99.22417,19.36408],[-99.22063,19.36466],[-99.22334,19.36365],[-99.22408,19.36235],[-99.22919,19.35983],[-99.22918,19.36184],[-99.23076,19.36213],[-99.23176,19.36318],[-99.22472,19.36475],[-99.22417,19.36408]]]}},{"id":"165","type":"Feature","properties":{"CVEGEO":"090100001224A"},"geometry":{"type":"Polygon","coordinates":[[[-99.23076,19.36213],[-99.22918,19.36184],[-99.22919,19.35983],[-99.23036,19.36004],[-99.23414,19.35807],[-99.23505,19.36019],[-99.23262,19.3618],[-99.23353,19.36277],[-99.23356,19.36434],[-99.23164,19.36338],[-99.23076,19.36213]]]}},{"id":"166","type":"Feature","properties":{"CVEGEO":"0901000012288"},"geometry":{"type":"Polygon","coordinates":[[[-99.21821,19.35864],[-99.22126,19.35769],[-99.22064,19.35717],[-99.22452,19.35644],[-99.2269,19.35494],[-99.22668,19.35405],[-99.22309,19.35489],[-99.22251,19.35306],[-99.2258,19.35174],[-99.23006,19.35157],[-99.23282,19.35075],[-99.23347,19.35306],[-99.23032,19.35543],[-99.22625,19.35688],[-99.22977,19.35938],[-99.22488,19.36203],[-99.22237,19.36122],[-99.22228,19.36033],[-99.22382,19.35964],[-99.22376,19.359],[-99.21821,19.35864]]]}},{"id":"167","type":"Feature","properties":{"CVEGEO":"0901000010898"},"geometry":{"type":"Polygon","coordinates":[[[-99.22953,19.3591],[-99.2318,19.35777],[-99.23172,19.35678],[-99.2325,19.35617],[-99.23405,19.3566],[-99.23519,19.35578],[-99.23607,19.35694],[-99.23036,19.36004],[-99.22951,19.35989],[-99.22953,19.3591]]]}},{"id":"168","type":"Feature","properties":{"CVEGEO":"0901000012339"},"geometry":{"type":"Polygon","coordinates":[[[-99.23884,19.37844],[-99.23792,19.37767],[-99.24311,19.37282],[-99.24489,19.36956],[-99.24942,19.36708],[-99.25125,19.36718],[-99.25038,19.36633],[-99.2523,19.3651],[-99.25344,19.36613],[-99.24719,19.37302],[-99.24993,19.37171],[-99.24929,19.37356],[-99.24145,19.37875],[-99.23884,19.37844]]]}},{"id":"169","type":"Feature","properties":{"CVEGEO":"0901000010313"},"geometry":{"type":"Polygon","coordinates":[[[-99.2391,19.37847],[-99.24068,19.37808],[-99.24124,19.37885],[-99.24273,19.37762],[-99.24328,19.38026],[-99.23913,19.38205],[-99.23797,19.37793],[-99.2391,19.37847]]]}},{"id":"170","type":"Feature","properties":{"CVEGEO":"0901000012023"},"geometry":{"type":"Polygon","coordinates":[[[-99.24005,19.36039],[-99.24206,19.35906],[-99.24273,19.36189],[-99.24209,19.36205],[-99.24244,19.36305],[-99.24196,19.36326],[-99.2429,19.36433],[-99.24178,19.36375],[-99.24054,19.36482],[-99.23957,19.36448],[-99.24005,19.36039]]]}},{"id":"171","type":"Feature","properties":{"CVEGEO":"0901000012324"},"geometry":{"type":"Polygon","coordinates":[[[-99.25238,19.36026],[-99.25096,19.36129],[-99.25037,19.36056],[-99.25299,19.35889],[-99.25625,19.35832],[-99.25764,19.35716],[-99.26025,19.35649],[-99.26031,19.35698],[-99.25653,19.35859],[-99.25576,19.361],[-99.2536,19.36394],[-99.25254,19.36327],[-99.25238,19.36026]]]}},{"id":"172","type":"Feature","properties":{"CVEGEO":"090100001231A"},"geometry":{"type":"Polygon","coordinates":[[[-99.25802,19.3552],[-99.2596,19.35562],[-99.25843,19.35591],[-99.25873,19.35684],[-99.25625,19.35832],[-99.25299,19.35889],[-99.25297,19.35723],[-99.2554,19.35577],[-99.25802,19.3552]]]}},{"id":"173","type":"Feature","properties":{"CVEGEO":"0901000012095"},"geometry":{"type":"Polygon","coordinates":[[[-99.24178,19.36375],[-99.2429,19.36433],[-99.242,19.36344],[-99.24209,19.36205],[-99.24343,19.36089],[-99.24596,19.36261],[-99.24565,19.36177],[-99.24722,19.36002],[-99.24898,19.36253],[-99.24281,19.36585],[-99.2416,19.36409],[-99.24075,19.36413],[-99.24178,19.36375]]]}},{"id":"174","type":"Feature","properties":{"CVEGEO":"0901000012220"},"geometry":{"type":"Polygon","coordinates":[[[-99.24343,19.36089],[-99.24273,19.36189],[-99.24236,19.36054],[-99.24594,19.35559],[-99.24705,19.35699],[-99.24486,19.35913],[-99.24514,19.35968],[-99.24645,19.35966],[-99.24654,19.36087],[-99.24562,19.36193],[-99.24596,19.36261],[-99.24343,19.36089]]]}},{"id":"175","type":"Feature","properties":{"CVEGEO":"090100001199A"},"geometry":{"type":"Polygon","coordinates":[[[-99.21237,19.37752],[-99.21256,19.37804],[-99.21435,19.3768],[-99.2146,19.37717],[-99.21422,19.37894],[-99.20936,19.38058],[-99.20911,19.37975],[-99.21237,19.37752]]]}},{"id":"176","type":"Feature","properties":{"CVEGEO":"0901000010474"},"geometry":{"type":"Polygon","coordinates":[[[-99.20383,19.37771],[-99.20973,19.37631],[-99.21033,19.37739],[-99.211,19.37695],[-99.2114,19.37815],[-99.20917,19.37977],[-99.2086,19.37897],[-99.20351,19.38051],[-99.20383,19.37771]]]}},{"id":"177","type":"Feature","properties":{"CVEGEO":"0901000012112"},"geometry":{"type":"Polygon","coordinates":[[[-99.20359,19.38043],[-99.2086,19.37897],[-99.20936,19.38058],[-99.21013,19.38032],[-99.21001,19.38147],[-99.21171,19.38284],[-99.2117,19.38361],[-99.20757,19.38403],[-99.20503,19.38298],[-99.20336,19.38099],[-99.20359,19.38043]]]}},{"id":"178","type":"Feature","properties":{"CVEGEO":"0901000012235"},"geometry":{"type":"Polygon","coordinates":[[[-99.24253,19.35873],[-99.2417,19.35843],[-99.24097,19.35662],[-99.24183,19.35567],[-99.24342,19.35581],[-99.24241,19.3569],[-99.24474,19.356],[-99.24467,19.3553],[-99.24606,19.35539],[-99.24247,19.36045],[-99.24206,19.35906],[-99.24253,19.35873]]]}},{"id":"179","type":"Feature","properties":{"CVEGEO":"0901000011434"},"geometry":{"type":"Polygon","coordinates":[[[-99.20983,19.39401],[-99.21147,19.39265],[-99.21568,19.39129],[-99.21593,19.39273],[-99.21284,19.39614],[-99.21271,19.39481],[-99.21136,19.39553],[-99.20955,19.39537],[-99.20983,19.39401]]]}},{"id":"180","type":"Feature","properties":{"CVEGEO":"0901000010169"},"geometry":{"type":"Polygon","coordinates":[[[-99.21376,19.38819],[-99.21887,19.38667],[-99.21685,19.38802],[-99.21568,19.39129],[-99.215,19.39148],[-99.21376,19.38819]]]}},{"id":"181","type":"Feature","properties":{"CVEGEO":"0901000012076"},"geometry":{"type":"Polygon","coordinates":[[[-99.21593,19.39273],[-99.21992,19.39356],[-99.21919,19.39431],[-99.22251,19.39424],[-99.22244,19.3962],[-99.21257,19.39981],[-99.21206,19.39755],[-99.21593,19.39273]]]}},{"id":"182","type":"Feature","properties":{"CVEGEO":"0901000012061"},"geometry":{"type":"Polygon","coordinates":[[[-99.22251,19.39424],[-99.21919,19.39431],[-99.21992,19.39356],[-99.21593,19.39273],[-99.21563,19.39023],[-99.21685,19.38802],[-99.21887,19.38667],[-99.22161,19.3872],[-99.23174,19.38377],[-99.23456,19.38456],[-99.23569,19.38561],[-99.23653,19.38428],[-99.23894,19.38349],[-99.24228,19.38451],[-99.24237,19.38568],[-99.24105,19.38597],[-99.23902,19.39073],[-99.23901,19.39247],[-99.23803,19.3934],[-99.22735,19.3958],[-99.22244,19.3962],[-99.22251,19.39424]]]}},{"id":"183","type":"Feature","properties":{"CVEGEO":"0901000010309"},"geometry":{"type":"Polygon","coordinates":[[[-99.24846,19.37817],[-99.24896,19.37848],[-99.24887,19.38048],[-99.24972,19.38054],[-99.24867,19.38221],[-99.24672,19.38143],[-99.24339,19.38351],[-99.24237,19.38293],[-99.24178,19.38083],[-99.24846,19.37817]]]}},{"id":"184","type":"Feature","properties":{"CVEGEO":"0901000011472"},"geometry":{"type":"Polygon","coordinates":[[[-99.24898,19.37388],[-99.25002,19.37175],[-99.25079,19.37275],[-99.24968,19.3751],[-99.25231,19.37326],[-99.25272,19.37515],[-99.25405,19.37645],[-99.25137,19.37762],[-99.25214,19.3793],[-99.24949,19.38025],[-99.24892,19.38025],[-99.24846,19.37817],[-99.24328,19.38026],[-99.24273,19.37762],[-99.24898,19.37388]]]}},{"id":"185","type":"Feature","properties":{"CVEGEO":"0901000011379"},"geometry":{"type":"Polygon","coordinates":[[[-99.24393,19.38605],[-99.24418,19.38496],[-99.24867,19.38221],[-99.24972,19.38054],[-99.24892,19.38025],[-99.25214,19.3793],[-99.25137,19.37762],[-99.25739,19.37464],[-99.26433,19.367],[-99.26661,19.3658],[-99.26666,19.36807],[-99.26507,19.37175],[-99.26607,19.37163],[-99.2672,19.36935],[-99.26843,19.36871],[-99.26911,19.36906],[-99.26827,19.37042],[-99.26838,19.37181],[-99.26978,19.37144],[-99.26992,19.3732],[-99.26758,19.37337],[-99.26649,19.37441],[-99.26135,19.37584],[-99.24624,19.38709],[-99.24475,19.38734],[-99.24393,19.38605]]]}},{"id":"186","type":"Feature","properties":{"CVEGEO":"0901000010811"},"geometry":{"type":"Polygon","coordinates":[[[-99.1963,19.36659],[-99.19602,19.37021],[-99.19202,19.37042],[-99.19322,19.36638],[-99.1963,19.36659]]]}},{"id":"187","type":"Feature","properties":{"CVEGEO":"0901000011788"},"geometry":{"type":"Polygon","coordinates":[[[-99.19316,19.38974],[-99.19691,19.38686],[-99.19922,19.38642],[-99.20207,19.39052],[-99.19316,19.38974]]]}},{"id":"188","type":"Feature","properties":{"CVEGEO":"0901000011839"},"geometry":{"type":"Polygon","coordinates":[[[-99.216,19.34953],[-99.2147,19.34729],[-99.22141,19.34675],[-99.22259,19.34542],[-99.22373,19.34581],[-99.22328,19.34967],[-99.21974,19.35077],[-99.21866,19.34916],[-99.216,19.34953]]]}},{"id":"189","type":"Feature","properties":{"CVEGEO":"0901000012165"},"geometry":{"type":"Polygon","coordinates":[[[-99.21183,19.37545],[-99.21152,19.37446],[-99.20739,19.37282],[-99.21009,19.37273],[-99.21313,19.37134],[-99.21469,19.37471],[-99.21418,19.37508],[-99.21396,19.37437],[-99.21183,19.37545]]]}},{"id":"190","type":"Feature","properties":{"CVEGEO":"0901000010489"},"geometry":{"type":"Polygon","coordinates":[[[-99.21396,19.37437],[-99.21418,19.37508],[-99.21469,19.37471],[-99.2151,19.37637],[-99.21278,19.37797],[-99.21237,19.37752],[-99.2114,19.37815],[-99.211,19.37695],[-99.21033,19.37739],[-99.20973,19.37631],[-99.21396,19.37437]]]}},{"id":"191","type":"Feature","properties":{"CVEGEO":"090100001174A"},"geometry":{"type":"Polygon","coordinates":[[[-99.26794,19.31414],[-99.26953,19.31356],[-99.27002,19.31481],[-99.27028,19.31316],[-99.27111,19.31296],[-99.27198,19.31341],[-99.27217,19.31581],[-99.27375,19.31502],[-99.27092,19.31885],[-99.26744,19.3198],[-99.26436,19.32186],[-99.26457,19.31987],[-99.26794,19.31414]]]}},{"id":"192","type":"Feature","properties":{"CVEGEO":"0901000011754"},"geometry":{"type":"Polygon","coordinates":[[[-99.27198,19.31341],[-99.27111,19.31296],[-99.27028,19.31316],[-99.2697,19.31473],[-99.26953,19.31356],[-99.27054,19.31194],[-99.27006,19.31152],[-99.27134,19.30826],[-99.27001,19.30577],[-99.26843,19.30512],[-99.27234,19.30236],[-99.27445,19.30442],[-99.274,19.30887],[-99.27451,19.31099],[-99.27401,19.31464],[-99.27217,19.31581],[-99.27198,19.31341]]]}},{"id":"193","type":"Feature","properties":{"CVEGEO":"090100001135A"},"geometry":{"type":"Polygon","coordinates":[[[-99.28565,19.3299],[-99.2846,19.32871],[-99.28291,19.32842],[-99.28064,19.32891],[-99.28073,19.32692],[-99.28282,19.32546],[-99.28652,19.32481],[-99.28856,19.32278],[-99.29151,19.32294],[-99.29175,19.32466],[-99.29078,19.32679],[-99.29132,19.32899],[-99.28807,19.33346],[-99.28766,19.33306],[-99.28832,19.33067],[-99.2867,19.32977],[-99.28565,19.3299]]]}},{"id":"194","type":"Feature","properties":{"CVEGEO":"0901000011720"},"geometry":{"type":"Polygon","coordinates":[[[-99.27632,19.32553],[-99.2794,19.3245],[-99.28262,19.32126],[-99.28321,19.31958],[-99.28205,19.31825],[-99.28317,19.31785],[-99.28351,19.31367],[-99.28421,19.31324],[-99.28519,19.31418],[-99.28595,19.313],[-99.28569,19.31212],[-99.2875,19.31357],[-99.29084,19.31188],[-99.29099,19.31582],[-99.29396,19.31538],[-99.29567,19.31694],[-99.29764,19.31618],[-99.29871,19.31667],[-99.29881,19.32047],[-99.29816,19.31919],[-99.29643,19.31823],[-99.29646,19.31723],[-99.29547,19.31756],[-99.29474,19.31691],[-99.29332,19.32034],[-99.29048,19.32157],[-99.29151,19.32294],[-99.28856,19.32278],[-99.28652,19.32481],[-99.28185,19.32526],[-99.28027,19.3259],[-99.2794,19.32715],[-99.27889,19.32522],[-99.27564,19.32771],[-99.27632,19.32553]]]}},{"id":"195","type":"Feature","properties":{"CVEGEO":"0901000011468"},"geometry":{"type":"Polygon","coordinates":[[[-99.22356,19.38234],[-99.22525,19.38049],[-99.22617,19.38079],[-99.2265,19.38149],[-99.22497,19.38281],[-99.2221,19.38393],[-99.22114,19.38338],[-99.22356,19.38234]]]}},{"id":"196","type":"Feature","properties":{"CVEGEO":"0901000011932"},"geometry":{"type":"Polygon","coordinates":[[[-99.22463,19.3785],[-99.22509,19.37916],[-99.22593,19.37707],[-99.22707,19.37611],[-99.22759,19.37757],[-99.22638,19.3778],[-99.22586,19.37988],[-99.22356,19.38234],[-99.22114,19.38338],[-99.22385,19.38091],[-99.22463,19.3785]]]}},{"id":"197","type":"Feature","properties":{"CVEGEO":"0901000011487"},"geometry":{"type":"Polygon","coordinates":[[[-99.2265,19.38149],[-99.22525,19.38049],[-99.22644,19.37836],[-99.2285,19.37789],[-99.22872,19.37856],[-99.22979,19.3784],[-99.23045,19.38057],[-99.22853,19.38166],[-99.22824,19.38114],[-99.2265,19.38149]]]}},{"id":"198","type":"Feature","properties":{"CVEGEO":"0901000011735"},"geometry":{"type":"Polygon","coordinates":[[[-99.26426,19.3242],[-99.26345,19.32389],[-99.26473,19.3215],[-99.26744,19.3198],[-99.27092,19.31885],[-99.27208,19.31739],[-99.27426,19.31849],[-99.27289,19.3188],[-99.27163,19.3235],[-99.2731,19.3241],[-99.2733,19.32531],[-99.27261,19.32577],[-99.27388,19.32692],[-99.27494,19.32712],[-99.27613,19.32617],[-99.27564,19.32771],[-99.27381,19.32768],[-99.27142,19.32592],[-99.26769,19.32809],[-99.26401,19.32603],[-99.26426,19.3242]]]}},{"id":"199","type":"Feature","properties":{"CVEGEO":"0901200010604"},"geometry":{"type":"Polygon","coordinates":[[[-99.23584,19.28372],[-99.24116,19.28321],[-99.24144,19.28386],[-99.24202,19.28327],[-99.24297,19.28414],[-99.24127,19.28665],[-99.24004,19.28636],[-99.2402,19.28778],[-99.23624,19.28809],[-99.23584,19.28372]]]}},{"id":"200","type":"Feature","properties":{"CVEGEO":"0901200011072"},"geometry":{"type":"Polygon","coordinates":[[[-99.17222,19.2798],[-99.17222,19.27885],[-99.17437,19.27871],[-99.17409,19.27772],[-99.17326,19.27789],[-99.17424,19.2757],[-99.17674,19.27462],[-99.17812,19.27503],[-99.17909,19.27096],[-99.18215,19.27154],[-99.18118,19.27855],[-99.1848,19.27951],[-99.18268,19.28265],[-99.17869,19.28013],[-99.17834,19.28058],[-99.17661,19.28008],[-99.17665,19.28109],[-99.17514,19.28299],[-99.1712,19.28084],[-99.17222,19.2798]]]}},{"id":"201","type":"Feature","properties":{"CVEGEO":"0901200011424"},"geometry":{"type":"Polygon","coordinates":[[[-99.18291,19.26887],[-99.18996,19.26956],[-99.19317,19.26924],[-99.19319,19.27031],[-99.19184,19.27038],[-99.19055,19.27256],[-99.18933,19.27214],[-99.18988,19.27033],[-99.18908,19.27149],[-99.18751,19.27133],[-99.18761,19.27034],[-99.18642,19.27041],[-99.18272,19.27152],[-99.18278,19.27353],[-99.18174,19.27326],[-99.18291,19.26887]]]}},{"id":"202","type":"Feature","properties":{"CVEGEO":"0901200010498"},"geometry":{"type":"Polygon","coordinates":[[[-99.1103,19.29431],[-99.11036,19.29134],[-99.11491,19.2894],[-99.11759,19.294],[-99.11455,19.29505],[-99.1103,19.29431]]]}},{"id":"203","type":"Feature","properties":{"CVEGEO":"0901200010125"},"geometry":{"type":"Polygon","coordinates":[[[-99.1759,19.29865],[-99.17482,19.29808],[-99.17511,19.29756],[-99.17804,19.29942],[-99.17791,19.30079],[-99.17934,19.3012],[-99.17929,19.30344],[-99.17589,19.30315],[-99.1759,19.29865]]]}},{"id":"204","type":"Feature","properties":{"CVEGEO":"0901200010445"},"geometry":{"type":"Polygon","coordinates":[[[-99.14462,19.30038],[-99.14725,19.29337],[-99.15053,19.29424],[-99.15051,19.29778],[-99.15155,19.29806],[-99.14741,19.30129],[-99.14462,19.30038]]]}},{"id":"205","type":"Feature","properties":{"CVEGEO":"0901200010074"},"geometry":{"type":"Polygon","coordinates":[[[-99.18657,19.30157],[-99.18989,19.30008],[-99.18983,19.29752],[-99.1907,19.29752],[-99.19072,19.2965],[-99.19376,19.29596],[-99.1963,19.29787],[-99.19651,19.29935],[-99.19778,19.29995],[-99.19541,19.30008],[-99.19525,19.3007],[-99.19883,19.30142],[-99.19811,19.303],[-99.19447,19.30201],[-99.18598,19.30287],[-99.18577,19.30099],[-99.18657,19.30157]]]}},{"id":"206","type":"Feature","properties":{"CVEGEO":"0901200010159"},"geometry":{"type":"Polygon","coordinates":[[[-99.17095,19.30247],[-99.17095,19.29851],[-99.16983,19.29848],[-99.17381,19.29788],[-99.17342,19.30281],[-99.17095,19.30247]]]}},{"id":"207","type":"Feature","properties":{"CVEGEO":"090120001045A"},"geometry":{"type":"Polygon","coordinates":[[[-99.1394,19.2916],[-99.14028,19.29265],[-99.14055,19.29548],[-99.14308,19.29565],[-99.14505,19.2948],[-99.14647,19.29513],[-99.14462,19.30038],[-99.13847,19.29802],[-99.1394,19.2916]]]}},{"id":"208","type":"Feature","properties":{"CVEGEO":"0901200010411"},"geometry":{"type":"Polygon","coordinates":[[[-99.15541,19.29519],[-99.16201,19.29034],[-99.16262,19.29056],[-99.16138,19.29499],[-99.16006,19.29569],[-99.16052,19.29648],[-99.15794,19.29655],[-99.15748,19.29789],[-99.15541,19.29519]]]}},{"id":"209","type":"Feature","properties":{"CVEGEO":"0901200010017"},"geometry":{"type":"Polygon","coordinates":[[[-99.22429,19.30714],[-99.22426,19.30552],[-99.2267,19.30456],[-99.22761,19.30806],[-99.22493,19.3106],[-99.22131,19.31106],[-99.22429,19.30714]]]}},{"id":"210","type":"Feature","properties":{"CVEGEO":"0901200010214"},"geometry":{"type":"Polygon","coordinates":[[[-99.13456,19.29644],[-99.14262,19.29961],[-99.13864,19.30393],[-99.13495,19.30322],[-99.13456,19.29644]]]}},{"id":"211","type":"Feature","properties":{"CVEGEO":"090120001077A"},"geometry":{"type":"Polygon","coordinates":[[[-99.23848,19.27634],[-99.23884,19.27627],[-99.23976,19.27805],[-99.24346,19.27794],[-99.24442,19.27907],[-99.24263,19.28126],[-99.24355,19.28219],[-99.24144,19.28386],[-99.24116,19.28321],[-99.23918,19.28344],[-99.23848,19.27634]]]}},{"id":"212","type":"Feature","properties":{"CVEGEO":"0901200010267"},"geometry":{"type":"Polygon","coordinates":[[[-99.11365,19.30068],[-99.11432,19.29634],[-99.11549,19.29654],[-99.1172,19.29846],[-99.1183,19.29854],[-99.11742,19.30158],[-99.11365,19.30068]]]}},{"id":"213","type":"Feature","properties":{"CVEGEO":"0901200010303"},"geometry":{"type":"Polygon","coordinates":[[[-99.23251,19.29984],[-99.22943,19.29917],[-99.22911,19.29564],[-99.22974,19.29558],[-99.22961,19.2942],[-99.23827,19.29396],[-99.23798,19.29446],[-99.23597,19.29446],[-99.2361,19.29511],[-99.23319,19.2967],[-99.23248,19.29788],[-99.23326,19.30079],[-99.23251,19.29984]]]}},{"id":"214","type":"Feature","properties":{"CVEGEO":"0901200012066"},"geometry":{"type":"Polygon","coordinates":[[[-99.21785,19.30843],[-99.2194,19.30233],[-99.21919,19.30084],[-99.22046,19.29785],[-99.21908,19.29748],[-99.21965,19.29555],[-99.22227,19.29756],[-99.22137,19.30107],[-99.22162,19.30377],[-99.22067,19.30384],[-99.21961,19.31087],[-99.2172,19.30877],[-99.21785,19.30843]]]}},{"id":"215","type":"Feature","properties":{"CVEGEO":"090120001198A"},"geometry":{"type":"Polygon","coordinates":[[[-99.10462,19.2937],[-99.10495,19.29982],[-99.10377,19.29988],[-99.10376,19.29411],[-99.10462,19.2937]]]}},{"id":"216","type":"Feature","properties":{"CVEGEO":"0901200012174"},"geometry":{"type":"Polygon","coordinates":[[[-99.11008,19.29575],[-99.11208,19.29613],[-99.11143,19.30016],[-99.10942,19.29967],[-99.11008,19.29575]]]}},{"id":"217","type":"Feature","properties":{"CVEGEO":"0901200011994"},"geometry":{"type":"Polygon","coordinates":[[[-99.10376,19.29411],[-99.10377,19.29988],[-99.10093,19.30002],[-99.10136,19.2952],[-99.10376,19.29411]]]}},{"id":"218","type":"Feature","properties":{"CVEGEO":"0901200010500"},"geometry":{"type":"Polygon","coordinates":[[[-99.2379,19.29218],[-99.23657,19.29229],[-99.23624,19.28809],[-99.2402,19.28778],[-99.24004,19.28636],[-99.24076,19.28634],[-99.24101,19.28799],[-99.24276,19.28936],[-99.243,19.29144],[-99.24232,19.29286],[-99.24155,19.29286],[-99.24138,19.29402],[-99.23798,19.29446],[-99.2379,19.29218]]]}},{"id":"219","type":"Feature","properties":{"CVEGEO":"0901200011000"},"geometry":{"type":"Polygon","coordinates":[[[-99.12829,19.28431],[-99.13511,19.28246],[-99.13855,19.28223],[-99.13657,19.28595],[-99.1344,19.28534],[-99.12717,19.2866],[-99.12829,19.28431]]]}},{"id":"220","type":"Feature","properties":{"CVEGEO":"090120001216A"},"geometry":{"type":"Polygon","coordinates":[[[-99.11208,19.29613],[-99.11008,19.29575],[-99.1103,19.29431],[-99.11455,19.29505],[-99.11365,19.30068],[-99.11143,19.30016],[-99.11208,19.29613]]]}},{"id":"221","type":"Feature","properties":{"CVEGEO":"0901200011509"},"geometry":{"type":"Polygon","coordinates":[[[-99.2436,19.27027],[-99.24408,19.27233],[-99.24204,19.27311],[-99.23573,19.27381],[-99.23602,19.26992],[-99.2436,19.27027]]]}},{"id":"222","type":"Feature","properties":{"CVEGEO":"090120001020A"},"geometry":{"type":"Polygon","coordinates":[[[-99.12708,19.305],[-99.12702,19.30182],[-99.13182,19.30354],[-99.1325,19.30733],[-99.12708,19.305]]]}},{"id":"223","type":"Feature","properties":{"CVEGEO":"0901200010021"},"geometry":{"type":"Polygon","coordinates":[[[-99.22011,19.30904],[-99.21994,19.30757],[-99.22079,19.30702],[-99.22186,19.30837],[-99.22229,19.30478],[-99.22373,19.30435],[-99.22429,19.30714],[-99.21993,19.31226],[-99.21919,19.31114],[-99.22011,19.30904]]]}},{"id":"224","type":"Feature","properties":{"CVEGEO":"0901200010106"},"geometry":{"type":"Polygon","coordinates":[[[-99.17958,19.2986],[-99.18091,19.2995],[-99.18519,19.29962],[-99.18551,19.29891],[-99.18598,19.30287],[-99.17929,19.30344],[-99.17934,19.3012],[-99.17865,19.30104],[-99.17958,19.2986]]]}},{"id":"225","type":"Feature","properties":{"CVEGEO":"090120001013A"},"geometry":{"type":"Polygon","coordinates":[[[-99.17342,19.30281],[-99.17342,19.29808],[-99.17477,19.2974],[-99.17482,19.29808],[-99.1759,19.29865],[-99.17589,19.30315],[-99.17342,19.30281]]]}},{"id":"226","type":"Feature","properties":{"CVEGEO":"0901200010182"},"geometry":{"type":"Polygon","coordinates":[[[-99.1613,19.30103],[-99.15905,19.29975],[-99.15748,19.29789],[-99.15794,19.29655],[-99.16052,19.29648],[-99.16318,19.29511],[-99.16265,19.29685],[-99.16367,19.29723],[-99.16392,19.29652],[-99.16718,19.29769],[-99.16664,19.30189],[-99.1613,19.30103]]]}},{"id":"227","type":"Feature","properties":{"CVEGEO":"0901200010197"},"geometry":{"type":"Polygon","coordinates":[[[-99.13152,19.30198],[-99.13494,19.30241],[-99.13495,19.30322],[-99.13864,19.30393],[-99.13472,19.30829],[-99.1325,19.30733],[-99.13152,19.30198]]]}},{"id":"228","type":"Feature","properties":{"CVEGEO":"0901200010040"},"geometry":{"type":"Polygon","coordinates":[[[-99.2267,19.30456],[-99.23142,19.30124],[-99.23297,19.30181],[-99.2319,19.30504],[-99.22759,19.30719],[-99.2267,19.30456]]]}},{"id":"229","type":"Feature","properties":{"CVEGEO":"0901200271763"},"geometry":{"type":"Polygon","coordinates":[[[-99.1495,19.20592],[-99.14885,19.19995],[-99.15048,19.19975],[-99.15405,19.1968],[-99.15785,19.19618],[-99.16343,19.19684],[-99.16452,19.19828],[-99.16567,19.19843],[-99.16512,19.19941],[-99.16119,19.20173],[-99.15801,19.20226],[-99.15623,19.20596],[-99.1564,19.20819],[-99.15461,19.21182],[-99.1495,19.20592]]]}},{"id":"230","type":"Feature","properties":{"CVEGEO":"0901200012070"},"geometry":{"type":"Polygon","coordinates":[[[-99.20673,19.30385],[-99.20971,19.29924],[-99.21271,19.29791],[-99.21539,19.2944],[-99.2183,19.29457],[-99.21965,19.29555],[-99.21908,19.29748],[-99.22046,19.29785],[-99.21919,19.30084],[-99.2194,19.30233],[-99.21768,19.30873],[-99.21437,19.30725],[-99.20848,19.30616],[-99.20673,19.30385]]]}},{"id":"231","type":"Feature","properties":{"CVEGEO":"0901200011068"},"geometry":{"type":"Polygon","coordinates":[[[-99.14209,19.27394],[-99.14535,19.27462],[-99.14499,19.27651],[-99.14318,19.27644],[-99.14251,19.27726],[-99.14166,19.28132],[-99.14604,19.28261],[-99.14572,19.28367],[-99.14726,19.28408],[-99.14575,19.28426],[-99.14106,19.28253],[-99.14209,19.27394]]]}},{"id":"232","type":"Feature","properties":{"CVEGEO":"0901200012121"},"geometry":{"type":"Polygon","coordinates":[[[-99.14166,19.28132],[-99.14258,19.27715],[-99.14318,19.27644],[-99.14499,19.27651],[-99.14539,19.27534],[-99.14533,19.27461],[-99.14114,19.27373],[-99.14214,19.27069],[-99.14395,19.26954],[-99.14492,19.26745],[-99.14731,19.26667],[-99.14864,19.26717],[-99.1471,19.27062],[-99.15062,19.27162],[-99.15201,19.27197],[-99.15276,19.26908],[-99.1544,19.26957],[-99.15446,19.26885],[-99.15616,19.26906],[-99.15345,19.27827],[-99.15071,19.27887],[-99.15087,19.28071],[-99.14962,19.28199],[-99.14888,19.28197],[-99.1484,19.28335],[-99.14166,19.28132]]]}},{"id":"233","type":"Feature","properties":{"CVEGEO":"090120027180A"},"geometry":{"type":"Polygon","coordinates":[[[-99.14866,19.1977],[-99.15709,19.19396],[-99.15865,19.19234],[-99.15964,19.19237],[-99.16418,19.18707],[-99.16592,19.19154],[-99.16518,19.19673],[-99.16567,19.19843],[-99.16452,19.19828],[-99.16343,19.19684],[-99.15785,19.19618],[-99.15405,19.1968],[-99.15048,19.19975],[-99.14885,19.19995],[-99.14866,19.1977]]]}},{"id":"234","type":"Feature","properties":{"CVEGEO":"0901200011975"},"geometry":{"type":"Polygon","coordinates":[[[-99.11036,19.29134],[-99.10942,19.29967],[-99.10495,19.29982],[-99.10462,19.2937],[-99.11036,19.29134]]]}},{"id":"235","type":"Feature","properties":{"CVEGEO":"0901200011388"},"geometry":{"type":"Polygon","coordinates":[[[-99.22322,19.30446],[-99.22283,19.30348],[-99.2247,19.30307],[-99.22462,19.30171],[-99.22524,19.30167],[-99.22493,19.2985],[-99.23251,19.29984],[-99.23326,19.30079],[-99.23055,19.30166],[-99.22919,19.30329],[-99.22426,19.30552],[-99.22373,19.30435],[-99.22322,19.30446]]]}},{"id":"236","type":"Feature","properties":{"CVEGEO":"0901200011956"},"geometry":{"type":"Polygon","coordinates":[[[-99.20018,19.30417],[-99.19811,19.303],[-99.1988,19.30128],[-99.19525,19.3007],[-99.19541,19.30008],[-99.19778,19.29995],[-99.19651,19.29935],[-99.19636,19.29797],[-99.19486,19.29624],[-99.19589,19.29632],[-99.19597,19.29697],[-99.20522,19.2977],[-99.20527,19.29887],[-99.20384,19.30069],[-99.20598,19.30341],[-99.20713,19.30312],[-99.20679,19.30417],[-99.20848,19.30616],[-99.20018,19.30417]]]}},{"id":"237","type":"Feature","properties":{"CVEGEO":"0901200010430"},"geometry":{"type":"Polygon","coordinates":[[[-99.15053,19.29424],[-99.14725,19.29337],[-99.15149,19.29011],[-99.15666,19.29684],[-99.15155,19.29806],[-99.15051,19.29778],[-99.15053,19.29424]]]}},{"id":"238","type":"Feature","properties":{"CVEGEO":"0901200011918"},"geometry":{"type":"Polygon","coordinates":[[[-99.1183,19.29854],[-99.1202,19.29931],[-99.12205,19.29902],[-99.12442,19.29853],[-99.12508,19.29739],[-99.12461,19.30396],[-99.11779,19.30168],[-99.1183,19.29854]]]}},{"id":"239","type":"Feature","properties":{"CVEGEO":"0901200012206"},"geometry":{"type":"Polygon","coordinates":[[[-99.24087,19.27038],[-99.23949,19.26553],[-99.24136,19.264],[-99.24324,19.26712],[-99.24606,19.26703],[-99.2436,19.2695],[-99.2436,19.27027],[-99.24087,19.27038]]]}},{"id":"240","type":"Feature","properties":{"CVEGEO":"0901200012155"},"geometry":{"type":"Polygon","coordinates":[[[-99.1424,19.26662],[-99.14237,19.26023],[-99.14017,19.25786],[-99.1408,19.257],[-99.1394,19.2546],[-99.14173,19.249],[-99.14356,19.24818],[-99.14491,19.2453],[-99.14954,19.24418],[-99.15547,19.24877],[-99.15643,19.25361],[-99.15945,19.25448],[-99.16016,19.25667],[-99.16607,19.26193],[-99.16187,19.26457],[-99.14966,19.2668],[-99.14935,19.26511],[-99.14662,19.26719],[-99.14492,19.26745],[-99.1424,19.26662]]]}},{"id":"241","type":"Feature","properties":{"CVEGEO":"0901200010479"},"geometry":{"type":"Polygon","coordinates":[[[-99.12555,19.29288],[-99.12417,19.29229],[-99.12432,19.29093],[-99.12583,19.29115],[-99.12574,19.29295],[-99.13149,19.29523],[-99.13125,19.29659],[-99.12744,19.29623],[-99.12516,19.29689],[-99.12555,19.29288]]]}},{"id":"242","type":"Feature","properties":{"CVEGEO":"0901200262314"},"geometry":{"type":"Polygon","coordinates":[[[-99.19473,19.2205],[-99.19489,19.22679],[-99.19417,19.22903],[-99.19419,19.22035],[-99.19473,19.2205]]]}},{"id":"243","type":"Feature","properties":{"CVEGEO":"0901200011937"},"geometry":{"type":"Polygon","coordinates":[[[-99.11658,19.29805],[-99.11588,19.29665],[-99.11837,19.29557],[-99.11998,19.29885],[-99.11658,19.29805]]]}},{"id":"244","type":"Feature","properties":{"CVEGEO":"0901200012193"},"geometry":{"type":"Polygon","coordinates":[[[-99.20164,19.28078],[-99.19942,19.28202],[-99.19825,19.28093],[-99.19768,19.28132],[-99.19542,19.2787],[-99.20149,19.27701],[-99.20327,19.28227],[-99.20223,19.28254],[-99.20164,19.28078]]]}},{"id":"245","type":"Feature","properties":{"CVEGEO":"090120001038A"},"geometry":{"type":"Polygon","coordinates":[[[-99.16304,19.28789],[-99.16859,19.28955],[-99.16898,19.28832],[-99.17387,19.28986],[-99.17381,19.29075],[-99.1746,19.29131],[-99.17313,19.29427],[-99.16201,19.29034],[-99.16304,19.28789]]]}},{"id":"246","type":"Feature","properties":{"CVEGEO":"0901200010483"},"geometry":{"type":"Polygon","coordinates":[[[-99.12304,19.294],[-99.12338,19.29198],[-99.12555,19.29288],[-99.12516,19.29689],[-99.11963,19.29816],[-99.11694,19.29269],[-99.12304,19.294]]]}},{"id":"247","type":"Feature","properties":{"CVEGEO":"0901200010712"},"geometry":{"type":"Polygon","coordinates":[[[-99.12716,19.29158],[-99.1258,19.29143],[-99.12604,19.28877],[-99.12861,19.2891],[-99.12867,19.28854],[-99.12988,19.28985],[-99.12716,19.29158]]]}},{"id":"248","type":"Feature","properties":{"CVEGEO":"0901200010943"},"geometry":{"type":"Polygon","coordinates":[[[-99.17571,19.28479],[-99.17435,19.28865],[-99.16954,19.28664],[-99.16983,19.28584],[-99.16772,19.28527],[-99.16801,19.28448],[-99.16458,19.28336],[-99.16499,19.28214],[-99.17571,19.28479]]]}},{"id":"249","type":"Feature","properties":{"CVEGEO":"0901200010962"},"geometry":{"type":"Polygon","coordinates":[[[-99.1608,19.28401],[-99.16291,19.28465],[-99.1639,19.28305],[-99.16458,19.28336],[-99.16201,19.29034],[-99.15699,19.28651],[-99.1608,19.28401]]]}},{"id":"250","type":"Feature","properties":{"CVEGEO":"0901200010568"},"geometry":{"type":"Polygon","coordinates":[[[-99.13882,19.29532],[-99.13512,19.29524],[-99.1311,19.29108],[-99.13357,19.28693],[-99.136,19.28713],[-99.13529,19.28888],[-99.13597,19.29261],[-99.1392,19.2928],[-99.13882,19.29532]]]}},{"id":"251","type":"Feature","properties":{"CVEGEO":"0901200010642"},"geometry":{"type":"Polygon","coordinates":[[[-99.22363,19.29044],[-99.21986,19.29074],[-99.21938,19.28514],[-99.22315,19.28482],[-99.22363,19.29044]]]}},{"id":"252","type":"Feature","properties":{"CVEGEO":"0901200010407"},"geometry":{"type":"Polygon","coordinates":[[[-99.16619,19.2918],[-99.16367,19.29723],[-99.16265,19.29685],[-99.16318,19.29511],[-99.16052,19.29648],[-99.16006,19.29569],[-99.16138,19.29499],[-99.16262,19.29056],[-99.16619,19.2918]]]}},{"id":"253","type":"Feature","properties":{"CVEGEO":"0901200010426"},"geometry":{"type":"Polygon","coordinates":[[[-99.15699,19.28651],[-99.16201,19.29034],[-99.15541,19.29519],[-99.15149,19.29011],[-99.15699,19.28651]]]}},{"id":"254","type":"Feature","properties":{"CVEGEO":"0901200010572"},"geometry":{"type":"Polygon","coordinates":[[[-99.1258,19.29143],[-99.12716,19.29158],[-99.12988,19.28985],[-99.13056,19.29052],[-99.12982,19.29454],[-99.12574,19.29295],[-99.1258,19.29143]]]}},{"id":"255","type":"Feature","properties":{"CVEGEO":"0901200010549"},"geometry":{"type":"Polygon","coordinates":[[[-99.14028,19.29265],[-99.1394,19.2916],[-99.13986,19.28864],[-99.14152,19.2893],[-99.14109,19.29018],[-99.14627,19.29169],[-99.14575,19.29297],[-99.14725,19.29337],[-99.14647,19.29513],[-99.14505,19.2948],[-99.14308,19.29565],[-99.14055,19.29548],[-99.14028,19.29265]]]}},{"id":"256","type":"Feature","properties":{"CVEGEO":"0901200010731"},"geometry":{"type":"Polygon","coordinates":[[[-99.12222,19.28629],[-99.12199,19.28953],[-99.12096,19.29034],[-99.12278,19.29058],[-99.12264,19.29169],[-99.11653,19.28938],[-99.11793,19.28812],[-99.12222,19.28629]]]}},{"id":"257","type":"Feature","properties":{"CVEGEO":"0901200010765"},"geometry":{"type":"Polygon","coordinates":[[[-99.12222,19.28629],[-99.12493,19.28524],[-99.1241,19.28682],[-99.12622,19.28706],[-99.12609,19.28827],[-99.12371,19.28801],[-99.12356,19.28926],[-99.12199,19.28953],[-99.12222,19.28629]]]}},{"id":"258","type":"Feature","properties":{"CVEGEO":"0901200010816"},"geometry":{"type":"Polygon","coordinates":[[[-99.22552,19.28323],[-99.2258,19.27909],[-99.22919,19.27967],[-99.22939,19.28303],[-99.22552,19.28323]]]}},{"id":"259","type":"Feature","properties":{"CVEGEO":"0901200010820"},"geometry":{"type":"Polygon","coordinates":[[[-99.22509,19.27859],[-99.22552,19.28323],[-99.22617,19.28318],[-99.22627,19.28459],[-99.22185,19.28494],[-99.22134,19.27788],[-99.22509,19.27859]]]}},{"id":"260","type":"Feature","properties":{"CVEGEO":"0901200010835"},"geometry":{"type":"Polygon","coordinates":[[[-99.22185,19.28494],[-99.21938,19.28514],[-99.21884,19.27776],[-99.22133,19.27808],[-99.22185,19.28494]]]}},{"id":"261","type":"Feature","properties":{"CVEGEO":"090120001084A"},"geometry":{"type":"Polygon","coordinates":[[[-99.21924,19.28372],[-99.2155,19.28402],[-99.21501,19.27737],[-99.21827,19.27852],[-99.2182,19.27751],[-99.21884,19.27776],[-99.21924,19.28372]]]}},{"id":"262","type":"Feature","properties":{"CVEGEO":"0901200010854"},"geometry":{"type":"Polygon","coordinates":[[[-99.21563,19.28542],[-99.20996,19.28583],[-99.21123,19.28171],[-99.21508,19.28124],[-99.21563,19.28542]]]}},{"id":"263","type":"Feature","properties":{"CVEGEO":"0901200010869"},"geometry":{"type":"Polygon","coordinates":[[[-99.20987,19.28534],[-99.20795,19.27971],[-99.20921,19.27881],[-99.20843,19.27812],[-99.21061,19.27641],[-99.21335,19.27872],[-99.21382,19.27852],[-99.21368,19.2766],[-99.21431,19.27682],[-99.21501,19.27737],[-99.21529,19.28117],[-99.21123,19.28171],[-99.21047,19.28476],[-99.20953,19.28612],[-99.20987,19.28534]]]}},{"id":"264","type":"Feature","properties":{"CVEGEO":"0901200010888"},"geometry":{"type":"Polygon","coordinates":[[[-99.19588,19.28607],[-99.1953,19.28416],[-99.19723,19.28311],[-99.19685,19.28221],[-99.19825,19.28093],[-99.19942,19.28202],[-99.20164,19.28078],[-99.20366,19.28677],[-99.19588,19.28607]]]}},{"id":"265","type":"Feature","properties":{"CVEGEO":"090120001091A"},"geometry":{"type":"Polygon","coordinates":[[[-99.18436,19.28888],[-99.18483,19.28797],[-99.18395,19.28754],[-99.18393,19.28657],[-99.18494,19.28594],[-99.18569,19.28632],[-99.18801,19.28235],[-99.18903,19.28374],[-99.18788,19.28596],[-99.18916,19.28666],[-99.18696,19.2878],[-99.18604,19.2896],[-99.18436,19.28888]]]}},{"id":"266","type":"Feature","properties":{"CVEGEO":"0901200010375"},"geometry":{"type":"Polygon","coordinates":[[[-99.18458,19.29548],[-99.1848,19.29572],[-99.17497,19.295],[-99.17313,19.29427],[-99.1746,19.29131],[-99.18458,19.29548]]]}},{"id":"267","type":"Feature","properties":{"CVEGEO":"090120026248A"},"geometry":{"type":"Polygon","coordinates":[[[-99.17961,19.21798],[-99.17775,19.21839],[-99.17646,19.21759],[-99.1763,19.21651],[-99.17842,19.21518],[-99.18229,19.2168],[-99.18133,19.2176],[-99.18154,19.21889],[-99.17961,19.21798]]]}},{"id":"268","type":"Feature","properties":{"CVEGEO":"0901200010623"},"geometry":{"type":"Polygon","coordinates":[[[-99.22675,19.29019],[-99.22617,19.28318],[-99.22939,19.28303],[-99.22978,19.28992],[-99.22675,19.29019]]]}},{"id":"269","type":"Feature","properties":{"CVEGEO":"0901200010638"},"geometry":{"type":"Polygon","coordinates":[[[-99.22627,19.28459],[-99.22688,19.29157],[-99.22377,19.29183],[-99.22315,19.28482],[-99.22627,19.28459]]]}},{"id":"270","type":"Feature","properties":{"CVEGEO":"0901200010657"},"geometry":{"type":"Polygon","coordinates":[[[-99.21926,19.28379],[-99.21986,19.29074],[-99.21547,19.29106],[-99.21505,19.28545],[-99.21563,19.28542],[-99.2155,19.28402],[-99.21926,19.28379]]]}},{"id":"271","type":"Feature","properties":{"CVEGEO":"0901200010661"},"geometry":{"type":"Polygon","coordinates":[[[-99.21505,19.28545],[-99.21547,19.29106],[-99.21136,19.29136],[-99.21223,19.28911],[-99.21203,19.2878],[-99.20996,19.28583],[-99.21505,19.28545]]]}},{"id":"272","type":"Feature","properties":{"CVEGEO":"0901200010676"},"geometry":{"type":"Polygon","coordinates":[[[-99.18557,19.29189],[-99.18242,19.29109],[-99.18089,19.28998],[-99.18153,19.28884],[-99.18021,19.28825],[-99.18333,19.28508],[-99.18494,19.28594],[-99.18393,19.28657],[-99.18395,19.28754],[-99.18483,19.28797],[-99.18436,19.28888],[-99.18644,19.28958],[-99.18576,19.29271],[-99.18557,19.29189]]]}},{"id":"273","type":"Feature","properties":{"CVEGEO":"0901200010680"},"geometry":{"type":"Polygon","coordinates":[[[-99.17743,19.28925],[-99.17833,19.2876],[-99.18021,19.28825],[-99.17829,19.29128],[-99.17819,19.29285],[-99.17409,19.29108],[-99.17375,19.29018],[-99.17743,19.28925]]]}},{"id":"274","type":"Feature","properties":{"CVEGEO":"0901200010695"},"geometry":{"type":"Polygon","coordinates":[[[-99.15149,19.29011],[-99.14874,19.29181],[-99.14748,19.2911],[-99.14805,19.28998],[-99.14727,19.28931],[-99.14901,19.28702],[-99.15149,19.29011]]]}},{"id":"275","type":"Feature","properties":{"CVEGEO":"0901200010727"},"geometry":{"type":"Polygon","coordinates":[[[-99.12278,19.29058],[-99.12096,19.29034],[-99.12168,19.28963],[-99.12362,19.28926],[-99.12358,19.2897],[-99.12593,19.28998],[-99.12583,19.29115],[-99.12432,19.29093],[-99.12417,19.29229],[-99.12264,19.29169],[-99.12278,19.29058]]]}},{"id":"276","type":"Feature","properties":{"CVEGEO":"0901200010939"},"geometry":{"type":"Polygon","coordinates":[[[-99.17661,19.28008],[-99.17834,19.28058],[-99.17877,19.28014],[-99.1819,19.28238],[-99.18067,19.28331],[-99.1797,19.28543],[-99.17822,19.28562],[-99.17635,19.28796],[-99.17435,19.28865],[-99.1757,19.28505],[-99.17514,19.28299],[-99.17656,19.28126],[-99.17661,19.28008]]]}},{"id":"277","type":"Feature","properties":{"CVEGEO":"0901200010977"},"geometry":{"type":"Polygon","coordinates":[[[-99.14604,19.28261],[-99.15587,19.28562],[-99.15699,19.28651],[-99.15149,19.29011],[-99.14857,19.28638],[-99.14575,19.28426],[-99.14726,19.28408],[-99.14584,19.28327],[-99.14604,19.28261]]]}},{"id":"278","type":"Feature","properties":{"CVEGEO":"0901200011015"},"geometry":{"type":"Polygon","coordinates":[[[-99.17443,19.28229],[-99.17571,19.28479],[-99.16853,19.28299],[-99.16809,19.27939],[-99.17443,19.28229]]]}},{"id":"279","type":"Feature","properties":{"CVEGEO":"0901200010996"},"geometry":{"type":"Polygon","coordinates":[[[-99.1406,19.28361],[-99.14,19.28755],[-99.13657,19.28595],[-99.13855,19.28223],[-99.1406,19.28361]]]}},{"id":"280","type":"Feature","properties":{"CVEGEO":"090120001102A"},"geometry":{"type":"Polygon","coordinates":[[[-99.16809,19.27939],[-99.1684,19.28336],[-99.16499,19.28214],[-99.16458,19.28336],[-99.1639,19.28305],[-99.16291,19.28465],[-99.1608,19.28401],[-99.16605,19.27594],[-99.16809,19.27939]]]}},{"id":"281","type":"Feature","properties":{"CVEGEO":"0901200011034"},"geometry":{"type":"Polygon","coordinates":[[[-99.15631,19.28579],[-99.16011,19.28188],[-99.15915,19.28143],[-99.15773,19.27897],[-99.15857,19.27766],[-99.16102,19.2796],[-99.16047,19.28077],[-99.16269,19.28135],[-99.1608,19.28401],[-99.15682,19.28633],[-99.15631,19.28579]]]}},{"id":"282","type":"Feature","properties":{"CVEGEO":"0901200011157"},"geometry":{"type":"Polygon","coordinates":[[[-99.16362,19.27039],[-99.16232,19.26986],[-99.16117,19.27192],[-99.16304,19.26602],[-99.1706,19.26921],[-99.17022,19.2704],[-99.16766,19.27258],[-99.16794,19.2744],[-99.16605,19.27594],[-99.16362,19.27039]]]}},{"id":"283","type":"Feature","properties":{"CVEGEO":"0901200011087"},"geometry":{"type":"Polygon","coordinates":[[[-99.17223,19.27767],[-99.17393,19.27766],[-99.17437,19.27871],[-99.17222,19.27885],[-99.17223,19.27767]]]}},{"id":"284","type":"Feature","properties":{"CVEGEO":"0901200011091"},"geometry":{"type":"Polygon","coordinates":[[[-99.17222,19.2798],[-99.1712,19.28084],[-99.17041,19.28049],[-99.17048,19.27959],[-99.1719,19.27836],[-99.17222,19.2798]]]}},{"id":"285","type":"Feature","properties":{"CVEGEO":"0901200011104"},"geometry":{"type":"Polygon","coordinates":[[[-99.17087,19.27892],[-99.17041,19.28049],[-99.16731,19.2784],[-99.16781,19.27775],[-99.17036,19.27727],[-99.17016,19.2763],[-99.17151,19.27522],[-99.17395,19.27645],[-99.17322,19.27793],[-99.17223,19.27767],[-99.17087,19.27892]]]}},{"id":"286","type":"Feature","properties":{"CVEGEO":"0901200011119"},"geometry":{"type":"Polygon","coordinates":[[[-99.17151,19.27522],[-99.17373,19.2717],[-99.17883,19.2719],[-99.17812,19.27503],[-99.17636,19.27473],[-99.17424,19.2757],[-99.17395,19.27645],[-99.17151,19.27522]]]}},{"id":"287","type":"Feature","properties":{"CVEGEO":"0901200011566"},"geometry":{"type":"Polygon","coordinates":[[[-99.17573,19.2682],[-99.1757,19.2664],[-99.17691,19.26417],[-99.18446,19.26443],[-99.18625,19.26523],[-99.19281,19.26592],[-99.19246,19.2693],[-99.17573,19.2682]]]}},{"id":"288","type":"Feature","properties":{"CVEGEO":"0901200010089"},"geometry":{"type":"Polygon","coordinates":[[[-99.18568,19.30028],[-99.18784,19.29932],[-99.18796,19.29769],[-99.19012,19.2978],[-99.18989,19.30008],[-99.18657,19.30157],[-99.18568,19.30028]]]}},{"id":"289","type":"Feature","properties":{"CVEGEO":"0901200011176"},"geometry":{"type":"Polygon","coordinates":[[[-99.16442,19.26399],[-99.16558,19.26451],[-99.16609,19.26293],[-99.16806,19.26363],[-99.16875,19.26214],[-99.16953,19.26257],[-99.16978,19.26376],[-99.16927,19.26484],[-99.1713,19.26555],[-99.1706,19.26921],[-99.16304,19.26602],[-99.16442,19.26399]]]}},{"id":"290","type":"Feature","properties":{"CVEGEO":"0901200011513"},"geometry":{"type":"Polygon","coordinates":[[[-99.22383,19.26959],[-99.22234,19.26839],[-99.22141,19.26875],[-99.22143,19.26802],[-99.22361,19.26771],[-99.22571,19.26608],[-99.22799,19.26595],[-99.22884,19.26688],[-99.22885,19.27151],[-99.22704,19.27149],[-99.22446,19.27043],[-99.22391,19.27147],[-99.22301,19.27105],[-99.22383,19.26959]]]}},{"id":"291","type":"Feature","properties":{"CVEGEO":"0901200012013"},"geometry":{"type":"Polygon","coordinates":[[[-99.16143,19.25448],[-99.16184,19.25322],[-99.16684,19.25158],[-99.16693,19.25013],[-99.16924,19.25086],[-99.16981,19.24899],[-99.17577,19.25059],[-99.17285,19.25726],[-99.17096,19.25851],[-99.16024,19.25513],[-99.16143,19.25448]]]}},{"id":"292","type":"Feature","properties":{"CVEGEO":"0901200012047"},"geometry":{"type":"Polygon","coordinates":[[[-99.23408,19.2743],[-99.23194,19.27471],[-99.23064,19.26852],[-99.23602,19.26992],[-99.23582,19.27517],[-99.23408,19.2743]]]}},{"id":"293","type":"Feature","properties":{"CVEGEO":"0901200011049"},"geometry":{"type":"Polygon","coordinates":[[[-99.15107,19.28008],[-99.1546,19.27902],[-99.15636,19.27435],[-99.15752,19.27457],[-99.15799,19.27577],[-99.15994,19.27656],[-99.15773,19.27897],[-99.16001,19.28226],[-99.15658,19.28587],[-99.14837,19.28304],[-99.15107,19.28008]]]}},{"id":"294","type":"Feature","properties":{"CVEGEO":"0901200012051"},"geometry":{"type":"Polygon","coordinates":[[[-99.22878,19.26851],[-99.22884,19.26688],[-99.23064,19.26852],[-99.23194,19.27471],[-99.22893,19.27558],[-99.22878,19.26851]]]}},{"id":"295","type":"Feature","properties":{"CVEGEO":"0901200011481"},"geometry":{"type":"Polygon","coordinates":[[[-99.21736,19.27238],[-99.21375,19.26869],[-99.21546,19.26925],[-99.21957,19.26804],[-99.22143,19.26802],[-99.22141,19.26875],[-99.22234,19.26839],[-99.22383,19.26959],[-99.22197,19.27316],[-99.21736,19.27238]]]}},{"id":"296","type":"Feature","properties":{"CVEGEO":"0901200262403"},"geometry":{"type":"Polygon","coordinates":[[[-99.18229,19.2168],[-99.18073,19.21635],[-99.18526,19.21043],[-99.18978,19.21335],[-99.19354,19.21851],[-99.18614,19.21693],[-99.18359,19.21881],[-99.18135,19.2177],[-99.18229,19.2168]]]}},{"id":"297","type":"Feature","properties":{"CVEGEO":"0901200010905"},"geometry":{"type":"Polygon","coordinates":[[[-99.18788,19.28596],[-99.18903,19.28374],[-99.18748,19.28158],[-99.1907,19.2804],[-99.19273,19.28311],[-99.19061,19.28408],[-99.19237,19.28631],[-99.18907,19.28659],[-99.18788,19.28596]]]}},{"id":"298","type":"Feature","properties":{"CVEGEO":"0901200012136"},"geometry":{"type":"Polygon","coordinates":[[[-99.15789,19.27417],[-99.15483,19.27337],[-99.15728,19.26541],[-99.15936,19.26498],[-99.15801,19.26954],[-99.15985,19.26998],[-99.15811,19.27476],[-99.15789,19.27417]]]}},{"id":"299","type":"Feature","properties":{"CVEGEO":"0901200012140"},"geometry":{"type":"Polygon","coordinates":[[[-99.14864,19.26717],[-99.14731,19.26667],[-99.14935,19.26511],[-99.14966,19.2668],[-99.15728,19.26541],[-99.15616,19.26906],[-99.15446,19.26885],[-99.1544,19.26957],[-99.15276,19.26908],[-99.15201,19.27197],[-99.1471,19.27062],[-99.14864,19.26717]]]}},{"id":"300","type":"Feature","properties":{"CVEGEO":"0901200012333"},"geometry":{"type":"Polygon","coordinates":[[[-99.18147,19.23255],[-99.17981,19.23013],[-99.1811,19.22936],[-99.18087,19.23044],[-99.18209,19.2326],[-99.18147,19.23255]]]}},{"id":"301","type":"Feature","properties":{"CVEGEO":"0901200261710"},"geometry":{"type":"Polygon","coordinates":[[[-99.18908,19.21281],[-99.19467,19.21591],[-99.19465,19.21374],[-99.19374,19.21339],[-99.19397,19.209],[-99.19319,19.20551],[-99.19509,19.2059],[-99.19675,19.20411],[-99.19829,19.20836],[-99.19618,19.21487],[-99.19559,19.22159],[-99.18908,19.21281]]]}},{"id":"302","type":"Feature","properties":{"CVEGEO":"0901200262329"},"geometry":{"type":"Polygon","coordinates":[[[-99.21721,19.21698],[-99.21525,19.21629],[-99.22597,19.20922],[-99.23015,19.20897],[-99.23022,19.20989],[-99.22908,19.21022],[-99.22883,19.21151],[-99.22614,19.21339],[-99.22341,19.21714],[-99.21721,19.21698]]]}},{"id":"303","type":"Feature","properties":{"CVEGEO":"0901200011960"},"geometry":{"type":"Polygon","coordinates":[[[-99.19597,19.29697],[-99.19589,19.29632],[-99.1939,19.29597],[-99.1919,19.29663],[-99.18637,19.29572],[-99.18622,19.29502],[-99.18462,19.29424],[-99.18576,19.29271],[-99.18684,19.28796],[-99.18813,19.28685],[-99.19588,19.28607],[-99.20397,19.28679],[-99.20953,19.28612],[-99.21149,19.28711],[-99.21223,19.28911],[-99.21081,19.29279],[-99.21539,19.2944],[-99.21271,19.29791],[-99.20971,19.29924],[-99.2084,19.30203],[-99.2066,19.30357],[-99.20384,19.30069],[-99.20527,19.29887],[-99.20522,19.2977],[-99.19597,19.29697]]]}},{"id":"304","type":"Feature","properties":{"CVEGEO":"0901200011462"},"geometry":{"type":"Polygon","coordinates":[[[-99.20598,19.27229],[-99.20449,19.26651],[-99.20518,19.26536],[-99.20624,19.26536],[-99.20905,19.26746],[-99.21318,19.26833],[-99.21569,19.27094],[-99.20928,19.27721],[-99.20598,19.27229]]]}},{"id":"305","type":"Feature","properties":{"CVEGEO":"0901200012263"},"geometry":{"type":"Polygon","coordinates":[[[-99.15801,19.26954],[-99.15936,19.26498],[-99.1634,19.26405],[-99.16607,19.26193],[-99.16558,19.26451],[-99.16442,19.26399],[-99.16401,19.26512],[-99.1634,19.26488],[-99.1609,19.27267],[-99.15941,19.27181],[-99.15985,19.26998],[-99.15801,19.26954]]]}},{"id":"306","type":"Feature","properties":{"CVEGEO":"0901200011759"},"geometry":{"type":"Polygon","coordinates":[[[-99.20135,19.26072],[-99.19821,19.25496],[-99.19546,19.25385],[-99.19377,19.25189],[-99.1943,19.25063],[-99.1947,19.25142],[-99.19566,19.25144],[-99.19424,19.24827],[-99.19431,19.2449],[-99.19582,19.24331],[-99.19661,19.24331],[-99.19576,19.24499],[-99.19606,19.24788],[-99.20019,19.24932],[-99.20101,19.25227],[-99.20296,19.25413],[-99.20471,19.25961],[-99.20785,19.26247],[-99.20453,19.26379],[-99.20135,19.26072]]]}},{"id":"307","type":"Feature","properties":{"CVEGEO":"0901200011477"},"geometry":{"type":"Polygon","coordinates":[[[-99.22885,19.27151],[-99.22893,19.27558],[-99.22694,19.2757],[-99.22197,19.27316],[-99.22301,19.27105],[-99.22391,19.27147],[-99.22446,19.27043],[-99.22885,19.27151]]]}},{"id":"308","type":"Feature","properties":{"CVEGEO":"090120001223A"},"geometry":{"type":"Polygon","coordinates":[[[-99.1832,19.2744],[-99.18272,19.27152],[-99.18761,19.27034],[-99.18751,19.27133],[-99.18908,19.27149],[-99.18988,19.27033],[-99.18985,19.27168],[-99.18715,19.27591],[-99.18463,19.27518],[-99.18412,19.27422],[-99.1832,19.2744]]]}},{"id":"309","type":"Feature","properties":{"CVEGEO":"0901200012244"},"geometry":{"type":"Polygon","coordinates":[[[-99.16362,19.27039],[-99.16605,19.27594],[-99.16437,19.27866],[-99.1633,19.27829],[-99.16461,19.27539],[-99.16193,19.27438],[-99.1609,19.27267],[-99.1622,19.27016],[-99.16362,19.27039]]]}},{"id":"310","type":"Feature","properties":{"CVEGEO":"090120001052A"},"geometry":{"type":"Polygon","coordinates":[[[-99.23372,19.28825],[-99.23423,19.29388],[-99.23032,19.29414],[-99.22996,19.28852],[-99.23372,19.28825]]]}},{"id":"311","type":"Feature","properties":{"CVEGEO":"0901200192475"},"geometry":{"type":"Polygon","coordinates":[[[-99.17128,19.13602],[-99.16921,19.13339],[-99.16881,19.13365],[-99.16933,19.13183],[-99.17051,19.13078],[-99.1709,19.13221],[-99.17759,19.12409],[-99.18013,19.12591],[-99.17754,19.12943],[-99.17999,19.13004],[-99.17932,19.13107],[-99.17719,19.13368],[-99.1741,19.13553],[-99.17471,19.13636],[-99.17261,19.13755],[-99.17216,19.13704],[-99.16926,19.14115],[-99.16792,19.13978],[-99.16869,19.13851],[-99.16839,19.13749],[-99.17128,19.13602]]]}},{"id":"312","type":"Feature","properties":{"CVEGEO":"0901200011890"},"geometry":{"type":"Polygon","coordinates":[[[-99.18057,19.29528],[-99.1848,19.29572],[-99.18519,19.29962],[-99.18091,19.2995],[-99.17958,19.2986],[-99.18057,19.29528]]]}},{"id":"313","type":"Feature","properties":{"CVEGEO":"0901200010534"},"geometry":{"type":"Polygon","coordinates":[[[-99.14109,19.29018],[-99.14152,19.2893],[-99.13986,19.28864],[-99.14,19.28755],[-99.14677,19.29051],[-99.14727,19.28931],[-99.14805,19.28998],[-99.14748,19.2911],[-99.14874,19.29181],[-99.14725,19.29337],[-99.14575,19.29297],[-99.14627,19.29169],[-99.14109,19.29018]]]}},{"id":"314","type":"Feature","properties":{"CVEGEO":"0901200012225"},"geometry":{"type":"Polygon","coordinates":[[[-99.18118,19.27855],[-99.18174,19.27326],[-99.18278,19.27353],[-99.1832,19.2744],[-99.18415,19.27423],[-99.18463,19.27518],[-99.18715,19.27591],[-99.18706,19.2769],[-99.1848,19.27951],[-99.18118,19.27855]]]}},{"id":"315","type":"Feature","properties":{"CVEGEO":"0901200012367"},"geometry":{"type":"Polygon","coordinates":[[[-99.17336,19.22568],[-99.17476,19.22534],[-99.17428,19.22462],[-99.17762,19.22602],[-99.1752,19.22612],[-99.17387,19.22701],[-99.17336,19.22568]]]}},{"id":"316","type":"Feature","properties":{"CVEGEO":"0901200011299"},"geometry":{"type":"Polygon","coordinates":[[[-99.2254,19.27489],[-99.22777,19.27581],[-99.23408,19.2743],[-99.23609,19.27525],[-99.2379,19.27518],[-99.23882,19.27619],[-99.23154,19.2771],[-99.23164,19.27846],[-99.23101,19.27844],[-99.23092,19.27707],[-99.22904,19.27718],[-99.22919,19.27967],[-99.2258,19.27909],[-99.2254,19.27489]]]}},{"id":"317","type":"Feature","properties":{"CVEGEO":"0901200011903"},"geometry":{"type":"Polygon","coordinates":[[[-99.17804,19.29942],[-99.17477,19.2974],[-99.17549,19.29505],[-99.18057,19.29528],[-99.17865,19.30104],[-99.17785,19.30072],[-99.17804,19.29942]]]}},{"id":"318","type":"Feature","properties":{"CVEGEO":"0901200011316"},"geometry":{"type":"Polygon","coordinates":[[[-99.20189,19.27806],[-99.20614,19.27768],[-99.20575,19.2763],[-99.20825,19.27577],[-99.20928,19.27721],[-99.20843,19.27812],[-99.20921,19.27881],[-99.20833,19.27977],[-99.20618,19.28025],[-99.20662,19.28231],[-99.20363,19.28323],[-99.20189,19.27806]]]}},{"id":"319","type":"Feature","properties":{"CVEGEO":"0901200011195"},"geometry":{"type":"Polygon","coordinates":[[[-99.1815,19.25735],[-99.18096,19.2581],[-99.17876,19.2572],[-99.17748,19.25825],[-99.17694,19.25739],[-99.17617,19.25779],[-99.17447,19.25735],[-99.17362,19.25816],[-99.17176,19.25791],[-99.17285,19.25726],[-99.17596,19.25055],[-99.17754,19.25313],[-99.17943,19.25363],[-99.17907,19.25448],[-99.18008,19.25445],[-99.18028,19.25366],[-99.18158,19.25319],[-99.18412,19.25353],[-99.18407,19.25511],[-99.18461,19.25512],[-99.18435,19.2564],[-99.18363,19.25676],[-99.18459,19.25733],[-99.18395,19.25882],[-99.1815,19.25735]]]}},{"id":"320","type":"Feature","properties":{"CVEGEO":"0901200011369"},"geometry":{"type":"Polygon","coordinates":[[[-99.22006,19.30634],[-99.22067,19.30384],[-99.22162,19.30377],[-99.22137,19.30107],[-99.22222,19.29767],[-99.22362,19.29747],[-99.22365,19.29812],[-99.22493,19.2985],[-99.22524,19.30167],[-99.22462,19.30171],[-99.2247,19.30307],[-99.22283,19.30348],[-99.22322,19.30446],[-99.22229,19.30478],[-99.22186,19.30837],[-99.22006,19.30634]]]}},{"id":"321","type":"Feature","properties":{"CVEGEO":"0901200011439"},"geometry":{"type":"Polygon","coordinates":[[[-99.21602,19.27565],[-99.21368,19.2766],[-99.21382,19.27852],[-99.21335,19.27872],[-99.21061,19.27641],[-99.21569,19.27094],[-99.21789,19.27258],[-99.21602,19.27565]]]}},{"id":"322","type":"Feature","properties":{"CVEGEO":"0901200011443"},"geometry":{"type":"Polygon","coordinates":[[[-99.22591,19.28036],[-99.22529,19.28042],[-99.22509,19.27859],[-99.22002,19.27776],[-99.21931,19.27694],[-99.22057,19.27515],[-99.22037,19.27268],[-99.22503,19.27468],[-99.22591,19.28036]]]}},{"id":"323","type":"Feature","properties":{"CVEGEO":"0901200011585"},"geometry":{"type":"Polygon","coordinates":[[[-99.18363,19.25676],[-99.18435,19.2564],[-99.18461,19.25512],[-99.18407,19.25511],[-99.18412,19.25353],[-99.18158,19.25319],[-99.1797,19.25373],[-99.17937,19.25214],[-99.18337,19.2498],[-99.18639,19.24621],[-99.18773,19.2457],[-99.18929,19.24615],[-99.19075,19.24487],[-99.19493,19.24418],[-99.19431,19.2449],[-99.19426,19.24865],[-99.19566,19.25144],[-99.1947,19.25142],[-99.19445,19.2506],[-99.19366,19.25143],[-99.19505,19.25351],[-99.19276,19.2533],[-99.19237,19.25546],[-99.1864,19.25608],[-99.18487,19.25776],[-99.18363,19.25676]]]}},{"id":"324","type":"Feature","properties":{"CVEGEO":"0901200012009"},"geometry":{"type":"Polygon","coordinates":[[[-99.1713,19.26555],[-99.16927,19.26484],[-99.16953,19.26257],[-99.16875,19.26214],[-99.16806,19.26363],[-99.16609,19.26293],[-99.16583,19.26144],[-99.16016,19.25667],[-99.15982,19.2554],[-99.16189,19.25536],[-99.1643,19.2568],[-99.17096,19.25851],[-99.17362,19.25816],[-99.1741,19.26173],[-99.17294,19.26374],[-99.17413,19.26386],[-99.17453,19.26685],[-99.17197,19.26845],[-99.17074,19.26803],[-99.1713,19.26555]]]}},{"id":"325","type":"Feature","properties":{"CVEGEO":"0901200010784"},"geometry":{"type":"Polygon","coordinates":[[[-99.23848,19.27634],[-99.23918,19.28344],[-99.23584,19.28372],[-99.23532,19.27684],[-99.23848,19.27634]]]}},{"id":"326","type":"Feature","properties":{"CVEGEO":"0901200012210"},"geometry":{"type":"Polygon","coordinates":[[[-99.23231,19.26902],[-99.23251,19.26845],[-99.23669,19.2658],[-99.23949,19.26541],[-99.24084,19.27003],[-99.23857,19.27044],[-99.23231,19.26902]]]}},{"id":"327","type":"Feature","properties":{"CVEGEO":"0901200010464"},"geometry":{"type":"Polygon","coordinates":[[[-99.13149,19.29523],[-99.13206,19.29204],[-99.13512,19.29524],[-99.13882,19.29532],[-99.13847,19.29802],[-99.13149,19.29523]]]}},{"id":"328","type":"Feature","properties":{"CVEGEO":"0901200010515"},"geometry":{"type":"Polygon","coordinates":[[[-99.23657,19.29229],[-99.2379,19.29218],[-99.23804,19.29394],[-99.23423,19.29388],[-99.23342,19.2849],[-99.23601,19.28522],[-99.23657,19.29229]]]}},{"id":"329","type":"Feature","properties":{"CVEGEO":"0901200010708"},"geometry":{"type":"Polygon","coordinates":[[[-99.13056,19.29052],[-99.12717,19.2866],[-99.13494,19.28538],[-99.13375,19.28623],[-99.1311,19.29108],[-99.13206,19.29204],[-99.13149,19.29523],[-99.12982,19.29454],[-99.13056,19.29052]]]}},{"id":"330","type":"Feature","properties":{"CVEGEO":"0901200010163"},"geometry":{"type":"Polygon","coordinates":[[[-99.16664,19.30189],[-99.16688,19.2989],[-99.17095,19.29851],[-99.17095,19.30247],[-99.16664,19.30189]]]}},{"id":"331","type":"Feature","properties":{"CVEGEO":"0901200010746"},"geometry":{"type":"Polygon","coordinates":[[[-99.12622,19.28706],[-99.1241,19.28682],[-99.12421,19.28586],[-99.12829,19.28431],[-99.12708,19.28686],[-99.12861,19.2891],[-99.12604,19.28877],[-99.12622,19.28706]]]}},{"id":"332","type":"Feature","properties":{"CVEGEO":"0901200010750"},"geometry":{"type":"Polygon","coordinates":[[[-99.12371,19.28801],[-99.12609,19.28827],[-99.12593,19.28998],[-99.12358,19.2897],[-99.12371,19.28801]]]}},{"id":"333","type":"Feature","properties":{"CVEGEO":"0901200010801"},"geometry":{"type":"Polygon","coordinates":[[[-99.23154,19.2771],[-99.23277,19.27703],[-99.23325,19.28262],[-99.22945,19.28293],[-99.22904,19.27718],[-99.23092,19.27707],[-99.23101,19.27844],[-99.23164,19.27846],[-99.23154,19.2771]]]}},{"id":"334","type":"Feature","properties":{"CVEGEO":"0901200010229"},"geometry":{"type":"Polygon","coordinates":[[[-99.13494,19.30241],[-99.13152,19.30198],[-99.13149,19.29523],[-99.13456,19.29644],[-99.13494,19.30241]]]}},{"id":"335","type":"Feature","properties":{"CVEGEO":"0901200010248"},"geometry":{"type":"Polygon","coordinates":[[[-99.1251,19.29729],[-99.1268,19.29686],[-99.12716,19.30027],[-99.12486,19.30028],[-99.1251,19.29729]]]}},{"id":"336","type":"Feature","properties":{"CVEGEO":"0901200010337"},"geometry":{"type":"Polygon","coordinates":[[[-99.22046,19.29069],[-99.22363,19.29044],[-99.22431,19.2983],[-99.22362,19.29747],[-99.22227,19.29756],[-99.22114,19.29677],[-99.22046,19.29069]]]}},{"id":"337","type":"Feature","properties":{"CVEGEO":"0901200010341"},"geometry":{"type":"Polygon","coordinates":[[[-99.21597,19.29465],[-99.21162,19.29319],[-99.21081,19.29279],[-99.21136,19.29136],[-99.22046,19.29069],[-99.22097,19.29663],[-99.21834,19.29461],[-99.21597,19.29465]]]}},{"id":"338","type":"Feature","properties":{"CVEGEO":"0901200010360"},"geometry":{"type":"Polygon","coordinates":[[[-99.18021,19.28825],[-99.18153,19.28884],[-99.18089,19.28998],[-99.18242,19.29109],[-99.18557,19.29189],[-99.18462,19.29424],[-99.18622,19.29502],[-99.18637,19.29572],[-99.17819,19.29285],[-99.18021,19.28825]]]}},{"id":"339","type":"Feature","properties":{"CVEGEO":"0901200010233"},"geometry":{"type":"Polygon","coordinates":[[[-99.12486,19.30028],[-99.12716,19.30027],[-99.1268,19.29686],[-99.1251,19.29729],[-99.12516,19.29689],[-99.12744,19.29623],[-99.13125,19.29659],[-99.13182,19.30354],[-99.12702,19.30182],[-99.12708,19.305],[-99.12466,19.30398],[-99.12486,19.30028]]]}},{"id":"340","type":"Feature","properties":{"CVEGEO":"0901200261689"},"geometry":{"type":"Polygon","coordinates":[[[-99.20547,19.229],[-99.20333,19.22627],[-99.20434,19.22521],[-99.20416,19.22437],[-99.20681,19.22379],[-99.20865,19.22016],[-99.21021,19.21889],[-99.21127,19.21944],[-99.21069,19.22225],[-99.21212,19.22544],[-99.21081,19.22698],[-99.21587,19.23152],[-99.20547,19.229]]]}},{"id":"341","type":"Feature","properties":{"CVEGEO":"0901200010619"},"geometry":{"type":"Polygon","coordinates":[[[-99.23325,19.28262],[-99.23372,19.28825],[-99.22977,19.28853],[-99.22939,19.28303],[-99.23325,19.28262]]]}},{"id":"342","type":"Feature","properties":{"CVEGEO":"0901200010799"},"geometry":{"type":"Polygon","coordinates":[[[-99.23532,19.27684],[-99.23601,19.28522],[-99.23452,19.28534],[-99.23342,19.2849],[-99.23277,19.27703],[-99.23532,19.27684]]]}},{"id":"343","type":"Feature","properties":{"CVEGEO":"0901200010553"},"geometry":{"type":"Polygon","coordinates":[[[-99.1392,19.2928],[-99.13597,19.29261],[-99.13529,19.28888],[-99.136,19.28713],[-99.13357,19.28693],[-99.13375,19.28623],[-99.13494,19.28538],[-99.14,19.28755],[-99.1392,19.2928]]]}},{"id":"344","type":"Feature","properties":{"CVEGEO":"0901200010587"},"geometry":{"type":"Polygon","coordinates":[[[-99.12304,19.294],[-99.1184,19.293],[-99.12041,19.29084],[-99.12297,19.29182],[-99.12304,19.294]]]}},{"id":"345","type":"Feature","properties":{"CVEGEO":"0901200010591"},"geometry":{"type":"Polygon","coordinates":[[[-99.11793,19.28812],[-99.11653,19.28938],[-99.12041,19.29084],[-99.1184,19.293],[-99.11694,19.29269],[-99.11491,19.2894],[-99.11793,19.28812]]]}},{"id":"346","type":"Feature","properties":{"CVEGEO":"0901200010924"},"geometry":{"type":"Polygon","coordinates":[[[-99.17435,19.28865],[-99.17635,19.28796],[-99.17801,19.28575],[-99.1797,19.28543],[-99.18067,19.28331],[-99.1819,19.28238],[-99.18268,19.28265],[-99.18418,19.28053],[-99.18693,19.28093],[-99.18804,19.28222],[-99.18569,19.28632],[-99.18333,19.28508],[-99.18035,19.2882],[-99.17833,19.2876],[-99.17743,19.28925],[-99.17475,19.29016],[-99.17402,19.28951],[-99.17435,19.28865]]]}},{"id":"347","type":"Feature","properties":{"CVEGEO":"0901200010958"},"geometry":{"type":"Polygon","coordinates":[[[-99.16458,19.28336],[-99.16801,19.28448],[-99.16772,19.28527],[-99.16983,19.28584],[-99.16954,19.28664],[-99.17435,19.28865],[-99.17387,19.28986],[-99.16898,19.28832],[-99.16859,19.28955],[-99.16304,19.28789],[-99.16458,19.28336]]]}},{"id":"348","type":"Feature","properties":{"CVEGEO":"0901200011123"},"geometry":{"type":"Polygon","coordinates":[[[-99.16794,19.2744],[-99.16766,19.27258],[-99.17033,19.27027],[-99.17074,19.26803],[-99.17279,19.26899],[-99.17014,19.27125],[-99.17373,19.2717],[-99.17016,19.2763],[-99.17036,19.27727],[-99.16781,19.27775],[-99.16731,19.2784],[-99.16605,19.27594],[-99.16794,19.2744]]]}},{"id":"349","type":"Feature","properties":{"CVEGEO":"0901200011142"},"geometry":{"type":"Polygon","coordinates":[[[-99.17523,19.26728],[-99.17436,19.27017],[-99.17909,19.27096],[-99.17883,19.2719],[-99.17014,19.27125],[-99.1726,19.26929],[-99.17197,19.26845],[-99.17407,19.26711],[-99.17523,19.26728]]]}},{"id":"350","type":"Feature","properties":{"CVEGEO":"0901200011161"},"geometry":{"type":"Polygon","coordinates":[[[-99.1792,19.26383],[-99.17972,19.26237],[-99.18453,19.26449],[-99.17691,19.26417],[-99.1757,19.2664],[-99.17573,19.2682],[-99.18286,19.26891],[-99.18215,19.27154],[-99.17436,19.27017],[-99.17527,19.26763],[-99.17443,19.26692],[-99.17409,19.26401],[-99.1759,19.26306],[-99.1792,19.26383]]]}},{"id":"351","type":"Feature","properties":{"CVEGEO":"0901200010318"},"geometry":{"type":"Polygon","coordinates":[[[-99.22641,19.29869],[-99.22749,19.29861],[-99.22675,19.29019],[-99.22978,19.28992],[-99.23032,19.29414],[-99.22961,19.2942],[-99.22974,19.29558],[-99.22911,19.29564],[-99.22943,19.29917],[-99.22641,19.29869]]]}},{"id":"352","type":"Feature","properties":{"CVEGEO":"0901200010322"},"geometry":{"type":"Polygon","coordinates":[[[-99.22377,19.29183],[-99.22688,19.29157],[-99.22749,19.29861],[-99.22431,19.2983],[-99.22377,19.29183]]]}},{"id":"353","type":"Feature","properties":{"CVEGEO":"0901200010093"},"geometry":{"type":"Polygon","coordinates":[[[-99.18458,19.29548],[-99.19072,19.2965],[-99.1907,19.29752],[-99.18796,19.29769],[-99.18758,19.29954],[-99.18568,19.30028],[-99.18458,19.29548]]]}},{"id":"354","type":"Feature","properties":{"CVEGEO":"0901200010144"},"geometry":{"type":"Polygon","coordinates":[[[-99.17159,19.29709],[-99.16794,19.29576],[-99.16832,19.29477],[-99.16995,19.29535],[-99.17075,19.2934],[-99.17549,19.29505],[-99.17514,19.29661],[-99.17326,19.29594],[-99.17285,19.29689],[-99.17159,19.29709]]]}},{"id":"355","type":"Feature","properties":{"CVEGEO":"0901200010178"},"geometry":{"type":"Polygon","coordinates":[[[-99.16691,19.29883],[-99.16794,19.29576],[-99.17159,19.29709],[-99.17285,19.29689],[-99.17326,19.29594],[-99.17514,19.29661],[-99.17449,19.29783],[-99.16691,19.29883]]]}},{"id":"356","type":"Feature","properties":{"CVEGEO":"0901200011570"},"geometry":{"type":"Polygon","coordinates":[[[-99.19754,19.26535],[-99.19461,19.266],[-99.19534,19.26477],[-99.19433,19.26341],[-99.19614,19.26099],[-99.19721,19.26193],[-99.20029,19.25887],[-99.20453,19.26379],[-99.20785,19.26247],[-99.20967,19.26417],[-99.21062,19.26642],[-99.21355,19.26856],[-99.20867,19.2673],[-99.20597,19.2653],[-99.20452,19.26608],[-99.2055,19.26924],[-99.2046,19.26971],[-99.20112,19.26896],[-99.19853,19.26717],[-99.19879,19.2667],[-99.19754,19.26535]]]}},{"id":"357","type":"Feature","properties":{"CVEGEO":"0901200011053"},"geometry":{"type":"Polygon","coordinates":[[[-99.15071,19.27887],[-99.15345,19.27827],[-99.15483,19.27337],[-99.15789,19.27417],[-99.15838,19.27592],[-99.15752,19.27457],[-99.15636,19.27435],[-99.1546,19.27902],[-99.15046,19.2805],[-99.15071,19.27887]]]}},{"id":"358","type":"Feature","properties":{"CVEGEO":"0901200012085"},"geometry":{"type":"Polygon","coordinates":[[[-99.18418,19.28053],[-99.18671,19.27718],[-99.1889,19.27704],[-99.19009,19.27922],[-99.18971,19.28055],[-99.18748,19.28158],[-99.18677,19.28089],[-99.18418,19.28053]]]}},{"id":"359","type":"Feature","properties":{"CVEGEO":"0901200012259"},"geometry":{"type":"Polygon","coordinates":[[[-99.15936,19.27161],[-99.16193,19.27438],[-99.15994,19.27656],[-99.15838,19.27592],[-99.15811,19.27476],[-99.15936,19.27161]]]}},{"id":"360","type":"Feature","properties":{"CVEGEO":"0901200272028"},"geometry":{"type":"Polygon","coordinates":[[[-99.14549,19.20201],[-99.14405,19.20298],[-99.14042,19.20246],[-99.14255,19.19976],[-99.14691,19.19643],[-99.14795,19.1971],[-99.14789,19.19797],[-99.14875,19.19782],[-99.14932,19.20472],[-99.14549,19.20201]]]}},{"id":"361","type":"Feature","properties":{"CVEGEO":"0901200272032"},"geometry":{"type":"Polygon","coordinates":[[[-99.13639,19.20297],[-99.13647,19.20187],[-99.138,19.19957],[-99.13993,19.19935],[-99.14028,19.198],[-99.14326,19.19553],[-99.14357,19.19404],[-99.14473,19.19282],[-99.14659,19.1935],[-99.14722,19.19612],[-99.13687,19.20516],[-99.13713,19.20328],[-99.13639,19.20297]]]}},{"id":"362","type":"Feature","properties":{"CVEGEO":"090120027230A"},"geometry":{"type":"Polygon","coordinates":[[[-99.15609,19.20876],[-99.15617,19.20631],[-99.16097,19.20771],[-99.16226,19.206],[-99.16289,19.20669],[-99.16501,19.20658],[-99.16519,19.2074],[-99.16434,19.20756],[-99.16419,19.20897],[-99.16547,19.20982],[-99.16448,19.21198],[-99.15609,19.20876]]]}},{"id":"363","type":"Feature","properties":{"CVEGEO":"0901200011458"},"geometry":{"type":"Polygon","coordinates":[[[-99.21931,19.27694],[-99.22008,19.27778],[-99.2182,19.27751],[-99.21827,19.27852],[-99.2141,19.27677],[-99.21654,19.27512],[-99.21789,19.27258],[-99.22037,19.27268],[-99.22057,19.27515],[-99.21931,19.27694]]]}},{"id":"364","type":"Feature","properties":{"CVEGEO":"0901200012102"},"geometry":{"type":"Polygon","coordinates":[[[-99.16047,19.28077],[-99.16102,19.2796],[-99.15903,19.27763],[-99.16193,19.27438],[-99.16461,19.27539],[-99.1633,19.27829],[-99.16437,19.27866],[-99.16269,19.28135],[-99.16047,19.28077]]]}},{"id":"365","type":"Feature","properties":{"CVEGEO":"0901200011941"},"geometry":{"type":"Polygon","coordinates":[[[-99.11759,19.294],[-99.11837,19.29557],[-99.11588,19.29665],[-99.11585,19.29725],[-99.11549,19.29654],[-99.11432,19.29634],[-99.11455,19.29505],[-99.11759,19.294]]]}},{"id":"366","type":"Feature","properties":{"CVEGEO":"0901200011922"},"geometry":{"type":"Polygon","coordinates":[[[-99.12402,19.29728],[-99.12516,19.29689],[-99.12442,19.29853],[-99.1202,19.29931],[-99.11963,19.29816],[-99.12402,19.29728]]]}},{"id":"367","type":"Feature","properties":{"CVEGEO":"0901200012189"},"geometry":{"type":"Polygon","coordinates":[[[-99.20223,19.28254],[-99.20327,19.28227],[-99.20363,19.28323],[-99.20662,19.28231],[-99.20618,19.28025],[-99.20795,19.27971],[-99.20987,19.28534],[-99.20953,19.28612],[-99.20366,19.28677],[-99.20223,19.28254]]]}},{"id":"368","type":"Feature","properties":{"CVEGEO":"0901200012371"},"geometry":{"type":"Polygon","coordinates":[[[-99.1871,19.24585],[-99.18525,19.24409],[-99.18666,19.24318],[-99.18929,19.24405],[-99.19061,19.24301],[-99.19184,19.24341],[-99.19283,19.2426],[-99.19439,19.24276],[-99.19516,19.24375],[-99.19385,19.24461],[-99.19075,19.24487],[-99.18929,19.24615],[-99.1871,19.24585]]]}},{"id":"369","type":"Feature","properties":{"CVEGEO":"0901200011744"},"geometry":{"type":"Polygon","coordinates":[[[-99.17972,19.26237],[-99.1792,19.26383],[-99.17689,19.2637],[-99.17581,19.26271],[-99.17474,19.26366],[-99.17294,19.26374],[-99.1741,19.26173],[-99.17375,19.25788],[-99.17465,19.25733],[-99.17617,19.25779],[-99.17694,19.25739],[-99.17748,19.25825],[-99.17876,19.2572],[-99.18096,19.2581],[-99.1815,19.25735],[-99.18395,19.25882],[-99.18459,19.25733],[-99.18487,19.25776],[-99.1864,19.25608],[-99.19237,19.25546],[-99.19306,19.25324],[-99.19821,19.25496],[-99.20029,19.25887],[-99.19721,19.26193],[-99.19614,19.26099],[-99.19433,19.26341],[-99.19534,19.26477],[-99.19437,19.26566],[-99.18625,19.26523],[-99.17972,19.26237]]]}},{"id":"370","type":"Feature","properties":{"CVEGEO":"0901200192460"},"geometry":{"type":"Polygon","coordinates":[[[-99.17094,19.13828],[-99.17216,19.13704],[-99.17261,19.13755],[-99.17471,19.13636],[-99.1741,19.13553],[-99.17719,19.13368],[-99.17999,19.13004],[-99.18388,19.1324],[-99.18426,19.13193],[-99.18589,19.13289],[-99.18545,19.1335],[-99.17825,19.13383],[-99.17665,19.13687],[-99.1775,19.13749],[-99.17638,19.13841],[-99.17685,19.13979],[-99.17547,19.14057],[-99.17395,19.14353],[-99.16926,19.14115],[-99.17094,19.13828]]]}},{"id":"371","type":"Feature","properties":{"CVEGEO":"0901200261528"},"geometry":{"type":"Polygon","coordinates":[[[-99.19543,19.22024],[-99.19679,19.21372],[-99.19822,19.21348],[-99.19978,19.21219],[-99.2025,19.213],[-99.20583,19.21285],[-99.20444,19.21462],[-99.20416,19.22437],[-99.19928,19.22576],[-99.19742,19.2289],[-99.19652,19.22762],[-99.19543,19.22024]]]}},{"id":"372","type":"Feature","properties":{"CVEGEO":"0901200010394"},"geometry":{"type":"Polygon","coordinates":[[[-99.16619,19.2918],[-99.17075,19.2934],[-99.16995,19.29535],[-99.16832,19.29477],[-99.16718,19.29769],[-99.16392,19.29652],[-99.16455,19.29435],[-99.16561,19.29382],[-99.16619,19.2918]]]}},{"id":"373","type":"Feature","properties":{"CVEGEO":"0901200262390"},"geometry":{"type":"Polygon","coordinates":[[[-99.19435,19.22952],[-99.19373,19.23095],[-99.19303,19.22999],[-99.1933,19.22933],[-99.19435,19.22952]]]}},{"id":"374","type":"Feature","properties":{"CVEGEO":"0901200272422"},"geometry":{"type":"Polygon","coordinates":[[[-99.15609,19.20876],[-99.15973,19.20973],[-99.1596,19.21015],[-99.1642,19.21206],[-99.1673,19.21212],[-99.16773,19.21272],[-99.16762,19.2134],[-99.16571,19.2135],[-99.16449,19.21518],[-99.16204,19.21477],[-99.16235,19.21614],[-99.16158,19.21739],[-99.16045,19.21662],[-99.16041,19.21482],[-99.15787,19.21411],[-99.15764,19.21481],[-99.15889,19.21681],[-99.15567,19.21605],[-99.15707,19.21501],[-99.15613,19.21478],[-99.15627,19.21251],[-99.15497,19.2114],[-99.15609,19.20876]]]}},{"id":"375","type":"Feature","properties":{"CVEGEO":"0901200012386"},"geometry":{"type":"Polygon","coordinates":[[[-99.18399,19.23864],[-99.18484,19.23913],[-99.18399,19.23927],[-99.18287,19.24199],[-99.18404,19.24245],[-99.18256,19.24362],[-99.18109,19.24271],[-99.18248,19.24095],[-99.18241,19.23959],[-99.18399,19.23864]]]}},{"id":"376","type":"Feature","properties":{"CVEGEO":"090120001159A"},"geometry":{"type":"Polygon","coordinates":[[[-99.17682,19.2524],[-99.17644,19.25069],[-99.17328,19.24984],[-99.17417,19.24789],[-99.17353,19.2475],[-99.17397,19.24648],[-99.17335,19.24552],[-99.17534,19.24519],[-99.17651,19.24332],[-99.17795,19.24445],[-99.17822,19.24349],[-99.18038,19.24241],[-99.18119,19.24085],[-99.18241,19.24055],[-99.18241,19.23959],[-99.18248,19.24095],[-99.18109,19.24271],[-99.18256,19.24362],[-99.18374,19.24251],[-99.18577,19.24263],[-99.18587,19.24154],[-99.18737,19.23978],[-99.1903,19.23906],[-99.18782,19.24285],[-99.18525,19.24409],[-99.1871,19.24585],[-99.18337,19.2498],[-99.17937,19.25214],[-99.18008,19.25445],[-99.17907,19.25448],[-99.17941,19.25381],[-99.17682,19.2524]]]}},{"id":"377","type":"Feature","properties":{"CVEGEO":"0901200010981"},"geometry":{"type":"Polygon","coordinates":[[[-99.14,19.28755],[-99.1406,19.28361],[-99.1389,19.28224],[-99.14561,19.28418],[-99.14903,19.287],[-99.14677,19.29051],[-99.14,19.28755]]]}},{"id":"378","type":"Feature","properties":{"CVEGEO":"0901200012456"},"geometry":{"type":"Polygon","coordinates":[[[-99.14038,19.24359],[-99.14201,19.24364],[-99.14426,19.24474],[-99.14401,19.23968],[-99.1456,19.23933],[-99.14668,19.24034],[-99.14752,19.24026],[-99.14954,19.24418],[-99.14491,19.2453],[-99.14356,19.24818],[-99.14178,19.24899],[-99.13892,19.24597],[-99.14038,19.24359]]]}},{"id":"379","type":"Feature","properties":{"CVEGEO":"0901200010892"},"geometry":{"type":"Polygon","coordinates":[[[-99.19542,19.2787],[-99.19574,19.27959],[-99.19631,19.2794],[-99.19781,19.28152],[-99.19685,19.28221],[-99.19723,19.28311],[-99.1953,19.28416],[-99.19588,19.28607],[-99.19237,19.28631],[-99.19061,19.28408],[-99.19273,19.28311],[-99.1907,19.2804],[-99.19542,19.2787]]]}},{"id":"380","type":"Feature","properties":{"CVEGEO":"0901200011496"},"geometry":{"type":"Polygon","coordinates":[[[-99.2379,19.27518],[-99.23586,19.27519],[-99.23573,19.27381],[-99.2443,19.27246],[-99.24346,19.27565],[-99.24536,19.27679],[-99.24491,19.28014],[-99.24332,19.28144],[-99.24263,19.28126],[-99.24434,19.27969],[-99.24423,19.27848],[-99.24316,19.27792],[-99.23994,19.27814],[-99.2379,19.27518]]]}},{"id":"381","type":"Feature","properties":{"CVEGEO":"0901200262437"},"geometry":{"type":"Polygon","coordinates":[[[-99.20208,19.23356],[-99.20342,19.23294],[-99.2057,19.23281],[-99.20637,19.2341],[-99.20525,19.23344],[-99.20471,19.23385],[-99.20567,19.23491],[-99.20412,19.23607],[-99.2027,19.23592],[-99.20185,19.23535],[-99.20208,19.23356]]]}},{"id":"382","type":"Feature","properties":{"CVEGEO":"0901200262297"},"geometry":{"type":"Polygon","coordinates":[[[-99.21789,19.23219],[-99.21587,19.23152],[-99.21291,19.22918],[-99.21081,19.22698],[-99.21212,19.22544],[-99.21062,19.22172],[-99.21209,19.21806],[-99.21525,19.21629],[-99.22323,19.21762],[-99.2241,19.22416],[-99.23056,19.23313],[-99.22771,19.23187],[-99.21789,19.23219]]]}},{"id":"383","type":"Feature","properties":{"CVEGEO":"0901200261674"},"geometry":{"type":"Polygon","coordinates":[[[-99.19928,19.22576],[-99.20416,19.22437],[-99.20434,19.22521],[-99.20334,19.22643],[-99.20547,19.229],[-99.21923,19.23231],[-99.21768,19.23276],[-99.20893,19.23202],[-99.20062,19.234],[-99.19741,19.23413],[-99.19742,19.2289],[-99.19928,19.22576]]]}},{"id":"384","type":"Feature","properties":{"CVEGEO":"090120026166A"},"geometry":{"type":"Polygon","coordinates":[[[-99.19433,19.22987],[-99.19489,19.22679],[-99.19473,19.22023],[-99.196,19.22253],[-99.19652,19.22762],[-99.19775,19.22966],[-99.19741,19.23413],[-99.19413,19.23401],[-99.19417,19.23349],[-99.19106,19.23435],[-99.19433,19.22987]]]}},{"id":"385","type":"Feature","properties":{"CVEGEO":"0901200011602"},"geometry":{"type":"Polygon","coordinates":[[[-99.17319,19.24136],[-99.17223,19.24106],[-99.17181,19.23967],[-99.17225,19.23907],[-99.17371,19.23927],[-99.17459,19.23415],[-99.1791,19.23257],[-99.18249,19.23411],[-99.18374,19.23388],[-99.18442,19.23464],[-99.18664,19.23385],[-99.18976,19.23641],[-99.18806,19.23756],[-99.18243,19.23928],[-99.18241,19.24055],[-99.18119,19.24085],[-99.18038,19.24241],[-99.17822,19.24349],[-99.17795,19.24445],[-99.17651,19.24332],[-99.17534,19.24519],[-99.17335,19.24552],[-99.17319,19.24136]]]}},{"id":"386","type":"Feature","properties":{"CVEGEO":"0901200271797"},"geometry":{"type":"Polygon","coordinates":[[[-99.13723,19.1931],[-99.13878,19.19411],[-99.14008,19.19382],[-99.13916,19.19205],[-99.14031,19.19046],[-99.14142,19.19046],[-99.14106,19.18948],[-99.14234,19.18857],[-99.14293,19.18542],[-99.14417,19.18515],[-99.14405,19.18462],[-99.14557,19.1848],[-99.14545,19.1856],[-99.14793,19.18616],[-99.1477,19.18672],[-99.14893,19.18707],[-99.14736,19.18725],[-99.14678,19.18955],[-99.14974,19.19039],[-99.14896,19.19255],[-99.15289,19.19198],[-99.15344,19.19231],[-99.15229,19.19362],[-99.15316,19.19423],[-99.15528,19.19402],[-99.15582,19.19294],[-99.15709,19.19396],[-99.14789,19.19797],[-99.14795,19.1971],[-99.14691,19.19643],[-99.14723,19.19477],[-99.14672,19.19364],[-99.14498,19.19268],[-99.14357,19.19404],[-99.14326,19.19553],[-99.14015,19.19822],[-99.13723,19.1931]]]}},{"id":"387","type":"Feature","properties":{"CVEGEO":"0901200261706"},"geometry":{"type":"Polygon","coordinates":[[[-99.211,19.21399],[-99.20774,19.21381],[-99.20504,19.21261],[-99.2025,19.213],[-99.19978,19.21219],[-99.19822,19.21348],[-99.19679,19.21372],[-99.19728,19.2109],[-99.20025,19.21059],[-99.20144,19.20931],[-99.20503,19.21019],[-99.21595,19.20907],[-99.21686,19.20992],[-99.21678,19.21236],[-99.21466,19.21573],[-99.211,19.21399]]]}},{"id":"388","type":"Feature","properties":{"CVEGEO":"0901200261693"},"geometry":{"type":"Polygon","coordinates":[[[-99.21676,19.21246],[-99.21698,19.20773],[-99.2207,19.20868],[-99.21832,19.21099],[-99.22597,19.20922],[-99.21462,19.21641],[-99.21676,19.21246]]]}},{"id":"389","type":"Feature","properties":{"CVEGEO":"0901200012348"},"geometry":{"type":"Polygon","coordinates":[[[-99.1652,19.22828],[-99.16551,19.22531],[-99.16653,19.22603],[-99.16604,19.22659],[-99.16655,19.22754],[-99.16787,19.22771],[-99.16749,19.22869],[-99.16841,19.22901],[-99.16819,19.22992],[-99.1658,19.23038],[-99.1652,19.22828]]]}},{"id":"390","type":"Feature","properties":{"CVEGEO":"0901200011617"},"geometry":{"type":"Polygon","coordinates":[[[-99.16794,19.23616],[-99.16827,19.23336],[-99.16806,19.23281],[-99.16635,19.233],[-99.16626,19.23029],[-99.17257,19.22791],[-99.1752,19.22612],[-99.17974,19.22632],[-99.18264,19.22758],[-99.17981,19.23013],[-99.18153,19.2326],[-99.18428,19.23315],[-99.18435,19.23419],[-99.18549,19.2342],[-99.18428,19.23461],[-99.18374,19.23388],[-99.18249,19.23411],[-99.18134,19.23323],[-99.17846,19.23265],[-99.17459,19.23415],[-99.17371,19.23927],[-99.1723,19.23908],[-99.16794,19.23616]]]}},{"id":"391","type":"Feature","properties":{"CVEGEO":"0901200261532"},"geometry":{"type":"Polygon","coordinates":[[[-99.20444,19.21462],[-99.20583,19.21285],[-99.20793,19.21385],[-99.211,19.21399],[-99.21491,19.2159],[-99.21127,19.21944],[-99.21021,19.21889],[-99.20913,19.21959],[-99.20674,19.22386],[-99.2041,19.22415],[-99.20444,19.21462]]]}},{"id":"392","type":"Feature","properties":{"CVEGEO":"0901200011621"},"geometry":{"type":"Polygon","coordinates":[[[-99.16693,19.25013],[-99.16757,19.24835],[-99.16583,19.24744],[-99.16611,19.24486],[-99.16076,19.24353],[-99.16209,19.23897],[-99.16109,19.23771],[-99.16285,19.23571],[-99.16389,19.23612],[-99.1648,19.23527],[-99.16859,19.23632],[-99.17217,19.23926],[-99.17223,19.24106],[-99.17319,19.24136],[-99.1733,19.24545],[-99.17397,19.24648],[-99.17348,19.24733],[-99.17417,19.24789],[-99.17328,19.24984],[-99.17033,19.24888],[-99.16972,19.24911],[-99.16924,19.25086],[-99.16693,19.25013]]]}},{"id":"393","type":"Feature","properties":{"CVEGEO":"0901200011636"},"geometry":{"type":"Polygon","coordinates":[[[-99.16182,19.25163],[-99.15855,19.25049],[-99.15947,19.24752],[-99.16369,19.24831],[-99.16241,19.24648],[-99.1631,19.2438],[-99.16611,19.24486],[-99.16583,19.24744],[-99.16755,19.24872],[-99.16684,19.25158],[-99.16133,19.25326],[-99.16182,19.25163]]]}},{"id":"394","type":"Feature","properties":{"CVEGEO":"0901200011640"},"geometry":{"type":"Polygon","coordinates":[[[-99.15707,19.25419],[-99.15622,19.25332],[-99.15587,19.24953],[-99.1544,19.24775],[-99.15696,19.24204],[-99.15692,19.23926],[-99.15819,19.23785],[-99.1585,19.23609],[-99.16136,19.24068],[-99.16076,19.24353],[-99.163,19.24383],[-99.16241,19.24648],[-99.16369,19.24816],[-99.15946,19.24753],[-99.15854,19.25057],[-99.16182,19.25163],[-99.16133,19.25326],[-99.16183,19.25349],[-99.16143,19.25448],[-99.15982,19.2554],[-99.15836,19.25402],[-99.15707,19.25419]]]}},{"id":"395","type":"Feature","properties":{"CVEGEO":"0901200011212"},"geometry":{"type":"Polygon","coordinates":[[[-99.15911,19.23662],[-99.15747,19.23547],[-99.15911,19.23502],[-99.15861,19.23376],[-99.16061,19.23422],[-99.16244,19.23332],[-99.16365,19.23157],[-99.1659,19.23066],[-99.16635,19.233],[-99.16806,19.23281],[-99.16827,19.23336],[-99.16794,19.23616],[-99.1648,19.23527],[-99.16389,19.23612],[-99.16285,19.23571],[-99.16109,19.23771],[-99.16209,19.23897],[-99.16136,19.24068],[-99.15911,19.23662]]]}},{"id":"396","type":"Feature","properties":{"CVEGEO":"0901200011655"},"geometry":{"type":"Polygon","coordinates":[[[-99.16026,19.23342],[-99.15998,19.23148],[-99.15906,19.23088],[-99.15993,19.23047],[-99.161,19.23141],[-99.16305,19.22654],[-99.16273,19.22537],[-99.16427,19.22459],[-99.16551,19.22531],[-99.1652,19.22828],[-99.1659,19.23066],[-99.16268,19.23229],[-99.16244,19.23332],[-99.16026,19.23342]]]}},{"id":"397","type":"Feature","properties":{"CVEGEO":"0901200012352"},"geometry":{"type":"Polygon","coordinates":[[[-99.15683,19.22625],[-99.15652,19.22413],[-99.15475,19.22341],[-99.15338,19.22598],[-99.15274,19.22484],[-99.15116,19.22437],[-99.15248,19.22053],[-99.15411,19.2232],[-99.15416,19.22206],[-99.15558,19.2207],[-99.15582,19.22237],[-99.1566,19.22233],[-99.15735,19.22321],[-99.15938,19.2224],[-99.16056,19.22358],[-99.1624,19.22413],[-99.16305,19.22654],[-99.16182,19.23038],[-99.161,19.23141],[-99.15683,19.22625]]]}},{"id":"398","type":"Feature","properties":{"CVEGEO":"0901200012441"},"geometry":{"type":"Polygon","coordinates":[[[-99.14445,19.23452],[-99.14793,19.23452],[-99.14819,19.2362],[-99.14929,19.23404],[-99.15068,19.23462],[-99.15062,19.23243],[-99.15238,19.22928],[-99.15298,19.22665],[-99.15402,19.22557],[-99.15421,19.22383],[-99.15502,19.22329],[-99.15652,19.22413],[-99.15683,19.22625],[-99.15986,19.23047],[-99.15906,19.23088],[-99.15998,19.23148],[-99.15977,19.23256],[-99.16122,19.23378],[-99.16061,19.23422],[-99.15872,19.23368],[-99.15911,19.23502],[-99.1575,19.23534],[-99.1585,19.23609],[-99.15835,19.23738],[-99.15693,19.23923],[-99.15696,19.24204],[-99.15485,19.24573],[-99.15527,19.24591],[-99.15449,19.24771],[-99.14986,19.24476],[-99.14445,19.23452]]]}},{"id":"399","type":"Feature","properties":{"CVEGEO":"090120001173A"},"geometry":{"type":"Polygon","coordinates":[[[-99.22613,19.26601],[-99.22712,19.26314],[-99.22999,19.26302],[-99.23194,19.26384],[-99.23186,19.26522],[-99.23011,19.2657],[-99.2295,19.26649],[-99.22613,19.26601]]]}},{"id":"400","type":"Feature","properties":{"CVEGEO":"0901200271778"},"geometry":{"type":"Polygon","coordinates":[[[-99.13564,19.21075],[-99.13581,19.20932],[-99.1342,19.20922],[-99.13687,19.20516],[-99.14042,19.20246],[-99.14415,19.20297],[-99.14549,19.20201],[-99.14932,19.20472],[-99.1505,19.2073],[-99.15023,19.20853],[-99.14871,19.20801],[-99.14768,19.20919],[-99.14741,19.20809],[-99.14448,19.2075],[-99.14446,19.20662],[-99.14361,19.20659],[-99.14155,19.20863],[-99.14063,19.20859],[-99.13883,19.21001],[-99.1384,19.20949],[-99.13564,19.21075]]]}},{"id":"401","type":"Feature","properties":{"CVEGEO":"0901200271782"},"geometry":{"type":"Polygon","coordinates":[[[-99.13243,19.20648],[-99.13008,19.20385],[-99.1303,19.20318],[-99.12931,19.203],[-99.12914,19.19919],[-99.12948,19.19852],[-99.13344,19.19915],[-99.13495,19.19728],[-99.1326,19.19462],[-99.13478,19.1952],[-99.13656,19.19312],[-99.13999,19.19719],[-99.14,19.19916],[-99.138,19.19957],[-99.13688,19.20104],[-99.13655,19.20589],[-99.1342,19.20922],[-99.1335,19.209],[-99.13322,19.21006],[-99.13243,19.20648]]]}},{"id":"402","type":"Feature","properties":{"CVEGEO":"0901200011547"},"geometry":{"type":"Polygon","coordinates":[[[-99.19041,19.2746],[-99.19303,19.27356],[-99.19493,19.27092],[-99.19498,19.27011],[-99.19246,19.26913],[-99.19281,19.26592],[-99.19754,19.26535],[-99.19879,19.2667],[-99.19853,19.26717],[-99.20112,19.26896],[-99.2046,19.26971],[-99.2055,19.26924],[-99.20608,19.27256],[-99.20825,19.27577],[-99.20575,19.2763],[-99.20614,19.27768],[-99.20189,19.27806],[-99.20149,19.27701],[-99.19331,19.27946],[-99.19041,19.2746]]]}},{"id":"403","type":"Feature","properties":{"CVEGEO":"0901200012282"},"geometry":{"type":"Polygon","coordinates":[[[-99.1889,19.27704],[-99.18696,19.27706],[-99.18736,19.27522],[-99.18933,19.27214],[-99.19084,19.27242],[-99.19109,19.27346],[-99.19235,19.27371],[-99.19041,19.2746],[-99.19331,19.27946],[-99.18901,19.28101],[-99.19009,19.27922],[-99.1889,19.27704]]]}},{"id":"404","type":"Feature","properties":{"CVEGEO":"0901200262418"},"geometry":{"type":"Polygon","coordinates":[[[-99.17753,19.216],[-99.17572,19.21437],[-99.17183,19.21457],[-99.17788,19.20521],[-99.18108,19.20695],[-99.18277,19.20546],[-99.18249,19.20764],[-99.18966,19.21301],[-99.18526,19.21043],[-99.18073,19.21635],[-99.17856,19.21519],[-99.17753,19.216]]]}},{"id":"405","type":"Feature","properties":{"CVEGEO":"0901200012278"},"geometry":{"type":"Polygon","coordinates":[[[-99.19063,19.27285],[-99.19184,19.27038],[-99.19319,19.27031],[-99.19317,19.26924],[-99.19498,19.27011],[-99.19423,19.2724],[-99.19303,19.27356],[-99.19167,19.27373],[-99.19063,19.27285]]]}},{"id":"406","type":"Feature","properties":{"CVEGEO":"0901400010543"},"geometry":{"type":"Polygon","coordinates":[[[-99.1884,19.37846],[-99.1917,19.37893],[-99.19173,19.38268],[-99.19084,19.38502],[-99.18954,19.38507],[-99.19,19.38347],[-99.18782,19.38325],[-99.1884,19.37846]]]}},{"id":"407","type":"Feature","properties":{"CVEGEO":"0901400010967"},"geometry":{"type":"Polygon","coordinates":[[[-99.1635,19.35827],[-99.16978,19.35866],[-99.17171,19.35957],[-99.16981,19.36312],[-99.16648,19.36219],[-99.16801,19.36084],[-99.16339,19.3594],[-99.1635,19.35827]]]}},{"id":"408","type":"Feature","properties":{"CVEGEO":"0901400010045"},"geometry":{"type":"Polygon","coordinates":[[[-99.16678,19.39497],[-99.1671,19.39366],[-99.16937,19.39645],[-99.17025,19.39983],[-99.16527,19.40133],[-99.16678,19.39497]]]}},{"id":"409","type":"Feature","properties":{"CVEGEO":"0901400010168"},"geometry":{"type":"Polygon","coordinates":[[[-99.13169,19.39452],[-99.13211,19.39249],[-99.13801,19.39393],[-99.13777,19.3954],[-99.13169,19.39452]]]}},{"id":"410","type":"Feature","properties":{"CVEGEO":"0901400010971"},"geometry":{"type":"Polygon","coordinates":[[[-99.1586,19.36293],[-99.16033,19.3621],[-99.16046,19.36126],[-99.15878,19.35801],[-99.1635,19.35827],[-99.16299,19.36213],[-99.16494,19.3621],[-99.16378,19.36505],[-99.1586,19.36293]]]}},{"id":"411","type":"Feature","properties":{"CVEGEO":"0901400010878"},"geometry":{"type":"Polygon","coordinates":[[[-99.13852,19.36363],[-99.14252,19.36428],[-99.14169,19.36929],[-99.13742,19.36862],[-99.13852,19.36363]]]}},{"id":"412","type":"Feature","properties":{"CVEGEO":"090140001051A"},"geometry":{"type":"Polygon","coordinates":[[[-99.13444,19.38197],[-99.13971,19.38267],[-99.13933,19.38519],[-99.13392,19.38447],[-99.13444,19.38197]]]}},{"id":"413","type":"Feature","properties":{"CVEGEO":"0901400010524"},"geometry":{"type":"Polygon","coordinates":[[[-99.135,19.37927],[-99.14012,19.37994],[-99.13971,19.38267],[-99.13444,19.38197],[-99.135,19.37927]]]}},{"id":"414","type":"Feature","properties":{"CVEGEO":"0901400010346"},"geometry":{"type":"Polygon","coordinates":[[[-99.18647,19.38511],[-99.19084,19.38502],[-99.18871,19.39235],[-99.1857,19.39234],[-99.18647,19.38511]]]}},{"id":"415","type":"Feature","properties":{"CVEGEO":"0901400010670"},"geometry":{"type":"Polygon","coordinates":[[[-99.13742,19.36862],[-99.14169,19.36929],[-99.14088,19.3748],[-99.13623,19.37385],[-99.13742,19.36862]]]}},{"id":"416","type":"Feature","properties":{"CVEGEO":"0901400010914"},"geometry":{"type":"Polygon","coordinates":[[[-99.18268,19.36235],[-99.18354,19.36178],[-99.18568,19.36172],[-99.18913,19.36301],[-99.18897,19.36462],[-99.18491,19.36416],[-99.18489,19.36527],[-99.18374,19.36488],[-99.18249,19.36905],[-99.18087,19.36784],[-99.18268,19.36235]]]}},{"id":"417","type":"Feature","properties":{"CVEGEO":"0901400010115"},"geometry":{"type":"Polygon","coordinates":[[[-99.13752,19.397],[-99.14566,19.39818],[-99.1453,19.40105],[-99.13706,19.39985],[-99.13752,19.397]]]}},{"id":"418","type":"Feature","properties":{"CVEGEO":"0901400011024"},"geometry":{"type":"Polygon","coordinates":[[[-99.13984,19.35692],[-99.14386,19.35726],[-99.14252,19.36428],[-99.13852,19.36363],[-99.13984,19.35692]]]}},{"id":"419","type":"Feature","properties":{"CVEGEO":"0901400010153"},"geometry":{"type":"Polygon","coordinates":[[[-99.13169,19.39452],[-99.13416,19.39488],[-99.13345,19.39902],[-99.13094,19.39895],[-99.13169,19.39452]]]}},{"id":"420","type":"Feature","properties":{"CVEGEO":"0901400010219"},"geometry":{"type":"Polygon","coordinates":[[[-99.17284,19.39267],[-99.17871,19.39092],[-99.17959,19.39317],[-99.1777,19.39379],[-99.17581,19.3933],[-99.1724,19.3987],[-99.17311,19.39897],[-99.17044,19.39979],[-99.17284,19.39267]]]}},{"id":"421","type":"Feature","properties":{"CVEGEO":"0901400010882"},"geometry":{"type":"Polygon","coordinates":[[[-99.18824,19.37084],[-99.18913,19.36301],[-99.19109,19.36349],[-99.19076,19.36679],[-99.19174,19.37068],[-99.18941,19.36992],[-99.18911,19.37259],[-99.18799,19.37255],[-99.18824,19.37084]]]}},{"id":"422","type":"Feature","properties":{"CVEGEO":"0901400010187"},"geometry":{"type":"Polygon","coordinates":[[[-99.17994,19.39643],[-99.18123,19.39244],[-99.18871,19.39235],[-99.18837,19.39382],[-99.18906,19.39559],[-99.1789,19.39737],[-99.17994,19.39643]]]}},{"id":"423","type":"Feature","properties":{"CVEGEO":"0901400010929"},"geometry":{"type":"Polygon","coordinates":[[[-99.1744,19.36543],[-99.17901,19.36642],[-99.17774,19.36514],[-99.1796,19.36315],[-99.18097,19.36293],[-99.18037,19.36459],[-99.17983,19.36459],[-99.18078,19.36773],[-99.18026,19.36749],[-99.17952,19.36967],[-99.17849,19.36884],[-99.17383,19.36769],[-99.1744,19.36543]]]}},{"id":"424","type":"Feature","properties":{"CVEGEO":"0901400010933"},"geometry":{"type":"Polygon","coordinates":[[[-99.17264,19.36503],[-99.17298,19.36277],[-99.17129,19.36034],[-99.17171,19.35957],[-99.17901,19.36642],[-99.17264,19.36503]]]}},{"id":"425","type":"Feature","properties":{"CVEGEO":"0901400010986"},"geometry":{"type":"Polygon","coordinates":[[[-99.15316,19.3577],[-99.15878,19.35801],[-99.16033,19.3621],[-99.1565,19.36361],[-99.15475,19.36339],[-99.15316,19.3577]]]}},{"id":"426","type":"Feature","properties":{"CVEGEO":"090140001101A"},"geometry":{"type":"Polygon","coordinates":[[[-99.14386,19.35726],[-99.15126,19.3576],[-99.15066,19.36121],[-99.14328,19.35999],[-99.14386,19.35726]]]}},{"id":"427","type":"Feature","properties":{"CVEGEO":"0901400010990"},"geometry":{"type":"Polygon","coordinates":[[[-99.15126,19.3576],[-99.15316,19.3577],[-99.15475,19.36339],[-99.15425,19.36612],[-99.14991,19.36547],[-99.15126,19.3576]]]}},{"id":"428","type":"Feature","properties":{"CVEGEO":"0901400010312"},"geometry":{"type":"Polygon","coordinates":[[[-99.13305,19.38837],[-99.13571,19.38873],[-99.13554,19.3901],[-99.13853,19.3905],[-99.13835,19.39172],[-99.1324,19.39116],[-99.13305,19.38837]]]}},{"id":"429","type":"Feature","properties":{"CVEGEO":"0901400010327"},"geometry":{"type":"Polygon","coordinates":[[[-99.13554,19.3901],[-99.13571,19.38873],[-99.13305,19.38837],[-99.13341,19.38665],[-99.13766,19.38757],[-99.13903,19.38713],[-99.13853,19.3905],[-99.13554,19.3901]]]}},{"id":"430","type":"Feature","properties":{"CVEGEO":"0901400010331"},"geometry":{"type":"Polygon","coordinates":[[[-99.13341,19.38665],[-99.13392,19.38447],[-99.13933,19.38519],[-99.13903,19.38713],[-99.13341,19.38665]]]}},{"id":"431","type":"Feature","properties":{"CVEGEO":"0901400010685"},"geometry":{"type":"Polygon","coordinates":[[[-99.1886,19.37673],[-99.18956,19.37698],[-99.18979,19.37596],[-99.1891,19.37601],[-99.18871,19.37505],[-99.18963,19.37262],[-99.18911,19.37259],[-99.18941,19.36992],[-99.19174,19.37068],[-99.1917,19.37893],[-99.1884,19.37846],[-99.1886,19.37673]]]}},{"id":"432","type":"Feature","properties":{"CVEGEO":"0901400010717"},"geometry":{"type":"Polygon","coordinates":[[[-99.17637,19.3802],[-99.17566,19.38001],[-99.17652,19.37662],[-99.17579,19.37647],[-99.17614,19.3752],[-99.17694,19.37537],[-99.18026,19.36749],[-99.18078,19.36773],[-99.17983,19.36459],[-99.18037,19.36459],[-99.18097,19.36293],[-99.18268,19.36235],[-99.17562,19.38317],[-99.17514,19.38061],[-99.17637,19.3802]]]}},{"id":"433","type":"Feature","properties":{"CVEGEO":"0901400010149"},"geometry":{"type":"Polygon","coordinates":[[[-99.1342,19.39464],[-99.13777,19.3954],[-99.13718,19.3992],[-99.13345,19.39902],[-99.1342,19.39464]]]}},{"id":"434","type":"Feature","properties":{"CVEGEO":"0901400010172"},"geometry":{"type":"Polygon","coordinates":[[[-99.1324,19.39116],[-99.13835,19.39172],[-99.13801,19.39393],[-99.13211,19.39249],[-99.1324,19.39116]]]}},{"id":"435","type":"Feature","properties":{"CVEGEO":"0901400010204"},"geometry":{"type":"Polygon","coordinates":[[[-99.17818,19.39393],[-99.17946,19.39701],[-99.17311,19.39897],[-99.1724,19.3987],[-99.1757,19.39346],[-99.17818,19.39393]]]}},{"id":"436","type":"Feature","properties":{"CVEGEO":"0901400010011"},"geometry":{"type":"Polygon","coordinates":[[[-99.15852,19.40154],[-99.15891,19.39604],[-99.16027,19.39615],[-99.15988,19.40148],[-99.16214,19.40119],[-99.16229,19.40241],[-99.1554,19.40406],[-99.1556,19.40172],[-99.15852,19.40154]]]}},{"id":"437","type":"Feature","properties":{"CVEGEO":"0901400010026"},"geometry":{"type":"Polygon","coordinates":[[[-99.14514,19.40223],[-99.1556,19.40172],[-99.1554,19.40406],[-99.14498,19.40388],[-99.14514,19.40223]]]}},{"id":"438","type":"Feature","properties":{"CVEGEO":"0901400010030"},"geometry":{"type":"Polygon","coordinates":[[[-99.13706,19.39985],[-99.1453,19.40105],[-99.14498,19.40388],[-99.13741,19.40346],[-99.13659,19.40281],[-99.13706,19.39985]]]}},{"id":"439","type":"Feature","properties":{"CVEGEO":"090140001005A"},"geometry":{"type":"Polygon","coordinates":[[[-99.16527,19.40133],[-99.16229,19.40241],[-99.16214,19.40119],[-99.15988,19.40148],[-99.16027,19.39615],[-99.16619,19.3973],[-99.16527,19.40133]]]}},{"id":"440","type":"Feature","properties":{"CVEGEO":"0901400010492"},"geometry":{"type":"Polygon","coordinates":[[[-99.13914,19.38637],[-99.13995,19.38105],[-99.14244,19.38145],[-99.14153,19.38683],[-99.13914,19.38637]]]}},{"id":"441","type":"Feature","properties":{"CVEGEO":"0901400010825"},"geometry":{"type":"Polygon","coordinates":[[[-99.1616,19.3722],[-99.16307,19.3724],[-99.16387,19.37043],[-99.16337,19.37027],[-99.16378,19.36505],[-99.16761,19.36633],[-99.16235,19.37457],[-99.16107,19.37437],[-99.1616,19.3722]]]}},{"id":"442","type":"Feature","properties":{"CVEGEO":"0901400010435"},"geometry":{"type":"Polygon","coordinates":[[[-99.14747,19.3839],[-99.15237,19.38445],[-99.15199,19.38634],[-99.15444,19.38687],[-99.15331,19.38874],[-99.15164,19.3885],[-99.14704,19.38777],[-99.14747,19.3839]]]}},{"id":"443","type":"Feature","properties":{"CVEGEO":"0901400010581"},"geometry":{"type":"Polygon","coordinates":[[[-99.17271,19.38143],[-99.17514,19.38061],[-99.17544,19.38305],[-99.17595,19.38293],[-99.17551,19.38429],[-99.17298,19.3859],[-99.17344,19.38624],[-99.17232,19.38643],[-99.17183,19.38503],[-99.17271,19.38143]]]}},{"id":"444","type":"Feature","properties":{"CVEGEO":"0901400010562"},"geometry":{"type":"Polygon","coordinates":[[[-99.18231,19.37737],[-99.18574,19.37833],[-99.18303,19.38517],[-99.18056,19.38521],[-99.18231,19.37737]]]}},{"id":"445","type":"Feature","properties":{"CVEGEO":"0901400010454"},"geometry":{"type":"Polygon","coordinates":[[[-99.14763,19.38246],[-99.15143,19.38314],[-99.15217,19.37998],[-99.15314,19.38014],[-99.15237,19.38445],[-99.14747,19.3839],[-99.14763,19.38246]]]}},{"id":"446","type":"Feature","properties":{"CVEGEO":"0901400010863"},"geometry":{"type":"Polygon","coordinates":[[[-99.14991,19.36547],[-99.14928,19.36918],[-99.14189,19.36803],[-99.14251,19.36432],[-99.14991,19.36547]]]}},{"id":"447","type":"Feature","properties":{"CVEGEO":"0901400010558"},"geometry":{"type":"Polygon","coordinates":[[[-99.18303,19.38517],[-99.18472,19.38085],[-99.18808,19.38117],[-99.18782,19.38325],[-99.19,19.38347],[-99.18954,19.38507],[-99.18303,19.38517]]]}},{"id":"448","type":"Feature","properties":{"CVEGEO":"0901400010083"},"geometry":{"type":"Polygon","coordinates":[[[-99.15166,19.39232],[-99.15607,19.39583],[-99.15002,19.39938],[-99.15052,19.39276],[-99.15166,19.39232]]]}},{"id":"449","type":"Feature","properties":{"CVEGEO":"0901400010098"},"geometry":{"type":"Polygon","coordinates":[[[-99.15052,19.39276],[-99.15002,19.39938],[-99.14514,19.40223],[-99.14566,19.39818],[-99.15052,19.39276]]]}},{"id":"450","type":"Feature","properties":{"CVEGEO":"0901400010100"},"geometry":{"type":"Polygon","coordinates":[[[-99.15093,19.39231],[-99.14566,19.39818],[-99.14644,19.39247],[-99.15093,19.39231]]]}},{"id":"451","type":"Feature","properties":{"CVEGEO":"0901400010793"},"geometry":{"type":"Polygon","coordinates":[[[-99.17896,19.37375],[-99.18087,19.36784],[-99.18756,19.37225],[-99.18682,19.3753],[-99.17896,19.37375]]]}},{"id":"452","type":"Feature","properties":{"CVEGEO":"0901400010365"},"geometry":{"type":"Polygon","coordinates":[[[-99.1839,19.38814],[-99.18147,19.38787],[-99.18199,19.38612],[-99.18303,19.38517],[-99.18647,19.38511],[-99.18613,19.38835],[-99.18457,19.38819],[-99.18431,19.38752],[-99.1839,19.38814]]]}},{"id":"453","type":"Feature","properties":{"CVEGEO":"090140001083A"},"geometry":{"type":"Polygon","coordinates":[[[-99.16013,19.36805],[-99.15991,19.36895],[-99.16146,19.36975],[-99.16271,19.36467],[-99.16378,19.36505],[-99.16337,19.37027],[-99.16387,19.37043],[-99.16307,19.3724],[-99.16088,19.37211],[-99.16112,19.37106],[-99.1587,19.37063],[-99.15941,19.36746],[-99.16013,19.36805]]]}},{"id":"454","type":"Feature","properties":{"CVEGEO":"0901400010628"},"geometry":{"type":"Polygon","coordinates":[[[-99.15774,19.37394],[-99.15988,19.38132],[-99.15314,19.38014],[-99.15434,19.37363],[-99.15774,19.37394]]]}},{"id":"455","type":"Feature","properties":{"CVEGEO":"0901400010469"},"geometry":{"type":"Polygon","coordinates":[[[-99.14772,19.38165],[-99.14514,19.38115],[-99.14519,19.37868],[-99.14748,19.37912],[-99.14786,19.37745],[-99.15041,19.37792],[-99.15006,19.37958],[-99.15217,19.37998],[-99.15143,19.38314],[-99.14763,19.38246],[-99.14772,19.38165]]]}},{"id":"456","type":"Feature","properties":{"CVEGEO":"0901400010473"},"geometry":{"type":"Polygon","coordinates":[[[-99.14655,19.38587],[-99.14378,19.38089],[-99.14772,19.38165],[-99.14704,19.38777],[-99.14628,19.38765],[-99.14655,19.38587]]]}},{"id":"457","type":"Feature","properties":{"CVEGEO":"0901400010420"},"geometry":{"type":"Polygon","coordinates":[[[-99.15988,19.38132],[-99.1615,19.38704],[-99.1628,19.38875],[-99.15444,19.38687],[-99.15783,19.38101],[-99.15988,19.38132]]]}},{"id":"458","type":"Feature","properties":{"CVEGEO":"0901400010191"},"geometry":{"type":"Polygon","coordinates":[[[-99.18153,19.38753],[-99.18123,19.39244],[-99.17946,19.39701],[-99.1777,19.39379],[-99.17959,19.39317],[-99.17829,19.3898],[-99.17937,19.38813],[-99.18153,19.38753]]]}},{"id":"459","type":"Feature","properties":{"CVEGEO":"0901400010596"},"geometry":{"type":"Polygon","coordinates":[[[-99.17099,19.3778],[-99.17422,19.37837],[-99.17453,19.37972],[-99.17637,19.3802],[-99.17271,19.38143],[-99.17205,19.38402],[-99.16969,19.38349],[-99.17099,19.3778]]]}},{"id":"460","type":"Feature","properties":{"CVEGEO":"0901400010609"},"geometry":{"type":"Polygon","coordinates":[[[-99.16653,19.37688],[-99.1695,19.3775],[-99.16926,19.37852],[-99.17094,19.37889],[-99.16969,19.38349],[-99.16514,19.38246],[-99.16653,19.37688]]]}},{"id":"461","type":"Feature","properties":{"CVEGEO":"0901400010613"},"geometry":{"type":"Polygon","coordinates":[[[-99.15988,19.38132],[-99.1593,19.37871],[-99.16235,19.37457],[-99.16392,19.37489],[-99.16334,19.3772],[-99.1663,19.37786],[-99.16514,19.38246],[-99.15988,19.38132]]]}},{"id":"462","type":"Feature","properties":{"CVEGEO":"0901400010632"},"geometry":{"type":"Polygon","coordinates":[[[-99.14867,19.37282],[-99.15435,19.37356],[-99.15314,19.38014],[-99.15006,19.37958],[-99.15041,19.37792],[-99.14786,19.37745],[-99.14867,19.37282]]]}},{"id":"463","type":"Feature","properties":{"CVEGEO":"0901400010948"},"geometry":{"type":"Polygon","coordinates":[[[-99.17129,19.36034],[-99.17298,19.36277],[-99.17264,19.36503],[-99.16899,19.36418],[-99.17129,19.36034]]]}},{"id":"464","type":"Feature","properties":{"CVEGEO":"0901400010647"},"geometry":{"type":"Polygon","coordinates":[[[-99.14521,19.37383],[-99.14559,19.37182],[-99.14867,19.37282],[-99.14748,19.37912],[-99.14519,19.37868],[-99.14521,19.37383]]]}},{"id":"465","type":"Feature","properties":{"CVEGEO":"0901400010844"},"geometry":{"type":"Polygon","coordinates":[[[-99.15475,19.36339],[-99.1565,19.36361],[-99.1586,19.36293],[-99.16271,19.36467],[-99.16146,19.36975],[-99.15991,19.36895],[-99.16013,19.36805],[-99.15941,19.36746],[-99.1587,19.37063],[-99.15675,19.37034],[-99.15475,19.36339]]]}},{"id":"466","type":"Feature","properties":{"CVEGEO":"0901400010859"},"geometry":{"type":"Polygon","coordinates":[[[-99.14991,19.36547],[-99.15425,19.36612],[-99.15475,19.36339],[-99.15675,19.37034],[-99.14928,19.36918],[-99.14991,19.36547]]]}},{"id":"467","type":"Feature","properties":{"CVEGEO":"0901400010350"},"geometry":{"type":"Polygon","coordinates":[[[-99.18147,19.38787],[-99.1839,19.38814],[-99.18431,19.38752],[-99.18457,19.38819],[-99.18613,19.38835],[-99.1857,19.39234],[-99.18123,19.39244],[-99.18147,19.38787]]]}},{"id":"468","type":"Feature","properties":{"CVEGEO":"0901400010384"},"geometry":{"type":"Polygon","coordinates":[[[-99.17669,19.38571],[-99.17871,19.39092],[-99.17284,19.39267],[-99.17494,19.386],[-99.17669,19.38571]]]}},{"id":"469","type":"Feature","properties":{"CVEGEO":"0901400010399"},"geometry":{"type":"Polygon","coordinates":[[[-99.17364,19.38621],[-99.17214,19.39086],[-99.16805,19.38991],[-99.16969,19.38349],[-99.17205,19.38402],[-99.17244,19.38634],[-99.17364,19.38621]]]}},{"id":"470","type":"Feature","properties":{"CVEGEO":"090140001069A"},"geometry":{"type":"Polygon","coordinates":[[[-99.18731,19.3726],[-99.18963,19.37262],[-99.18871,19.37505],[-99.1891,19.37601],[-99.18979,19.37596],[-99.18966,19.37669],[-99.1886,19.37673],[-99.18808,19.38117],[-99.18472,19.38085],[-99.18731,19.3726]]]}},{"id":"471","type":"Feature","properties":{"CVEGEO":"0901400010702"},"geometry":{"type":"Polygon","coordinates":[[[-99.17896,19.37375],[-99.18682,19.3753],[-99.18574,19.37833],[-99.17805,19.37662],[-99.17896,19.37375]]]}},{"id":"472","type":"Feature","properties":{"CVEGEO":"0901400010257"},"geometry":{"type":"Polygon","coordinates":[[[-99.16048,19.39329],[-99.15691,19.39541],[-99.15771,19.38762],[-99.1628,19.38875],[-99.16462,19.39084],[-99.16291,19.39184],[-99.16176,19.39635],[-99.16027,19.39615],[-99.16048,19.39329]]]}},{"id":"473","type":"Feature","properties":{"CVEGEO":"0901400010261"},"geometry":{"type":"Polygon","coordinates":[[[-99.15771,19.38762],[-99.15691,19.39541],[-99.15607,19.39583],[-99.15166,19.39232],[-99.15439,19.38696],[-99.15771,19.38762]]]}},{"id":"474","type":"Feature","properties":{"CVEGEO":"0901400010276"},"geometry":{"type":"Polygon","coordinates":[[[-99.14644,19.39247],[-99.14704,19.38777],[-99.15331,19.38874],[-99.1517,19.39228],[-99.14644,19.39247]]]}},{"id":"475","type":"Feature","properties":{"CVEGEO":"0901400010755"},"geometry":{"type":"Polygon","coordinates":[[[-99.16797,19.3713],[-99.1663,19.37786],[-99.16334,19.3772],[-99.16392,19.37489],[-99.16235,19.37457],[-99.1648,19.37071],[-99.16797,19.3713]]]}},{"id":"476","type":"Feature","properties":{"CVEGEO":"090140001037A"},"geometry":{"type":"Polygon","coordinates":[[[-99.17669,19.38571],[-99.18303,19.38517],[-99.18153,19.38753],[-99.17937,19.38813],[-99.17829,19.3898],[-99.17669,19.38571]]]}},{"id":"477","type":"Feature","properties":{"CVEGEO":"0901400010488"},"geometry":{"type":"Polygon","coordinates":[[[-99.14153,19.38683],[-99.14244,19.38145],[-99.14368,19.38142],[-99.14655,19.38587],[-99.14628,19.38765],[-99.14153,19.38683]]]}},{"id":"478","type":"Feature","properties":{"CVEGEO":"0901400010242"},"geometry":{"type":"Polygon","coordinates":[[[-99.1671,19.39366],[-99.16619,19.3973],[-99.16176,19.39635],[-99.16291,19.39184],[-99.16451,19.3909],[-99.1671,19.39366]]]}},{"id":"479","type":"Feature","properties":{"CVEGEO":"0901400010064"},"geometry":{"type":"Polygon","coordinates":[[[-99.15607,19.39583],[-99.16048,19.39329],[-99.16027,19.39615],[-99.15891,19.39604],[-99.15852,19.40154],[-99.1556,19.40172],[-99.15607,19.39583]]]}},{"id":"480","type":"Feature","properties":{"CVEGEO":"090140001012A"},"geometry":{"type":"Polygon","coordinates":[[[-99.14566,19.39818],[-99.1419,19.39763],[-99.14276,19.39232],[-99.14644,19.39247],[-99.14566,19.39818]]]}},{"id":"481","type":"Feature","properties":{"CVEGEO":"090140001044A"},"geometry":{"type":"Polygon","coordinates":[[[-99.15789,19.3809],[-99.15444,19.38687],[-99.15199,19.38634],[-99.15312,19.38024],[-99.15789,19.3809]]]}},{"id":"482","type":"Feature","properties":{"CVEGEO":"0901400010079"},"geometry":{"type":"Polygon","coordinates":[[[-99.15224,19.39803],[-99.15607,19.39583],[-99.1556,19.40172],[-99.14514,19.40223],[-99.15224,19.39803]]]}},{"id":"483","type":"Feature","properties":{"CVEGEO":"0901400010577"},"geometry":{"type":"Polygon","coordinates":[[[-99.18231,19.37737],[-99.18056,19.38521],[-99.17495,19.38598],[-99.17803,19.37667],[-99.18231,19.37737]]]}},{"id":"484","type":"Feature","properties":{"CVEGEO":"0901400010789"},"geometry":{"type":"Polygon","coordinates":[[[-99.14244,19.37075],[-99.14156,19.37013],[-99.14169,19.36929],[-99.14903,19.37044],[-99.14867,19.37282],[-99.14244,19.37075]]]}},{"id":"485","type":"Feature","properties":{"CVEGEO":"0901400010897"},"geometry":{"type":"Polygon","coordinates":[[[-99.18301,19.36772],[-99.18533,19.36842],[-99.18516,19.36778],[-99.18847,19.36874],[-99.18799,19.37255],[-99.18714,19.37286],[-99.18756,19.37225],[-99.18249,19.36905],[-99.18301,19.36772]]]}},{"id":"486","type":"Feature","properties":{"CVEGEO":"090140001090A"},"geometry":{"type":"Polygon","coordinates":[[[-99.18516,19.36778],[-99.18533,19.36842],[-99.18301,19.36772],[-99.18374,19.36488],[-99.18489,19.36527],[-99.18491,19.36416],[-99.18897,19.36462],[-99.18847,19.36874],[-99.18516,19.36778]]]}},{"id":"487","type":"Feature","properties":{"CVEGEO":"0901400010134"},"geometry":{"type":"Polygon","coordinates":[[[-99.14271,19.39266],[-99.1419,19.39763],[-99.13752,19.397],[-99.13826,19.39232],[-99.14271,19.39266]]]}},{"id":"488","type":"Feature","properties":{"CVEGEO":"0901400010952"},"geometry":{"type":"Polygon","coordinates":[[[-99.16494,19.3621],[-99.16299,19.36213],[-99.16339,19.3594],[-99.16801,19.36084],[-99.16648,19.36219],[-99.16981,19.36312],[-99.16761,19.36633],[-99.16378,19.36505],[-99.16494,19.3621]]]}},{"id":"489","type":"Feature","properties":{"CVEGEO":"0901400011005"},"geometry":{"type":"Polygon","coordinates":[[[-99.14328,19.35999],[-99.15066,19.36121],[-99.14991,19.36547],[-99.14252,19.36428],[-99.14328,19.35999]]]}},{"id":"490","type":"Feature","properties":{"CVEGEO":"0901400010740"},"geometry":{"type":"Polygon","coordinates":[[[-99.1695,19.3775],[-99.16653,19.37688],[-99.16797,19.3713],[-99.17017,19.37182],[-99.16968,19.37374],[-99.17214,19.3743],[-99.17074,19.37885],[-99.16936,19.3781],[-99.1695,19.3775]]]}},{"id":"491","type":"Feature","properties":{"CVEGEO":"0901400010401"},"geometry":{"type":"Polygon","coordinates":[[[-99.16359,19.38893],[-99.16514,19.38246],[-99.16969,19.38349],[-99.16805,19.38991],[-99.16359,19.38893]]]}},{"id":"492","type":"Feature","properties":{"CVEGEO":"0901400010416"},"geometry":{"type":"Polygon","coordinates":[[[-99.16514,19.38246],[-99.16359,19.38893],[-99.1615,19.38704],[-99.15991,19.38142],[-99.16514,19.38246]]]}},{"id":"493","type":"Feature","properties":{"CVEGEO":"0901400010280"},"geometry":{"type":"Polygon","coordinates":[[[-99.14237,19.38869],[-99.14596,19.38917],[-99.14628,19.38765],[-99.14704,19.38777],[-99.14644,19.39247],[-99.14179,19.39258],[-99.14237,19.38869]]]}},{"id":"494","type":"Feature","properties":{"CVEGEO":"0901400010295"},"geometry":{"type":"Polygon","coordinates":[[[-99.14628,19.38765],[-99.14596,19.38917],[-99.14118,19.38854],[-99.14105,19.38674],[-99.14628,19.38765]]]}},{"id":"495","type":"Feature","properties":{"CVEGEO":"0901400010308"},"geometry":{"type":"Polygon","coordinates":[[[-99.13914,19.38637],[-99.14105,19.38674],[-99.14118,19.38854],[-99.14237,19.38869],[-99.14179,19.39258],[-99.13826,19.39232],[-99.13914,19.38637]]]}},{"id":"496","type":"Feature","properties":{"CVEGEO":"0901400010721"},"geometry":{"type":"Polygon","coordinates":[[[-99.17422,19.37837],[-99.17121,19.37784],[-99.17214,19.3743],[-99.17614,19.3752],[-99.17579,19.37647],[-99.17652,19.37662],[-99.17566,19.38001],[-99.17453,19.37972],[-99.17422,19.37837]]]}},{"id":"497","type":"Feature","properties":{"CVEGEO":"0901400010736"},"geometry":{"type":"Polygon","coordinates":[[[-99.17743,19.37341],[-99.17694,19.37537],[-99.16968,19.37374],[-99.17076,19.36944],[-99.17151,19.3696],[-99.17207,19.3673],[-99.17383,19.36769],[-99.17264,19.37235],[-99.17743,19.37341]]]}},{"id":"498","type":"Feature","properties":{"CVEGEO":"090140001076A"},"geometry":{"type":"Polygon","coordinates":[[[-99.16112,19.37106],[-99.16088,19.37211],[-99.1616,19.3722],[-99.16107,19.37437],[-99.16235,19.37457],[-99.1591,19.37934],[-99.15677,19.37041],[-99.16112,19.37106]]]}},{"id":"499","type":"Feature","properties":{"CVEGEO":"0901400010774"},"geometry":{"type":"Polygon","coordinates":[[[-99.15675,19.37034],[-99.15774,19.37394],[-99.14867,19.37282],[-99.14903,19.37044],[-99.14169,19.36929],[-99.14189,19.36808],[-99.15675,19.37034]]]}},{"id":"500","type":"Feature","properties":{"CVEGEO":"0901400010806"},"geometry":{"type":"Polygon","coordinates":[[[-99.17383,19.36769],[-99.17849,19.36884],[-99.17952,19.36967],[-99.17768,19.37345],[-99.17264,19.37235],[-99.17383,19.36769]]]}},{"id":"501","type":"Feature","properties":{"CVEGEO":"0901400010810"},"geometry":{"type":"Polygon","coordinates":[[[-99.16899,19.36418],[-99.1744,19.36543],[-99.17383,19.36769],[-99.17207,19.3673],[-99.17017,19.37182],[-99.16492,19.37052],[-99.16899,19.36418]]]}},{"id":"502","type":"Feature","properties":{"CVEGEO":"0901400010238"},"geometry":{"type":"Polygon","coordinates":[[[-99.17214,19.39086],[-99.1698,19.39811],[-99.16914,19.39606],[-99.1629,19.38886],[-99.17214,19.39086]]]}},{"id":"503","type":"Feature","properties":{"CVEGEO":"0901400010223"},"geometry":{"type":"Polygon","coordinates":[[[-99.17298,19.3859],[-99.17551,19.38429],[-99.17025,19.39983],[-99.1698,19.39811],[-99.17357,19.38643],[-99.17298,19.3859]]]}},{"id":"504","type":"Feature","properties":{"CVEGEO":"0901400010539"},"geometry":{"type":"Polygon","coordinates":[[[-99.13549,19.37719],[-99.14053,19.37714],[-99.14012,19.37994],[-99.135,19.37927],[-99.13549,19.37719]]]}},{"id":"505","type":"Feature","properties":{"CVEGEO":"0901400010666"},"geometry":{"type":"Polygon","coordinates":[[[-99.14088,19.3748],[-99.14053,19.37714],[-99.13549,19.37719],[-99.13623,19.37385],[-99.14088,19.3748]]]}},{"id":"506","type":"Feature","properties":{"CVEGEO":"0901400010651"},"geometry":{"type":"Polygon","coordinates":[[[-99.14053,19.37714],[-99.14156,19.37013],[-99.14559,19.37182],[-99.14519,19.37868],[-99.14137,19.37798],[-99.14053,19.37714]]]}},{"id":"507","type":"Feature","properties":{"CVEGEO":"0901400010505"},"geometry":{"type":"Polygon","coordinates":[[[-99.13995,19.38105],[-99.14053,19.37714],[-99.14137,19.37798],[-99.14519,19.37868],[-99.14514,19.38115],[-99.14378,19.38089],[-99.14364,19.38164],[-99.13995,19.38105]]]}},{"id":"508","type":"Feature","properties":{"CVEGEO":"0900600010185"},"geometry":{"type":"Polygon","coordinates":[[[-99.07138,19.40283],[-99.07403,19.40326],[-99.0753,19.39774],[-99.08041,19.39856],[-99.0782,19.40396],[-99.07987,19.40426],[-99.07712,19.4088],[-99.07081,19.40532],[-99.07138,19.40283]]]}},{"id":"509","type":"Feature","properties":{"CVEGEO":"0900600010147"},"geometry":{"type":"Polygon","coordinates":[[[-99.09801,19.40281],[-99.10073,19.40316],[-99.10381,19.40751],[-99.10479,19.40766],[-99.09754,19.40916],[-99.09801,19.40281]]]}},{"id":"510","type":"Feature","properties":{"CVEGEO":"0900600010950"},"geometry":{"type":"Polygon","coordinates":[[[-99.13184,19.37889],[-99.13054,19.37872],[-99.13057,19.37711],[-99.13549,19.37719],[-99.13444,19.38197],[-99.13175,19.38163],[-99.13184,19.37889]]]}},{"id":"511","type":"Feature","properties":{"CVEGEO":"090060001001A"},"geometry":{"type":"Polygon","coordinates":[[[-99.06825,19.4174],[-99.06414,19.41686],[-99.06436,19.41499],[-99.06639,19.41536],[-99.0669,19.41068],[-99.06901,19.41097],[-99.06846,19.41566],[-99.07113,19.41603],[-99.07174,19.41424],[-99.07332,19.41451],[-99.06992,19.41987],[-99.06824,19.42078],[-99.06825,19.4174]]]}},{"id":"512","type":"Feature","properties":{"CVEGEO":"0900600010024"},"geometry":{"type":"Polygon","coordinates":[[[-99.06013,19.41757],[-99.06811,19.41853],[-99.06824,19.42078],[-99.05983,19.42071],[-99.06013,19.41757]]]}},{"id":"513","type":"Feature","properties":{"CVEGEO":"0900600010927"},"geometry":{"type":"Polygon","coordinates":[[[-99.10875,19.3811],[-99.11042,19.3813],[-99.11124,19.38443],[-99.10769,19.38439],[-99.10875,19.3811]]]}},{"id":"514","type":"Feature","properties":{"CVEGEO":"0900600010999"},"geometry":{"type":"Polygon","coordinates":[[[-99.06004,19.38798],[-99.06252,19.38839],[-99.06218,19.39004],[-99.0598,19.38965],[-99.06004,19.38798]]]}},{"id":"515","type":"Feature","properties":{"CVEGEO":"0900600010058"},"geometry":{"type":"Polygon","coordinates":[[[-99.06901,19.41097],[-99.0751,19.41184],[-99.07332,19.41451],[-99.07174,19.41424],[-99.07113,19.41603],[-99.06846,19.41566],[-99.06901,19.41097]]]}},{"id":"516","type":"Feature","properties":{"CVEGEO":"0900600010109"},"geometry":{"type":"Polygon","coordinates":[[[-99.05813,19.40072],[-99.05835,19.39996],[-99.06009,19.40094],[-99.0587,19.41399],[-99.05676,19.41378],[-99.05813,19.40072]]]}},{"id":"517","type":"Feature","properties":{"CVEGEO":"0900600010128"},"geometry":{"type":"Polygon","coordinates":[[[-99.06345,19.40413],[-99.06358,19.40291],[-99.05835,19.39996],[-99.05856,19.39822],[-99.06964,19.40462],[-99.06934,19.40747],[-99.06345,19.40413]]]}},{"id":"518","type":"Feature","properties":{"CVEGEO":"0900600010132"},"geometry":{"type":"Polygon","coordinates":[[[-99.10381,19.40751],[-99.10073,19.40316],[-99.09801,19.40281],[-99.09882,19.39682],[-99.10547,19.39729],[-99.10806,19.40421],[-99.11358,19.40502],[-99.11348,19.40587],[-99.10381,19.40751]]]}},{"id":"519","type":"Feature","properties":{"CVEGEO":"0900600010151"},"geometry":{"type":"Polygon","coordinates":[[[-99.08128,19.40702],[-99.08241,19.40029],[-99.08653,19.39383],[-99.08925,19.39536],[-99.08849,19.398],[-99.09068,19.39997],[-99.0916,19.40179],[-99.09801,19.40281],[-99.09754,19.40916],[-99.08128,19.40702]]]}},{"id":"520","type":"Feature","properties":{"CVEGEO":"0900600010166"},"geometry":{"type":"Polygon","coordinates":[[[-99.08145,19.40181],[-99.08241,19.40029],[-99.08128,19.40702],[-99.07798,19.40715],[-99.08145,19.40181]]]}},{"id":"521","type":"Feature","properties":{"CVEGEO":"0900600010039"},"geometry":{"type":"Polygon","coordinates":[[[-99.05676,19.41378],[-99.0587,19.41399],[-99.05941,19.41444],[-99.05922,19.41623],[-99.06027,19.41636],[-99.05986,19.42084],[-99.05792,19.42089],[-99.05579,19.42214],[-99.05676,19.41378]]]}},{"id":"522","type":"Feature","properties":{"CVEGEO":"0900600010217"},"geometry":{"type":"Polygon","coordinates":[[[-99.0598,19.38965],[-99.06218,19.39004],[-99.06105,19.39543],[-99.06248,19.39565],[-99.06155,19.39994],[-99.05856,19.39822],[-99.0598,19.38965]]]}},{"id":"523","type":"Feature","properties":{"CVEGEO":"0900600010221"},"geometry":{"type":"Polygon","coordinates":[[[-99.13172,19.40109],[-99.1289,19.40105],[-99.12897,19.39874],[-99.13718,19.3992],[-99.13659,19.40281],[-99.13542,19.40336],[-99.13198,19.40315],[-99.13172,19.40109]]]}},{"id":"524","type":"Feature","properties":{"CVEGEO":"0900600010236"},"geometry":{"type":"Polygon","coordinates":[[[-99.12427,19.39923],[-99.12763,19.39969],[-99.12775,19.40122],[-99.13172,19.40109],[-99.13162,19.40313],[-99.1257,19.40433],[-99.12427,19.39923]]]}},{"id":"525","type":"Feature","properties":{"CVEGEO":"0900600010965"},"geometry":{"type":"Polygon","coordinates":[[[-99.12947,19.38125],[-99.12952,19.37984],[-99.12717,19.37944],[-99.12721,19.3783],[-99.12834,19.37824],[-99.12836,19.37677],[-99.13057,19.37711],[-99.13054,19.37872],[-99.13184,19.37889],[-99.13175,19.38163],[-99.12947,19.38125]]]}},{"id":"526","type":"Feature","properties":{"CVEGEO":"0900600010240"},"geometry":{"type":"Polygon","coordinates":[[[-99.12427,19.39923],[-99.12394,19.39798],[-99.1292,19.39783],[-99.13103,19.39673],[-99.13094,19.39895],[-99.12897,19.39874],[-99.1289,19.40105],[-99.12775,19.40122],[-99.12763,19.39969],[-99.12427,19.39923]]]}},{"id":"527","type":"Feature","properties":{"CVEGEO":"0900600010255"},"geometry":{"type":"Polygon","coordinates":[[[-99.12469,19.40049],[-99.1257,19.40433],[-99.12102,19.40515],[-99.11707,19.40119],[-99.12469,19.40049]]]}},{"id":"528","type":"Feature","properties":{"CVEGEO":"0900600010274"},"geometry":{"type":"Polygon","coordinates":[[[-99.11353,19.39916],[-99.11418,19.39913],[-99.11428,19.40135],[-99.11707,19.40119],[-99.12102,19.40515],[-99.11348,19.40587],[-99.11353,19.39916]]]}},{"id":"529","type":"Feature","properties":{"CVEGEO":"0900600010378"},"geometry":{"type":"Polygon","coordinates":[[[-99.12921,19.39085],[-99.1324,19.39116],[-99.13116,19.39654],[-99.129,19.39783],[-99.12921,19.39085]]]}},{"id":"530","type":"Feature","properties":{"CVEGEO":"0900600010490"},"geometry":{"type":"Polygon","coordinates":[[[-99.08358,19.39514],[-99.08686,19.39009],[-99.0888,19.39038],[-99.0828,19.39898],[-99.08358,19.39514]]]}},{"id":"531","type":"Feature","properties":{"CVEGEO":"0900600010503"},"geometry":{"type":"Polygon","coordinates":[[[-99.07886,19.38998],[-99.08402,19.39257],[-99.08458,19.38948],[-99.08686,19.39009],[-99.08358,19.39514],[-99.08383,19.39372],[-99.07822,19.39278],[-99.07886,19.38998]]]}},{"id":"532","type":"Feature","properties":{"CVEGEO":"0900600010518"},"geometry":{"type":"Polygon","coordinates":[[[-99.0724,19.39179],[-99.07299,19.38932],[-99.07443,19.3896],[-99.07484,19.3879],[-99.07886,19.38998],[-99.07822,19.39278],[-99.0724,19.39179]]]}},{"id":"533","type":"Feature","properties":{"CVEGEO":"0900600010537"},"geometry":{"type":"Polygon","coordinates":[[[-99.06837,19.38741],[-99.07,19.38764],[-99.07044,19.38563],[-99.07213,19.38651],[-99.07179,19.38793],[-99.071,19.38781],[-99.07015,19.39141],[-99.06756,19.391],[-99.06837,19.38741]]]}},{"id":"534","type":"Feature","properties":{"CVEGEO":"0900600010541"},"geometry":{"type":"Polygon","coordinates":[[[-99.06732,19.3855],[-99.06605,19.38529],[-99.06637,19.38354],[-99.07045,19.38571],[-99.07,19.38764],[-99.06837,19.38741],[-99.06756,19.391],[-99.06618,19.39076],[-99.06732,19.3855]]]}},{"id":"535","type":"Feature","properties":{"CVEGEO":"0900600010749"},"geometry":{"type":"Polygon","coordinates":[[[-99.12983,19.38623],[-99.13345,19.38647],[-99.1324,19.39116],[-99.12921,19.39085],[-99.12983,19.38623]]]}},{"id":"536","type":"Feature","properties":{"CVEGEO":"0900600010804"},"geometry":{"type":"Polygon","coordinates":[[[-99.11353,19.38531],[-99.11362,19.38484],[-99.11478,19.38502],[-99.11496,19.38396],[-99.11338,19.38372],[-99.11376,19.38173],[-99.11771,19.38216],[-99.11702,19.38656],[-99.11353,19.38531]]]}},{"id":"537","type":"Feature","properties":{"CVEGEO":"0900600010876"},"geometry":{"type":"Polygon","coordinates":[[[-99.12983,19.38623],[-99.12986,19.38556],[-99.1306,19.3857],[-99.13134,19.38333],[-99.13117,19.38156],[-99.13444,19.38197],[-99.13345,19.38647],[-99.12983,19.38623]]]}},{"id":"538","type":"Feature","properties":{"CVEGEO":"0900600010931"},"geometry":{"type":"Polygon","coordinates":[[[-99.10523,19.38353],[-99.10567,19.38081],[-99.10875,19.3811],[-99.10764,19.38438],[-99.10523,19.38353]]]}},{"id":"539","type":"Feature","properties":{"CVEGEO":"0900600010946"},"geometry":{"type":"Polygon","coordinates":[[[-99.10073,19.38331],[-99.10114,19.38024],[-99.10567,19.38081],[-99.10523,19.38353],[-99.10073,19.38331]]]}},{"id":"540","type":"Feature","properties":{"CVEGEO":"090060001097A"},"geometry":{"type":"Polygon","coordinates":[[[-99.12496,19.38025],[-99.12501,19.378],[-99.1259,19.37812],[-99.12589,19.37633],[-99.12836,19.37677],[-99.12834,19.37824],[-99.12721,19.3783],[-99.12717,19.37944],[-99.12952,19.37984],[-99.12947,19.38125],[-99.12496,19.38025]]]}},{"id":"541","type":"Feature","properties":{"CVEGEO":"0900600010984"},"geometry":{"type":"Polygon","coordinates":[[[-99.12253,19.3757],[-99.12589,19.37633],[-99.1259,19.37812],[-99.12501,19.378],[-99.12496,19.38025],[-99.12258,19.38011],[-99.12253,19.3757]]]}},{"id":"542","type":"Feature","properties":{"CVEGEO":"0900600011003"},"geometry":{"type":"Polygon","coordinates":[[[-99.06078,19.38351],[-99.06183,19.3837],[-99.06167,19.38454],[-99.06616,19.38481],[-99.06568,19.38695],[-99.06294,19.38646],[-99.06252,19.38839],[-99.06004,19.38798],[-99.06078,19.38351]]]}},{"id":"543","type":"Feature","properties":{"CVEGEO":"0900600011018"},"geometry":{"type":"Polygon","coordinates":[[[-99.09117,19.3867],[-99.09569,19.38658],[-99.09529,19.38874],[-99.09145,19.38759],[-99.09001,19.39135],[-99.08856,19.39074],[-99.09117,19.3867]]]}},{"id":"544","type":"Feature","properties":{"CVEGEO":"0900600011022"},"geometry":{"type":"Polygon","coordinates":[[[-99.06183,19.3837],[-99.06078,19.38351],[-99.06085,19.38259],[-99.06641,19.38368],[-99.06616,19.38481],[-99.06168,19.38451],[-99.06183,19.3837]]]}},{"id":"545","type":"Feature","properties":{"CVEGEO":"0900600011037"},"geometry":{"type":"Polygon","coordinates":[[[-99.09117,19.3867],[-99.0929,19.3839],[-99.09625,19.3847],[-99.0961,19.38634],[-99.09117,19.3867]]]}},{"id":"546","type":"Feature","properties":{"CVEGEO":"0900600011056"},"geometry":{"type":"Polygon","coordinates":[[[-99.12023,19.38354],[-99.1187,19.38283],[-99.1188,19.38223],[-99.12248,19.38244],[-99.12222,19.38746],[-99.12026,19.38713],[-99.12041,19.3864],[-99.11978,19.3863],[-99.12023,19.38354]]]}},{"id":"547","type":"Feature","properties":{"CVEGEO":"0900600011060"},"geometry":{"type":"Polygon","coordinates":[[[-99.1171,19.38577],[-99.11771,19.38216],[-99.1188,19.38223],[-99.1187,19.38283],[-99.12023,19.38354],[-99.11978,19.3863],[-99.11875,19.38613],[-99.11863,19.38725],[-99.11788,19.3872],[-99.1171,19.38577]]]}},{"id":"548","type":"Feature","properties":{"CVEGEO":"0900600011075"},"geometry":{"type":"Polygon","coordinates":[[[-99.11042,19.3813],[-99.11376,19.38173],[-99.11338,19.38372],[-99.11496,19.38396],[-99.11478,19.38502],[-99.11135,19.38496],[-99.11042,19.3813]]]}},{"id":"549","type":"Feature","properties":{"CVEGEO":"090060001108A"},"geometry":{"type":"Polygon","coordinates":[[[-99.09565,19.3796],[-99.09702,19.37981],[-99.09625,19.3847],[-99.0929,19.3839],[-99.09565,19.3796]]]}},{"id":"550","type":"Feature","properties":{"CVEGEO":"090060001115A"},"geometry":{"type":"Polygon","coordinates":[[[-99.09702,19.37981],[-99.09951,19.38009],[-99.09927,19.38152],[-99.09755,19.3812],[-99.09707,19.38207],[-99.09702,19.37981]]]}},{"id":"551","type":"Feature","properties":{"CVEGEO":"0900600011198"},"geometry":{"type":"Polygon","coordinates":[[[-99.07474,19.40853],[-99.06949,19.40606],[-99.06964,19.40462],[-99.07712,19.4088],[-99.0751,19.41184],[-99.07062,19.4112],[-99.07474,19.40853]]]}},{"id":"552","type":"Feature","properties":{"CVEGEO":"0900600010626"},"geometry":{"type":"Polygon","coordinates":[[[-99.10545,19.38693],[-99.10811,19.38761],[-99.10771,19.38959],[-99.105,19.38934],[-99.10545,19.38693]]]}},{"id":"553","type":"Feature","properties":{"CVEGEO":"0900600010414"},"geometry":{"type":"Polygon","coordinates":[[[-99.10998,19.39785],[-99.11048,19.39429],[-99.11483,19.39478],[-99.11422,19.39826],[-99.10998,19.39785]]]}},{"id":"554","type":"Feature","properties":{"CVEGEO":"0900600010683"},"geometry":{"type":"Polygon","coordinates":[[[-99.09785,19.3865],[-99.0989,19.38659],[-99.09902,19.38536],[-99.1004,19.38569],[-99.09976,19.39023],[-99.09748,19.39001],[-99.09785,19.3865]]]}},{"id":"555","type":"Feature","properties":{"CVEGEO":"0900600010043"},"geometry":{"type":"Polygon","coordinates":[[[-99.06027,19.41636],[-99.05922,19.41623],[-99.05941,19.41444],[-99.06436,19.41499],[-99.06414,19.41686],[-99.06825,19.4174],[-99.06811,19.41853],[-99.06013,19.41757],[-99.06027,19.41636]]]}},{"id":"556","type":"Feature","properties":{"CVEGEO":"0900600010077"},"geometry":{"type":"Polygon","coordinates":[[[-99.06345,19.40413],[-99.0654,19.40521],[-99.06436,19.41499],[-99.06228,19.41478],[-99.06345,19.40413]]]}},{"id":"557","type":"Feature","properties":{"CVEGEO":"0900600010081"},"geometry":{"type":"Polygon","coordinates":[[[-99.06181,19.40193],[-99.06358,19.40291],[-99.06228,19.41478],[-99.06049,19.41457],[-99.06181,19.40193]]]}},{"id":"558","type":"Feature","properties":{"CVEGEO":"0900600010096"},"geometry":{"type":"Polygon","coordinates":[[[-99.06009,19.40094],[-99.06181,19.40193],[-99.06049,19.41457],[-99.05866,19.41436],[-99.06009,19.40094]]]}},{"id":"559","type":"Feature","properties":{"CVEGEO":"0900600010344"},"geometry":{"type":"Polygon","coordinates":[[[-99.06928,19.39395],[-99.0708,19.3942],[-99.07142,19.39162],[-99.07387,19.39203],[-99.07268,19.39733],[-99.06864,19.3967],[-99.06928,19.39395]]]}},{"id":"560","type":"Feature","properties":{"CVEGEO":"0900600010359"},"geometry":{"type":"Polygon","coordinates":[[[-99.06659,19.39636],[-99.06506,19.39609],[-99.06618,19.39076],[-99.07142,19.39162],[-99.0708,19.3942],[-99.06928,19.39395],[-99.06864,19.3967],[-99.0676,19.39652],[-99.06699,19.39919],[-99.06597,19.39901],[-99.06659,19.39636]]]}},{"id":"561","type":"Feature","properties":{"CVEGEO":"0900600010363"},"geometry":{"type":"Polygon","coordinates":[[[-99.06618,19.39076],[-99.06516,19.3956],[-99.06105,19.39543],[-99.06218,19.39004],[-99.06618,19.39076]]]}},{"id":"562","type":"Feature","properties":{"CVEGEO":"0900600010452"},"geometry":{"type":"Polygon","coordinates":[[[-99.09882,19.39682],[-99.09943,19.39256],[-99.10021,19.39263],[-99.10004,19.39419],[-99.10307,19.39447],[-99.10283,19.39703],[-99.09882,19.39682]]]}},{"id":"563","type":"Feature","properties":{"CVEGEO":"0900600010467"},"geometry":{"type":"Polygon","coordinates":[[[-99.09547,19.39378],[-99.0992,19.39414],[-99.09882,19.39682],[-99.09519,19.39644],[-99.09547,19.39378]]]}},{"id":"564","type":"Feature","properties":{"CVEGEO":"0900600010471"},"geometry":{"type":"Polygon","coordinates":[[[-99.09547,19.39378],[-99.09519,19.39644],[-99.09362,19.39597],[-99.08984,19.3935],[-99.09547,19.39378]]]}},{"id":"565","type":"Feature","properties":{"CVEGEO":"0900600010522"},"geometry":{"type":"Polygon","coordinates":[[[-99.07015,19.39141],[-99.071,19.38781],[-99.07179,19.38793],[-99.07213,19.38651],[-99.07484,19.3879],[-99.07443,19.3896],[-99.07299,19.38932],[-99.0724,19.39179],[-99.07015,19.39141]]]}},{"id":"566","type":"Feature","properties":{"CVEGEO":"090060001058A"},"geometry":{"type":"Polygon","coordinates":[[[-99.11204,19.38822],[-99.11684,19.38908],[-99.11691,19.38854],[-99.11797,19.38872],[-99.11732,19.39214],[-99.11411,19.39182],[-99.11434,19.39099],[-99.11293,19.39072],[-99.11204,19.38822]]]}},{"id":"567","type":"Feature","properties":{"CVEGEO":"0900600010607"},"geometry":{"type":"Polygon","coordinates":[[[-99.10939,19.38791],[-99.10905,19.38972],[-99.11215,19.39001],[-99.11174,19.39217],[-99.11376,19.39248],[-99.1135,19.39459],[-99.10774,19.39404],[-99.1089,19.38781],[-99.10939,19.38791]]]}},{"id":"568","type":"Feature","properties":{"CVEGEO":"0900600010611"},"geometry":{"type":"Polygon","coordinates":[[[-99.10355,19.39144],[-99.10459,19.39154],[-99.105,19.38934],[-99.10771,19.38959],[-99.10811,19.38761],[-99.1089,19.3878],[-99.10774,19.39404],[-99.10338,19.39363],[-99.10355,19.39144]]]}},{"id":"569","type":"Feature","properties":{"CVEGEO":"0900600010630"},"geometry":{"type":"Polygon","coordinates":[[[-99.10028,19.39197],[-99.10347,19.39224],[-99.10307,19.39447],[-99.10004,19.39419],[-99.10028,19.39197]]]}},{"id":"570","type":"Feature","properties":{"CVEGEO":"0900600010664"},"geometry":{"type":"Polygon","coordinates":[[[-99.10079,19.38579],[-99.10545,19.38693],[-99.10459,19.39154],[-99.10319,19.39141],[-99.10345,19.38886],[-99.1007,19.38785],[-99.10079,19.38579]]]}},{"id":"571","type":"Feature","properties":{"CVEGEO":"0900600010698"},"geometry":{"type":"Polygon","coordinates":[[[-99.09752,19.38951],[-99.09709,19.39394],[-99.09543,19.39378],[-99.09578,19.38936],[-99.09752,19.38951]]]}},{"id":"572","type":"Feature","properties":{"CVEGEO":"0900600010700"},"geometry":{"type":"Polygon","coordinates":[[[-99.0925,19.38782],[-99.09529,19.38874],[-99.09571,19.38631],[-99.09785,19.3865],[-99.09752,19.38951],[-99.09221,19.38903],[-99.0925,19.38782]]]}},{"id":"573","type":"Feature","properties":{"CVEGEO":"0900600010715"},"geometry":{"type":"Polygon","coordinates":[[[-99.09414,19.38921],[-99.09578,19.38936],[-99.09543,19.39378],[-99.09368,19.39361],[-99.09414,19.38921]]]}},{"id":"574","type":"Feature","properties":{"CVEGEO":"090060001072A"},"geometry":{"type":"Polygon","coordinates":[[[-99.0927,19.38908],[-99.09414,19.38921],[-99.09368,19.39361],[-99.09191,19.39345],[-99.0927,19.38908]]]}},{"id":"575","type":"Feature","properties":{"CVEGEO":"0900600010787"},"geometry":{"type":"Polygon","coordinates":[[[-99.11844,19.38887],[-99.11875,19.38613],[-99.12222,19.38746],[-99.12198,19.39037],[-99.12264,19.39266],[-99.11746,19.39124],[-99.11797,19.38872],[-99.11844,19.38887]]]}},{"id":"576","type":"Feature","properties":{"CVEGEO":"0900600010791"},"geometry":{"type":"Polygon","coordinates":[[[-99.11546,19.38632],[-99.11702,19.38656],[-99.11712,19.38589],[-99.11785,19.38599],[-99.11788,19.3872],[-99.11863,19.38725],[-99.11844,19.38887],[-99.11566,19.38872],[-99.11546,19.38632]]]}},{"id":"577","type":"Feature","properties":{"CVEGEO":"0900600010823"},"geometry":{"type":"Polygon","coordinates":[[[-99.10778,19.38676],[-99.10764,19.38438],[-99.11124,19.38443],[-99.11204,19.38822],[-99.10713,19.38719],[-99.10778,19.38676]]]}},{"id":"578","type":"Feature","properties":{"CVEGEO":"0900600010838"},"geometry":{"type":"Polygon","coordinates":[[[-99.10369,19.3865],[-99.10437,19.38386],[-99.10523,19.38353],[-99.10764,19.38438],[-99.10773,19.38695],[-99.10709,19.38734],[-99.10369,19.3865]]]}},{"id":"579","type":"Feature","properties":{"CVEGEO":"0900600010842"},"geometry":{"type":"Polygon","coordinates":[[[-99.10073,19.38331],[-99.10437,19.38386],[-99.10369,19.3865],[-99.1004,19.38569],[-99.10073,19.38331]]]}},{"id":"580","type":"Feature","properties":{"CVEGEO":"0900600010880"},"geometry":{"type":"Polygon","coordinates":[[[-99.12703,19.38566],[-99.12671,19.38056],[-99.13117,19.38156],[-99.1306,19.3857],[-99.12703,19.38566]]]}},{"id":"581","type":"Feature","properties":{"CVEGEO":"0900600010895"},"geometry":{"type":"Polygon","coordinates":[[[-99.12258,19.38011],[-99.12671,19.38056],[-99.12703,19.38566],[-99.12399,19.38575],[-99.12439,19.38283],[-99.12248,19.38244],[-99.12258,19.38011]]]}},{"id":"582","type":"Feature","properties":{"CVEGEO":"0900600010908"},"geometry":{"type":"Polygon","coordinates":[[[-99.12228,19.38611],[-99.12248,19.38244],[-99.12439,19.38283],[-99.12399,19.38575],[-99.12228,19.38611]]]}},{"id":"583","type":"Feature","properties":{"CVEGEO":"0900600011111"},"geometry":{"type":"Polygon","coordinates":[[[-99.12336,19.39561],[-99.12394,19.39798],[-99.11964,19.39812],[-99.12001,19.39555],[-99.12336,19.39561]]]}},{"id":"584","type":"Feature","properties":{"CVEGEO":"0900600011126"},"geometry":{"type":"Polygon","coordinates":[[[-99.11483,19.39478],[-99.12004,19.39533],[-99.11964,19.39812],[-99.11422,19.39826],[-99.11483,19.39478]]]}},{"id":"585","type":"Feature","properties":{"CVEGEO":"0900600011130"},"geometry":{"type":"Polygon","coordinates":[[[-99.09662,19.38274],[-99.10073,19.38331],[-99.1004,19.38569],[-99.09902,19.38536],[-99.0989,19.38659],[-99.0961,19.38634],[-99.09662,19.38274]]]}},{"id":"586","type":"Feature","properties":{"CVEGEO":"0900600011179"},"geometry":{"type":"Polygon","coordinates":[[[-99.06512,19.40761],[-99.06927,19.40801],[-99.06901,19.41097],[-99.0669,19.41068],[-99.06639,19.41536],[-99.06436,19.41499],[-99.06512,19.40761]]]}},{"id":"587","type":"Feature","properties":{"CVEGEO":"0900600011183"},"geometry":{"type":"Polygon","coordinates":[[[-99.0654,19.40521],[-99.06934,19.40747],[-99.06927,19.40801],[-99.06512,19.40761],[-99.0654,19.40521]]]}},{"id":"588","type":"Feature","properties":{"CVEGEO":"0900600011200"},"geometry":{"type":"Polygon","coordinates":[[[-99.06949,19.40606],[-99.0706,19.40666],[-99.07065,19.40623],[-99.07474,19.40874],[-99.07062,19.4112],[-99.06901,19.41097],[-99.06949,19.40606]]]}},{"id":"589","type":"Feature","properties":{"CVEGEO":"0900600010170"},"geometry":{"type":"Polygon","coordinates":[[[-99.08041,19.39856],[-99.08319,19.39905],[-99.07987,19.40426],[-99.0782,19.40396],[-99.08041,19.39856]]]}},{"id":"590","type":"Feature","properties":{"CVEGEO":"0900600010556"},"geometry":{"type":"Polygon","coordinates":[[[-99.06618,19.39076],[-99.06218,19.39004],[-99.06294,19.38646],[-99.06568,19.38695],[-99.06605,19.38529],[-99.06732,19.3855],[-99.06618,19.39076]]]}},{"id":"591","type":"Feature","properties":{"CVEGEO":"0900600010645"},"geometry":{"type":"Polygon","coordinates":[[[-99.10347,19.39224],[-99.1017,19.3921],[-99.10208,19.3885],[-99.10341,19.38919],[-99.10347,19.39224]]]}},{"id":"592","type":"Feature","properties":{"CVEGEO":"090060001065A"},"geometry":{"type":"Polygon","coordinates":[[[-99.09995,19.38886],[-99.1004,19.38569],[-99.1007,19.38785],[-99.10208,19.3885],[-99.1017,19.3921],[-99.10028,19.39197],[-99.10021,19.39263],[-99.09943,19.39256],[-99.09995,19.38886]]]}},{"id":"593","type":"Feature","properties":{"CVEGEO":"0900600010289"},"geometry":{"type":"Polygon","coordinates":[[[-99.11346,19.3983],[-99.11469,19.39858],[-99.11707,19.40119],[-99.11428,19.40135],[-99.11346,19.3983]]]}},{"id":"594","type":"Feature","properties":{"CVEGEO":"0900600010202"},"geometry":{"type":"Polygon","coordinates":[[[-99.0628,19.39517],[-99.06659,19.39636],[-99.06597,19.39901],[-99.06699,19.39919],[-99.06618,19.40264],[-99.06155,19.39994],[-99.0628,19.39517]]]}},{"id":"595","type":"Feature","properties":{"CVEGEO":"090060001026A"},"geometry":{"type":"Polygon","coordinates":[[[-99.12394,19.39798],[-99.12469,19.40049],[-99.11682,19.40092],[-99.11422,19.39826],[-99.12394,19.39798]]]}},{"id":"596","type":"Feature","properties":{"CVEGEO":"0900600010679"},"geometry":{"type":"Polygon","coordinates":[[[-99.09748,19.39001],[-99.09976,19.39023],[-99.0992,19.39414],[-99.09709,19.39394],[-99.09748,19.39001]]]}},{"id":"597","type":"Feature","properties":{"CVEGEO":"0900600010310"},"geometry":{"type":"Polygon","coordinates":[[[-99.08383,19.39372],[-99.0828,19.39898],[-99.0753,19.39774],[-99.07644,19.39278],[-99.08383,19.39372]]]}},{"id":"598","type":"Feature","properties":{"CVEGEO":"0900600010325"},"geometry":{"type":"Polygon","coordinates":[[[-99.07651,19.39249],[-99.07403,19.40326],[-99.07138,19.40283],[-99.0738,19.39235],[-99.07651,19.39249]]]}},{"id":"599","type":"Feature","properties":{"CVEGEO":"0900600010382"},"geometry":{"type":"Polygon","coordinates":[[[-99.12921,19.39085],[-99.129,19.39783],[-99.12677,19.39788],[-99.12689,19.39075],[-99.12921,19.39085]]]}},{"id":"600","type":"Feature","properties":{"CVEGEO":"0900600010397"},"geometry":{"type":"Polygon","coordinates":[[[-99.12369,19.38916],[-99.12354,19.39031],[-99.12689,19.39064],[-99.12677,19.39788],[-99.12394,19.39798],[-99.12205,19.39083],[-99.12216,19.389],[-99.12369,19.38916]]]}},{"id":"601","type":"Feature","properties":{"CVEGEO":"0900600010575"},"geometry":{"type":"Polygon","coordinates":[[[-99.1135,19.39459],[-99.11411,19.39182],[-99.11732,19.39214],[-99.1175,19.39124],[-99.11818,19.3913],[-99.12264,19.39266],[-99.12336,19.39561],[-99.1135,19.39459]]]}},{"id":"602","type":"Feature","properties":{"CVEGEO":"0900600010594"},"geometry":{"type":"Polygon","coordinates":[[[-99.11204,19.38822],[-99.11293,19.39072],[-99.11434,19.39099],[-99.11389,19.39247],[-99.11174,19.39217],[-99.11215,19.39001],[-99.10905,19.38972],[-99.10939,19.38792],[-99.11204,19.38822]]]}},{"id":"603","type":"Feature","properties":{"CVEGEO":"0900600010753"},"geometry":{"type":"Polygon","coordinates":[[[-99.12737,19.38607],[-99.12984,19.38584],[-99.12921,19.39085],[-99.12689,19.39064],[-99.12737,19.38607]]]}},{"id":"604","type":"Feature","properties":{"CVEGEO":"0900600010768"},"geometry":{"type":"Polygon","coordinates":[[[-99.12526,19.38611],[-99.12362,19.38576],[-99.12889,19.38564],[-99.12725,19.38634],[-99.12689,19.39064],[-99.12498,19.39047],[-99.12569,19.38837],[-99.12526,19.38611]]]}},{"id":"605","type":"Feature","properties":{"CVEGEO":"0900600010772"},"geometry":{"type":"Polygon","coordinates":[[[-99.12526,19.38611],[-99.12569,19.38837],[-99.12498,19.39047],[-99.12354,19.39031],[-99.12369,19.38916],[-99.12218,19.38887],[-99.12228,19.38618],[-99.12526,19.38611]]]}},{"id":"606","type":"Feature","properties":{"CVEGEO":"0900600011164"},"geometry":{"type":"Polygon","coordinates":[[[-99.09755,19.3812],[-99.09927,19.38152],[-99.09951,19.38009],[-99.10114,19.38024],[-99.10073,19.38331],[-99.09694,19.38279],[-99.09755,19.3812]]]}},{"id":"607","type":"Feature","properties":{"CVEGEO":"0900600011041"},"geometry":{"type":"Polygon","coordinates":[[[-99.11135,19.38496],[-99.11549,19.38617],[-99.11526,19.38863],[-99.11204,19.38822],[-99.11135,19.38496]]]}},{"id":"608","type":"Feature","properties":{"CVEGEO":"0900600011094"},"geometry":{"type":"Polygon","coordinates":[[[-99.09882,19.39682],[-99.09801,19.40281],[-99.09267,19.40213],[-99.09533,19.39655],[-99.09882,19.39682]]]}},{"id":"609","type":"Feature","properties":{"CVEGEO":"0900600011107"},"geometry":{"type":"Polygon","coordinates":[[[-99.08984,19.3935],[-99.09537,19.39647],[-99.09267,19.40213],[-99.09151,19.40172],[-99.09068,19.39997],[-99.0886,19.3983],[-99.08984,19.3935]]]}},{"id":"610","type":"Feature","properties":{"CVEGEO":"0900600010293"},"geometry":{"type":"Polygon","coordinates":[[[-99.10547,19.39729],[-99.11346,19.3983],[-99.11358,19.40502],[-99.10806,19.40421],[-99.10547,19.39729]]]}},{"id":"611","type":"Feature","properties":{"CVEGEO":"0900600010429"},"geometry":{"type":"Polygon","coordinates":[[[-99.10797,19.39405],[-99.11048,19.39429],[-99.10998,19.39785],[-99.1079,19.39745],[-99.10797,19.39405]]]}},{"id":"612","type":"Feature","properties":{"CVEGEO":"0900600010448"},"geometry":{"type":"Polygon","coordinates":[[[-99.10316,19.39359],[-99.10513,19.3938],[-99.10524,19.39691],[-99.10284,19.39696],[-99.10316,19.39359]]]}},{"id":"613","type":"Feature","properties":{"CVEGEO":"0900600010433"},"geometry":{"type":"Polygon","coordinates":[[[-99.10524,19.39691],[-99.10513,19.3938],[-99.10797,19.39405],[-99.108,19.39755],[-99.10454,19.39707],[-99.10524,19.39691]]]}},{"id":"614","type":"Feature","properties":{"CVEGEO":"0900600010486"},"geometry":{"type":"Polygon","coordinates":[[[-99.08856,19.39074],[-99.09057,19.39169],[-99.08918,19.39525],[-99.08653,19.39383],[-99.08856,19.39074]]]}},{"id":"615","type":"Feature","properties":{"CVEGEO":"0900600010734"},"geometry":{"type":"Polygon","coordinates":[[[-99.09057,19.39169],[-99.08999,19.39142],[-99.09145,19.38759],[-99.0925,19.38782],[-99.09191,19.39345],[-99.08994,19.39325],[-99.09057,19.39169]]]}},{"id":"616","type":"Feature","properties":{"CVEGEO":"090060001019A"},"geometry":{"type":"Polygon","coordinates":[[[-99.06655,19.40108],[-99.06904,19.40163],[-99.06945,19.3999],[-99.07198,19.40028],[-99.07081,19.40532],[-99.06618,19.40264],[-99.06655,19.40108]]]}},{"id":"617","type":"Feature","properties":{"CVEGEO":"090060001033A"},"geometry":{"type":"Polygon","coordinates":[[[-99.0676,19.39652],[-99.07268,19.39733],[-99.07198,19.40028],[-99.06945,19.3999],[-99.06904,19.40163],[-99.06655,19.40108],[-99.0676,19.39652]]]}},{"id":"618","type":"Feature","properties":{"CVEGEO":"0900200010148"},"geometry":{"type":"Polygon","coordinates":[[[-99.20607,19.50056],[-99.20683,19.49428],[-99.20803,19.49462],[-99.20825,19.49386],[-99.21437,19.49564],[-99.21232,19.50237],[-99.20607,19.50056]]]}},{"id":"619","type":"Feature","properties":{"CVEGEO":"0900200010190"},"geometry":{"type":"Polygon","coordinates":[[[-99.18917,19.49564],[-99.18936,19.49186],[-99.19342,19.49294],[-99.19469,19.48987],[-99.19685,19.49267],[-99.1953,19.49674],[-99.19232,19.4958],[-99.19119,19.49994],[-99.18994,19.49959],[-99.18917,19.49564]]]}},{"id":"620","type":"Feature","properties":{"CVEGEO":"0900200010932"},"geometry":{"type":"Polygon","coordinates":[[[-99.17741,19.50629],[-99.17523,19.5007],[-99.18322,19.50387],[-99.18287,19.50532],[-99.18914,19.50651],[-99.18954,19.50499],[-99.19079,19.50544],[-99.1919,19.51127],[-99.19067,19.51041],[-99.17741,19.50629]]]}},{"id":"621","type":"Feature","properties":{"CVEGEO":"0900200010237"},"geometry":{"type":"Polygon","coordinates":[[[-99.20883,19.49122],[-99.2075,19.49086],[-99.20818,19.48728],[-99.21645,19.48941],[-99.21437,19.49564],[-99.20825,19.49386],[-99.20883,19.49122]]]}},{"id":"622","type":"Feature","properties":{"CVEGEO":"0900200010595"},"geometry":{"type":"Polygon","coordinates":[[[-99.21364,19.48094],[-99.21526,19.48169],[-99.21581,19.47988],[-99.21946,19.4809],[-99.21816,19.4846],[-99.2133,19.48341],[-99.21364,19.48094]]]}},{"id":"623","type":"Feature","properties":{"CVEGEO":"0900200010608"},"geometry":{"type":"Polygon","coordinates":[[[-99.21268,19.48074],[-99.21422,19.47321],[-99.21617,19.47374],[-99.2145,19.47952],[-99.21581,19.47988],[-99.21526,19.48169],[-99.21268,19.48074]]]}},{"id":"624","type":"Feature","properties":{"CVEGEO":"0900200010612"},"geometry":{"type":"Polygon","coordinates":[[[-99.2145,19.47952],[-99.2153,19.47687],[-99.22034,19.47822],[-99.21946,19.4809],[-99.2145,19.47952]]]}},{"id":"625","type":"Feature","properties":{"CVEGEO":"0900200010627"},"geometry":{"type":"Polygon","coordinates":[[[-99.21617,19.47374],[-99.22112,19.47507],[-99.22034,19.47822],[-99.2153,19.47687],[-99.21617,19.47374]]]}},{"id":"626","type":"Feature","properties":{"CVEGEO":"0900200011038"},"geometry":{"type":"Polygon","coordinates":[[[-99.21003,19.47208],[-99.21422,19.47321],[-99.21299,19.47977],[-99.21122,19.47861],[-99.20823,19.47788],[-99.21003,19.47208]]]}},{"id":"627","type":"Feature","properties":{"CVEGEO":"0900200011076"},"geometry":{"type":"Polygon","coordinates":[[[-99.20255,19.4858],[-99.20335,19.48374],[-99.21716,19.4874],[-99.21645,19.48941],[-99.20255,19.4858]]]}},{"id":"628","type":"Feature","properties":{"CVEGEO":"0900200011080"},"geometry":{"type":"Polygon","coordinates":[[[-99.20996,19.48559],[-99.21039,19.48425],[-99.21235,19.48472],[-99.21337,19.48328],[-99.21816,19.4846],[-99.21716,19.4874],[-99.20996,19.48559]]]}},{"id":"629","type":"Feature","properties":{"CVEGEO":"0900200011165"},"geometry":{"type":"Polygon","coordinates":[[[-99.15695,19.50272],[-99.15418,19.4952],[-99.17211,19.49917],[-99.17536,19.50749],[-99.17304,19.50859],[-99.15695,19.50272]]]}},{"id":"630","type":"Feature","properties":{"CVEGEO":"0900200011042"},"geometry":{"type":"Polygon","coordinates":[[[-99.20529,19.47202],[-99.20682,19.47122],[-99.21003,19.47208],[-99.20823,19.47788],[-99.20384,19.47674],[-99.20529,19.47202]]]}},{"id":"631","type":"Feature","properties":{"CVEGEO":"0900200010665"},"geometry":{"type":"Polygon","coordinates":[[[-99.19044,19.47046],[-99.19708,19.47225],[-99.19639,19.47571],[-99.19224,19.47807],[-99.19011,19.47744],[-99.19044,19.47046]]]}},{"id":"632","type":"Feature","properties":{"CVEGEO":"0900200010010"},"geometry":{"type":"Polygon","coordinates":[[[-99.20453,19.51174],[-99.20913,19.51111],[-99.20969,19.51173],[-99.20467,19.51514],[-99.20294,19.51461],[-99.20453,19.51174]]]}},{"id":"633","type":"Feature","properties":{"CVEGEO":"0900200010025"},"geometry":{"type":"Polygon","coordinates":[[[-99.19662,19.5127],[-99.1967,19.51165],[-99.20211,19.51038],[-99.2039,19.51242],[-99.20294,19.51461],[-99.19662,19.5127]]]}},{"id":"634","type":"Feature","properties":{"CVEGEO":"090020001003A"},"geometry":{"type":"Polygon","coordinates":[[[-99.20535,19.50877],[-99.21048,19.50814],[-99.21078,19.50908],[-99.20969,19.51173],[-99.20913,19.51111],[-99.20525,19.51168],[-99.20535,19.50877]]]}},{"id":"635","type":"Feature","properties":{"CVEGEO":"0900200011150"},"geometry":{"type":"Polygon","coordinates":[[[-99.17387,19.5033],[-99.17211,19.49917],[-99.17523,19.5007],[-99.17741,19.50629],[-99.17532,19.50737],[-99.17387,19.5033]]]}},{"id":"636","type":"Feature","properties":{"CVEGEO":"0900200011023"},"geometry":{"type":"Polygon","coordinates":[[[-99.19011,19.47744],[-99.19224,19.47807],[-99.19516,19.47639],[-99.19969,19.47774],[-99.1965,19.48519],[-99.18984,19.48311],[-99.19011,19.47744]]]}},{"id":"637","type":"Feature","properties":{"CVEGEO":"0900200010684"},"geometry":{"type":"Polygon","coordinates":[[[-99.18441,19.46537],[-99.19066,19.46595],[-99.19045,19.47141],[-99.18395,19.4703],[-99.18441,19.46537]]]}},{"id":"638","type":"Feature","properties":{"CVEGEO":"0900200010044"},"geometry":{"type":"Polygon","coordinates":[[[-99.19817,19.51154],[-99.20086,19.50923],[-99.20324,19.50855],[-99.20289,19.50714],[-99.20485,19.50664],[-99.20525,19.51168],[-99.2039,19.51242],[-99.20204,19.51041],[-99.19817,19.51154]]]}},{"id":"639","type":"Feature","properties":{"CVEGEO":"090020001081A"},"geometry":{"type":"Polygon","coordinates":[[[-99.18108,19.4593],[-99.18527,19.46002],[-99.18292,19.46349],[-99.17964,19.46142],[-99.17842,19.4596],[-99.17878,19.45894],[-99.18108,19.4593]]]}},{"id":"640","type":"Feature","properties":{"CVEGEO":"090020001010A"},"geometry":{"type":"Polygon","coordinates":[[[-99.20389,19.50478],[-99.20485,19.50664],[-99.20289,19.50714],[-99.20324,19.50855],[-99.20136,19.50899],[-99.20091,19.50709],[-99.20181,19.5041],[-99.20389,19.50478]]]}},{"id":"641","type":"Feature","properties":{"CVEGEO":"0900200010167"},"geometry":{"type":"Polygon","coordinates":[[[-99.19926,19.49623],[-99.20474,19.50202],[-99.20194,19.50126],[-99.19823,19.50014],[-99.19926,19.49623]]]}},{"id":"642","type":"Feature","properties":{"CVEGEO":"0900200010097"},"geometry":{"type":"Polygon","coordinates":[[[-99.20451,19.50549],[-99.2063,19.50409],[-99.21031,19.50813],[-99.20535,19.50877],[-99.20451,19.50549]]]}},{"id":"643","type":"Feature","properties":{"CVEGEO":"0900200010114"},"geometry":{"type":"Polygon","coordinates":[[[-99.18322,19.50387],[-99.18485,19.49597],[-99.1859,19.49401],[-99.18793,19.49459],[-99.18925,19.49373],[-99.19079,19.50544],[-99.18322,19.50387]]]}},{"id":"644","type":"Feature","properties":{"CVEGEO":"0900200010186"},"geometry":{"type":"Polygon","coordinates":[[[-99.19232,19.4958],[-99.1953,19.49674],[-99.19685,19.49267],[-99.19926,19.49623],[-99.19765,19.50175],[-99.19119,19.49994],[-99.19232,19.4958]]]}},{"id":"645","type":"Feature","properties":{"CVEGEO":"0900200010260"},"geometry":{"type":"Polygon","coordinates":[[[-99.19482,19.48978],[-99.20073,19.4914],[-99.19902,19.49586],[-99.19482,19.48978]]]}},{"id":"646","type":"Feature","properties":{"CVEGEO":"0900200010415"},"geometry":{"type":"Polygon","coordinates":[[[-99.1479,19.47849],[-99.14589,19.47311],[-99.1509,19.47306],[-99.1502,19.47716],[-99.1519,19.4777],[-99.15189,19.47866],[-99.15127,19.47951],[-99.1479,19.47849]]]}},{"id":"647","type":"Feature","properties":{"CVEGEO":"0900200010472"},"geometry":{"type":"Polygon","coordinates":[[[-99.18462,19.47773],[-99.18126,19.47366],[-99.1891,19.47458],[-99.18925,19.47269],[-99.19036,19.47298],[-99.19008,19.47828],[-99.18884,19.47899],[-99.18462,19.47773]]]}},{"id":"648","type":"Feature","properties":{"CVEGEO":"0900200010542"},"geometry":{"type":"Polygon","coordinates":[[[-99.1586,19.46897],[-99.15931,19.46905],[-99.15932,19.46495],[-99.15865,19.46392],[-99.15973,19.46307],[-99.162,19.46419],[-99.16232,19.46367],[-99.16272,19.46423],[-99.16103,19.46529],[-99.16065,19.46657],[-99.161,19.46704],[-99.16253,19.4662],[-99.16344,19.46785],[-99.16198,19.4686],[-99.16359,19.4723],[-99.15796,19.47361],[-99.1586,19.46897]]]}},{"id":"649","type":"Feature","properties":{"CVEGEO":"0900200010580"},"geometry":{"type":"Polygon","coordinates":[[[-99.14589,19.47311],[-99.14368,19.46729],[-99.14914,19.46789],[-99.14891,19.46917],[-99.14802,19.46951],[-99.14731,19.4732],[-99.14589,19.47311]]]}},{"id":"650","type":"Feature","properties":{"CVEGEO":"0900200010650"},"geometry":{"type":"Polygon","coordinates":[[[-99.19516,19.47639],[-99.19639,19.47571],[-99.19708,19.47225],[-99.20102,19.47336],[-99.20529,19.47202],[-99.20314,19.47867],[-99.19516,19.47639]]]}},{"id":"651","type":"Feature","properties":{"CVEGEO":"090020001067A"},"geometry":{"type":"Polygon","coordinates":[[[-99.17864,19.4706],[-99.18179,19.46984],[-99.19045,19.47141],[-99.19036,19.47298],[-99.18925,19.47269],[-99.1891,19.47458],[-99.18126,19.47366],[-99.17864,19.4706]]]}},{"id":"652","type":"Feature","properties":{"CVEGEO":"0900200010769"},"geometry":{"type":"Polygon","coordinates":[[[-99.15099,19.46722],[-99.15169,19.46305],[-99.15865,19.46392],[-99.15932,19.46495],[-99.15931,19.46905],[-99.1586,19.46897],[-99.15839,19.47109],[-99.15099,19.46722]]]}},{"id":"653","type":"Feature","properties":{"CVEGEO":"0900200010788"},"geometry":{"type":"Polygon","coordinates":[[[-99.14368,19.46729],[-99.14312,19.46506],[-99.14833,19.46344],[-99.14966,19.46583],[-99.14914,19.46789],[-99.14368,19.46729]]]}},{"id":"654","type":"Feature","properties":{"CVEGEO":"0900200010792"},"geometry":{"type":"Polygon","coordinates":[[[-99.18328,19.4653],[-99.18341,19.46375],[-99.18292,19.46349],[-99.18527,19.46002],[-99.18848,19.46078],[-99.188,19.46381],[-99.19073,19.46467],[-99.19066,19.46595],[-99.18328,19.4653]]]}},{"id":"655","type":"Feature","properties":{"CVEGEO":"0900200010824"},"geometry":{"type":"Polygon","coordinates":[[[-99.17153,19.46256],[-99.16831,19.45718],[-99.17878,19.45893],[-99.17784,19.46064],[-99.1776,19.46337],[-99.17153,19.46256]]]}},{"id":"656","type":"Feature","properties":{"CVEGEO":"0900200010858"},"geometry":{"type":"Polygon","coordinates":[[[-99.16293,19.45934],[-99.16371,19.45643],[-99.16617,19.45744],[-99.16383,19.46279],[-99.16262,19.46403],[-99.15973,19.46307],[-99.16293,19.45934]]]}},{"id":"657","type":"Feature","properties":{"CVEGEO":"0900200011057"},"geometry":{"type":"Polygon","coordinates":[[[-99.16272,19.46423],[-99.16504,19.46457],[-99.1652,19.46302],[-99.167,19.46333],[-99.16686,19.46437],[-99.1678,19.46503],[-99.17305,19.4659],[-99.17284,19.46744],[-99.16394,19.46597],[-99.16272,19.46423]]]}},{"id":"658","type":"Feature","properties":{"CVEGEO":"0900200011061"},"geometry":{"type":"Polygon","coordinates":[[[-99.16262,19.46403],[-99.16439,19.46143],[-99.16539,19.46157],[-99.16504,19.46457],[-99.16262,19.46403]]]}},{"id":"659","type":"Feature","properties":{"CVEGEO":"090020001117A"},"geometry":{"type":"Polygon","coordinates":[[[-99.20945,19.50709],[-99.20652,19.50437],[-99.20723,19.50387],[-99.2101,19.5064],[-99.21144,19.50672],[-99.21078,19.50908],[-99.20945,19.50709]]]}},{"id":"660","type":"Feature","properties":{"CVEGEO":"0900200010843"},"geometry":{"type":"Polygon","coordinates":[[[-99.16439,19.46143],[-99.16617,19.45744],[-99.16497,19.45727],[-99.16506,19.45666],[-99.16831,19.45718],[-99.17153,19.46256],[-99.16439,19.46143]]]}},{"id":"661","type":"Feature","properties":{"CVEGEO":"0900200010966"},"geometry":{"type":"Polygon","coordinates":[[[-99.20642,19.50258],[-99.20698,19.50086],[-99.21232,19.50237],[-99.21144,19.50672],[-99.2101,19.5064],[-99.20642,19.50258]]]}},{"id":"662","type":"Feature","properties":{"CVEGEO":"0900200010379"},"geometry":{"type":"Polygon","coordinates":[[[-99.15899,19.47364],[-99.16138,19.473],[-99.16265,19.47634],[-99.16216,19.478],[-99.15762,19.47957],[-99.15899,19.47364]]]}},{"id":"663","type":"Feature","properties":{"CVEGEO":"0900200010398"},"geometry":{"type":"Polygon","coordinates":[[[-99.15899,19.47364],[-99.15813,19.47749],[-99.15381,19.47684],[-99.15438,19.47351],[-99.15899,19.47364]]]}},{"id":"664","type":"Feature","properties":{"CVEGEO":"0900200010275"},"geometry":{"type":"Polygon","coordinates":[[[-99.19469,19.48987],[-99.1965,19.48519],[-99.20144,19.4889],[-99.20073,19.4914],[-99.19469,19.48987]]]}},{"id":"665","type":"Feature","properties":{"CVEGEO":"090020001028A"},"geometry":{"type":"Polygon","coordinates":[[[-99.18936,19.49186],[-99.18965,19.48554],[-99.19469,19.48987],[-99.19342,19.49294],[-99.18936,19.49186]]]}},{"id":"666","type":"Feature","properties":{"CVEGEO":"0900200010294"},"geometry":{"type":"Polygon","coordinates":[[[-99.18984,19.48311],[-99.1965,19.48519],[-99.19469,19.48987],[-99.18965,19.48554],[-99.18984,19.48311]]]}},{"id":"667","type":"Feature","properties":{"CVEGEO":"0900200010307"},"geometry":{"type":"Polygon","coordinates":[[[-99.18609,19.48956],[-99.18525,19.48755],[-99.18643,19.48533],[-99.1896,19.48605],[-99.18936,19.49186],[-99.18731,19.49117],[-99.18766,19.49001],[-99.18609,19.48956]]]}},{"id":"668","type":"Feature","properties":{"CVEGEO":"0900200010311"},"geometry":{"type":"Polygon","coordinates":[[[-99.18295,19.48927],[-99.18367,19.48678],[-99.18213,19.48648],[-99.18462,19.47773],[-99.18701,19.47843],[-99.18521,19.48707],[-99.18609,19.48956],[-99.18295,19.48927]]]}},{"id":"669","type":"Feature","properties":{"CVEGEO":"0900200010326"},"geometry":{"type":"Polygon","coordinates":[[[-99.1814,19.48256],[-99.181,19.48367],[-99.18282,19.48408],[-99.18213,19.48648],[-99.18367,19.48678],[-99.18295,19.48927],[-99.17858,19.48984],[-99.18048,19.48525],[-99.17883,19.48487],[-99.17916,19.48349],[-99.1814,19.48256]]]}},{"id":"670","type":"Feature","properties":{"CVEGEO":"0900200010330"},"geometry":{"type":"Polygon","coordinates":[[[-99.17433,19.48416],[-99.17703,19.48438],[-99.17916,19.48349],[-99.17883,19.48487],[-99.18048,19.48525],[-99.17888,19.48963],[-99.17347,19.4907],[-99.17433,19.48416]]]}},{"id":"671","type":"Feature","properties":{"CVEGEO":"0900200010345"},"geometry":{"type":"Polygon","coordinates":[[[-99.17499,19.47816],[-99.17944,19.47917],[-99.17912,19.48043],[-99.18095,19.48102],[-99.18056,19.4824],[-99.18131,19.48256],[-99.17703,19.48438],[-99.17433,19.48416],[-99.17499,19.47816]]]}},{"id":"672","type":"Feature","properties":{"CVEGEO":"090020001035A"},"geometry":{"type":"Polygon","coordinates":[[[-99.16443,19.47446],[-99.16699,19.47326],[-99.17532,19.47513],[-99.17295,19.4951],[-99.16443,19.47446]]]}},{"id":"673","type":"Feature","properties":{"CVEGEO":"0900200010468"},"geometry":{"type":"Polygon","coordinates":[[[-99.18701,19.47843],[-99.18884,19.47899],[-99.19008,19.47828],[-99.1896,19.48605],[-99.18643,19.48533],[-99.18522,19.48711],[-99.18701,19.47843]]]}},{"id":"674","type":"Feature","properties":{"CVEGEO":"0900200010487"},"geometry":{"type":"Polygon","coordinates":[[[-99.17944,19.47917],[-99.18178,19.47968],[-99.18194,19.47895],[-99.18278,19.47913],[-99.18333,19.47738],[-99.18238,19.47714],[-99.18291,19.47555],[-99.18462,19.47773],[-99.18282,19.48408],[-99.181,19.48367],[-99.18095,19.48102],[-99.17912,19.48043],[-99.17944,19.47917]]]}},{"id":"675","type":"Feature","properties":{"CVEGEO":"0900200010491"},"geometry":{"type":"Polygon","coordinates":[[[-99.17499,19.47816],[-99.17532,19.47513],[-99.18015,19.47618],[-99.18115,19.47352],[-99.18291,19.47555],[-99.18238,19.47714],[-99.18333,19.47738],[-99.18278,19.47913],[-99.18194,19.47895],[-99.18178,19.47968],[-99.17499,19.47816]]]}},{"id":"676","type":"Feature","properties":{"CVEGEO":"0900200010504"},"geometry":{"type":"Polygon","coordinates":[[[-99.17532,19.47513],[-99.17616,19.46819],[-99.18115,19.47352],[-99.18015,19.47618],[-99.17532,19.47513]]]}},{"id":"677","type":"Feature","properties":{"CVEGEO":"0900200010519"},"geometry":{"type":"Polygon","coordinates":[[[-99.16936,19.47193],[-99.16933,19.47047],[-99.17616,19.46819],[-99.17532,19.47513],[-99.17347,19.47465],[-99.17383,19.47142],[-99.16936,19.47193]]]}},{"id":"678","type":"Feature","properties":{"CVEGEO":"0900200011127"},"geometry":{"type":"Polygon","coordinates":[[[-99.19118,19.50461],[-99.19567,19.50604],[-99.19138,19.5089],[-99.19118,19.50461]]]}},{"id":"679","type":"Feature","properties":{"CVEGEO":"0900200010171"},"geometry":{"type":"Polygon","coordinates":[[[-99.20021,19.49322],[-99.20309,19.49401],[-99.20218,19.49665],[-99.20092,19.49623],[-99.20051,19.49757],[-99.19926,19.49623],[-99.20021,19.49322]]]}},{"id":"680","type":"Feature","properties":{"CVEGEO":"0900200010364"},"geometry":{"type":"Polygon","coordinates":[[[-99.16265,19.47634],[-99.16138,19.473],[-99.16359,19.4723],[-99.16551,19.47729],[-99.16216,19.478],[-99.16265,19.47634]]]}},{"id":"681","type":"Feature","properties":{"CVEGEO":"0900200010383"},"geometry":{"type":"Polygon","coordinates":[[[-99.15328,19.4792],[-99.15381,19.47684],[-99.15813,19.47749],[-99.15735,19.48106],[-99.15142,19.4791],[-99.15328,19.4792]]]}},{"id":"682","type":"Feature","properties":{"CVEGEO":"0900200010561"},"geometry":{"type":"Polygon","coordinates":[[[-99.14999,19.47315],[-99.15085,19.46808],[-99.15233,19.4682],[-99.15339,19.4689],[-99.15267,19.47321],[-99.14999,19.47315]]]}},{"id":"683","type":"Feature","properties":{"CVEGEO":"0900200010576"},"geometry":{"type":"Polygon","coordinates":[[[-99.14914,19.46789],[-99.15085,19.46808],[-99.14999,19.47315],[-99.14731,19.4732],[-99.14802,19.46951],[-99.14891,19.46917],[-99.14914,19.46789]]]}},{"id":"684","type":"Feature","properties":{"CVEGEO":"0900200010947"},"geometry":{"type":"Polygon","coordinates":[[[-99.18954,19.50499],[-99.18925,19.50639],[-99.18287,19.50532],[-99.18322,19.50387],[-99.18954,19.50499]]]}},{"id":"685","type":"Feature","properties":{"CVEGEO":"0900200010896"},"geometry":{"type":"Polygon","coordinates":[[[-99.17229,19.47154],[-99.17384,19.47134],[-99.17347,19.47465],[-99.17212,19.47431],[-99.17229,19.47154]]]}},{"id":"686","type":"Feature","properties":{"CVEGEO":"0900200011184"},"geometry":{"type":"Polygon","coordinates":[[[-99.20474,19.50202],[-99.20607,19.50056],[-99.20698,19.50086],[-99.20642,19.50258],[-99.20723,19.50387],[-99.2063,19.50409],[-99.20474,19.50202]]]}},{"id":"687","type":"Feature","properties":{"CVEGEO":"0900200010256"},"geometry":{"type":"Polygon","coordinates":[[[-99.20751,19.49099],[-99.20209,19.48953],[-99.20118,19.48859],[-99.20255,19.4858],[-99.20808,19.48723],[-99.20751,19.49099]]]}},{"id":"688","type":"Feature","properties":{"CVEGEO":"0900200010129"},"geometry":{"type":"Polygon","coordinates":[[[-99.17295,19.4951],[-99.17316,19.49264],[-99.17864,19.49444],[-99.17796,19.49664],[-99.18427,19.49876],[-99.18322,19.50387],[-99.17523,19.5007],[-99.17295,19.4951]]]}},{"id":"689","type":"Feature","properties":{"CVEGEO":"0900200010133"},"geometry":{"type":"Polygon","coordinates":[[[-99.17781,19.49164],[-99.18152,19.4928],[-99.18252,19.49247],[-99.18132,19.49539],[-99.18479,19.49678],[-99.18427,19.49876],[-99.17796,19.49664],[-99.17864,19.49444],[-99.17746,19.49391],[-99.17781,19.49164]]]}},{"id":"690","type":"Feature","properties":{"CVEGEO":"0900200010203"},"geometry":{"type":"Polygon","coordinates":[[[-99.18281,19.49161],[-99.18363,19.49139],[-99.18514,19.49231],[-99.18876,19.49304],[-99.18891,19.4939],[-99.18793,19.49459],[-99.1859,19.49401],[-99.18479,19.49678],[-99.18132,19.49539],[-99.18281,19.49161]]]}},{"id":"691","type":"Feature","properties":{"CVEGEO":"0900200010218"},"geometry":{"type":"Polygon","coordinates":[[[-99.18404,19.49151],[-99.18281,19.49161],[-99.18387,19.48919],[-99.18766,19.49001],[-99.18731,19.49117],[-99.18936,19.49186],[-99.18925,19.49373],[-99.18876,19.49304],[-99.18404,19.49151]]]}},{"id":"692","type":"Feature","properties":{"CVEGEO":"0900200010222"},"geometry":{"type":"Polygon","coordinates":[[[-99.17347,19.4907],[-99.18387,19.48919],[-99.18252,19.49247],[-99.18152,19.4928],[-99.17781,19.49164],[-99.17746,19.49391],[-99.17316,19.49264],[-99.17347,19.4907]]]}},{"id":"693","type":"Feature","properties":{"CVEGEO":"0900200010400"},"geometry":{"type":"Polygon","coordinates":[[[-99.15442,19.47337],[-99.15328,19.4792],[-99.15186,19.47872],[-99.1519,19.4777],[-99.1502,19.47716],[-99.15088,19.47316],[-99.15442,19.47337]]]}},{"id":"694","type":"Feature","properties":{"CVEGEO":"0900200010434"},"geometry":{"type":"Polygon","coordinates":[[[-99.1965,19.48519],[-99.19766,19.48229],[-99.20335,19.48374],[-99.20159,19.48851],[-99.1965,19.48519]]]}},{"id":"695","type":"Feature","properties":{"CVEGEO":"0900200010449"},"geometry":{"type":"Polygon","coordinates":[[[-99.2046,19.47907],[-99.20335,19.48374],[-99.20071,19.48305],[-99.201,19.48208],[-99.20013,19.48145],[-99.20046,19.48031],[-99.19884,19.47962],[-99.19964,19.47784],[-99.2046,19.47907]]]}},{"id":"696","type":"Feature","properties":{"CVEGEO":"0900200010557"},"geometry":{"type":"Polygon","coordinates":[[[-99.15339,19.4689],[-99.15839,19.47109],[-99.15796,19.47361],[-99.15267,19.47321],[-99.15339,19.4689]]]}},{"id":"697","type":"Feature","properties":{"CVEGEO":"0900200010631"},"geometry":{"type":"Polygon","coordinates":[[[-99.21299,19.48332],[-99.20617,19.48195],[-99.20653,19.48081],[-99.20419,19.48051],[-99.2046,19.47907],[-99.20314,19.47867],[-99.20378,19.47678],[-99.21201,19.47898],[-99.21188,19.47944],[-99.21299,19.47977],[-99.21268,19.48074],[-99.21364,19.48094],[-99.21299,19.48332]]]}},{"id":"698","type":"Feature","properties":{"CVEGEO":"0900200010699"},"geometry":{"type":"Polygon","coordinates":[[[-99.17616,19.46819],[-99.17719,19.46678],[-99.18423,19.46737],[-99.18395,19.4703],[-99.18179,19.46984],[-99.17864,19.4706],[-99.17616,19.46819]]]}},{"id":"699","type":"Feature","properties":{"CVEGEO":"0900200010701"},"geometry":{"type":"Polygon","coordinates":[[[-99.17772,19.46204],[-99.17951,19.46258],[-99.17931,19.46496],[-99.18441,19.46537],[-99.18423,19.46737],[-99.17719,19.46678],[-99.17772,19.46204]]]}},{"id":"700","type":"Feature","properties":{"CVEGEO":"0900200010716"},"geometry":{"type":"Polygon","coordinates":[[[-99.17153,19.46256],[-99.1776,19.46337],[-99.17728,19.46649],[-99.17596,19.46839],[-99.17038,19.47014],[-99.17054,19.46887],[-99.17276,19.46807],[-99.17327,19.46531],[-99.17153,19.46256]]]}},{"id":"701","type":"Feature","properties":{"CVEGEO":"0900200010720"},"geometry":{"type":"Polygon","coordinates":[[[-99.16394,19.46597],[-99.17284,19.46744],[-99.17276,19.46807],[-99.17054,19.46887],[-99.17038,19.47014],[-99.16663,19.4713],[-99.167,19.468],[-99.16512,19.46764],[-99.16394,19.46597]]]}},{"id":"702","type":"Feature","properties":{"CVEGEO":"090020001074A"},"geometry":{"type":"Polygon","coordinates":[[[-99.167,19.468],[-99.16663,19.4713],[-99.16359,19.4723],[-99.16225,19.46902],[-99.16434,19.46795],[-99.167,19.468]]]}},{"id":"703","type":"Feature","properties":{"CVEGEO":"0900200010754"},"geometry":{"type":"Polygon","coordinates":[[[-99.16253,19.4662],[-99.161,19.46704],[-99.16065,19.46657],[-99.16103,19.46529],[-99.16272,19.46423],[-99.16507,19.46758],[-99.16225,19.46902],[-99.16198,19.4686],[-99.16344,19.46785],[-99.16253,19.4662]]]}},{"id":"704","type":"Feature","properties":{"CVEGEO":"0900200010773"},"geometry":{"type":"Polygon","coordinates":[[[-99.15169,19.46305],[-99.15099,19.46722],[-99.15233,19.4682],[-99.14928,19.46791],[-99.14966,19.46583],[-99.14833,19.46344],[-99.15169,19.46305]]]}},{"id":"705","type":"Feature","properties":{"CVEGEO":"0900200010805"},"geometry":{"type":"Polygon","coordinates":[[[-99.17931,19.46496],[-99.17951,19.46258],[-99.17772,19.46204],[-99.17842,19.4596],[-99.17978,19.46156],[-99.18341,19.46375],[-99.18328,19.4653],[-99.17931,19.46496]]]}},{"id":"706","type":"Feature","properties":{"CVEGEO":"0900200010839"},"geometry":{"type":"Polygon","coordinates":[[[-99.16686,19.46437],[-99.167,19.46333],[-99.1652,19.46302],[-99.16539,19.46157],[-99.17153,19.46256],[-99.17327,19.46531],[-99.17305,19.4659],[-99.16686,19.46437]]]}},{"id":"707","type":"Feature","properties":{"CVEGEO":"0900200010909"},"geometry":{"type":"Polygon","coordinates":[[[-99.16936,19.47193],[-99.17229,19.47154],[-99.17212,19.47431],[-99.16923,19.47321],[-99.16936,19.47193]]]}},{"id":"708","type":"Feature","properties":{"CVEGEO":"0900200010985"},"geometry":{"type":"Polygon","coordinates":[[[-99.20092,19.49623],[-99.20218,19.49665],[-99.20309,19.49401],[-99.20427,19.49432],[-99.20205,19.49911],[-99.20056,19.49742],[-99.20092,19.49623]]]}},{"id":"709","type":"Feature","properties":{"CVEGEO":"0900200011004"},"geometry":{"type":"Polygon","coordinates":[[[-99.20427,19.49432],[-99.20021,19.49322],[-99.20144,19.4889],[-99.20209,19.48953],[-99.20883,19.49122],[-99.20803,19.49462],[-99.20474,19.49289],[-99.20427,19.49432]]]}},{"id":"710","type":"Feature","properties":{"CVEGEO":"0900200011019"},"geometry":{"type":"Polygon","coordinates":[[[-99.20046,19.48031],[-99.20013,19.48145],[-99.201,19.48208],[-99.20071,19.48305],[-99.19766,19.48229],[-99.19868,19.47998],[-99.20046,19.48031]]]}},{"id":"711","type":"Feature","properties":{"CVEGEO":"0900200011095"},"geometry":{"type":"Polygon","coordinates":[[[-99.20335,19.48374],[-99.20419,19.48051],[-99.20653,19.48081],[-99.20617,19.48195],[-99.2133,19.48341],[-99.21235,19.48472],[-99.21045,19.48423],[-99.20996,19.48559],[-99.20335,19.48374]]]}},{"id":"712","type":"Feature","properties":{"CVEGEO":"0900200010970"},"geometry":{"type":"Polygon","coordinates":[[[-99.20397,19.4952],[-99.20668,19.49593],[-99.20599,19.50109],[-99.20474,19.50202],[-99.20205,19.49911],[-99.20397,19.4952]]]}},{"id":"713","type":"Feature","properties":{"CVEGEO":"090020001099A"},"geometry":{"type":"Polygon","coordinates":[[[-99.20474,19.49289],[-99.2061,19.49322],[-99.20684,19.49432],[-99.20668,19.49593],[-99.20397,19.4952],[-99.20474,19.49289]]]}},{"id":"714","type":"Feature","properties":{"CVEGEO":"0900200011131"},"geometry":{"type":"Polygon","coordinates":[[[-99.16374,19.47266],[-99.16594,19.4731],[-99.16607,19.47228],[-99.16936,19.47193],[-99.1692,19.47359],[-99.16699,19.47326],[-99.16443,19.47446],[-99.16374,19.47266]]]}},{"id":"715","type":"Feature","properties":{"CVEGEO":"0900200011146"},"geometry":{"type":"Polygon","coordinates":[[[-99.16933,19.47047],[-99.16936,19.47193],[-99.16607,19.47228],[-99.16594,19.4731],[-99.16374,19.47266],[-99.16933,19.47047]]]}},{"id":"716","type":"Feature","properties":{"CVEGEO":"0900200010877"},"geometry":{"type":"Polygon","coordinates":[[[-99.15418,19.4952],[-99.15048,19.48527],[-99.16112,19.48761],[-99.16589,19.4899],[-99.17133,19.49113],[-99.17523,19.5007],[-99.17211,19.49917],[-99.15418,19.4952]]]}},{"id":"717","type":"Feature","properties":{"CVEGEO":"0900200010881"},"geometry":{"type":"Polygon","coordinates":[[[-99.1479,19.47849],[-99.15735,19.48106],[-99.15762,19.47957],[-99.16551,19.47729],[-99.17107,19.49115],[-99.16587,19.48989],[-99.16112,19.48761],[-99.15048,19.48527],[-99.1479,19.47849]]]}},{"id":"718","type":"Feature","properties":{"CVEGEO":"0900200010928"},"geometry":{"type":"Polygon","coordinates":[[[-99.1979,19.50775],[-99.19536,19.50704],[-99.19567,19.50604],[-99.19083,19.50495],[-99.18994,19.49959],[-99.19765,19.50175],[-99.19823,19.50014],[-99.20474,19.50202],[-99.2063,19.50409],[-99.20451,19.50549],[-99.20173,19.50413],[-99.20091,19.50709],[-99.20136,19.50899],[-99.19817,19.51154],[-99.1967,19.51165],[-99.1979,19.50775]]]}},{"id":"719","type":"Feature","properties":{"CVEGEO":"0900200010913"},"geometry":{"type":"Polygon","coordinates":[[[-99.19138,19.5089],[-99.1971,19.51058],[-99.19662,19.5127],[-99.19203,19.51131],[-99.19138,19.5089]]]}},{"id":"720","type":"Feature","properties":{"CVEGEO":"0900200011112"},"geometry":{"type":"Polygon","coordinates":[[[-99.1955,19.50659],[-99.19536,19.50704],[-99.1979,19.50775],[-99.1971,19.51058],[-99.19138,19.5089],[-99.1955,19.50659]]]}},{"id":"721","type":"Feature","properties":{"CVEGEO":"0901700010070"},"geometry":{"type":"Polygon","coordinates":[[[-99.09974,19.44472],[-99.10327,19.44594],[-99.1022,19.45025],[-99.10026,19.44984],[-99.09745,19.45078],[-99.09974,19.44472]]]}},{"id":"722","type":"Feature","properties":{"CVEGEO":"0901700010865"},"geometry":{"type":"Polygon","coordinates":[[[-99.05786,19.42928],[-99.05663,19.42798],[-99.05682,19.42625],[-99.0544,19.42597],[-99.05579,19.42214],[-99.05723,19.42232],[-99.05705,19.4241],[-99.05938,19.42657],[-99.05794,19.42639],[-99.06253,19.43107],[-99.06145,19.43095],[-99.05945,19.42856],[-99.05786,19.42928]]]}},{"id":"723","type":"Feature","properties":{"CVEGEO":"0901700011045"},"geometry":{"type":"Polygon","coordinates":[[[-99.1242,19.41565],[-99.12499,19.41572],[-99.12483,19.41356],[-99.12815,19.41344],[-99.12741,19.41868],[-99.12399,19.41817],[-99.1242,19.41565]]]}},{"id":"724","type":"Feature","properties":{"CVEGEO":"0901700010210"},"geometry":{"type":"Polygon","coordinates":[[[-99.12121,19.44245],[-99.12311,19.44266],[-99.12593,19.44762],[-99.12478,19.45201],[-99.12129,19.44818],[-99.12121,19.44245]]]}},{"id":"725","type":"Feature","properties":{"CVEGEO":"0901700011308"},"geometry":{"type":"Polygon","coordinates":[[[-99.0769,19.40913],[-99.07798,19.40715],[-99.08306,19.40726],[-99.08074,19.41092],[-99.0769,19.40913]]]}},{"id":"726","type":"Feature","properties":{"CVEGEO":"0901700010831"},"geometry":{"type":"Polygon","coordinates":[[[-99.0544,19.42597],[-99.05682,19.42625],[-99.05663,19.42798],[-99.05909,19.43074],[-99.0526,19.42996],[-99.0544,19.42597]]]}},{"id":"727","type":"Feature","properties":{"CVEGEO":"0901700011191"},"geometry":{"type":"Polygon","coordinates":[[[-99.09517,19.40899],[-99.09703,19.40916],[-99.09743,19.41092],[-99.09678,19.41026],[-99.0963,19.41107],[-99.0956,19.41067],[-99.09209,19.41703],[-99.09107,19.41644],[-99.09517,19.40899]]]}},{"id":"728","type":"Feature","properties":{"CVEGEO":"0901700011219"},"geometry":{"type":"Polygon","coordinates":[[[-99.09355,19.4095],[-99.09234,19.4086],[-99.09517,19.40899],[-99.09338,19.41303],[-99.09107,19.41644],[-99.09039,19.41605],[-99.09355,19.4095]]]}},{"id":"729","type":"Feature","properties":{"CVEGEO":"0901700011223"},"geometry":{"type":"Polygon","coordinates":[[[-99.08671,19.41469],[-99.08704,19.41413],[-99.08821,19.4148],[-99.09159,19.40849],[-99.09234,19.4086],[-99.09355,19.4095],[-99.09039,19.41605],[-99.09007,19.41661],[-99.08671,19.41469]]]}},{"id":"730","type":"Feature","properties":{"CVEGEO":"0901700010367"},"geometry":{"type":"Polygon","coordinates":[[[-99.12118,19.43614],[-99.12394,19.43642],[-99.12311,19.44266],[-99.12121,19.44245],[-99.12118,19.43614]]]}},{"id":"731","type":"Feature","properties":{"CVEGEO":"0901700010047"},"geometry":{"type":"Polygon","coordinates":[[[-99.10871,19.45281],[-99.11052,19.44892],[-99.11581,19.45005],[-99.11439,19.45585],[-99.11186,19.45383],[-99.10871,19.45281]]]}},{"id":"732","type":"Feature","properties":{"CVEGEO":"0901700010051"},"geometry":{"type":"Polygon","coordinates":[[[-99.10283,19.44865],[-99.11016,19.45025],[-99.10871,19.45281],[-99.10254,19.45037],[-99.10283,19.44865]]]}},{"id":"733","type":"Feature","properties":{"CVEGEO":"0901700010140"},"geometry":{"type":"Polygon","coordinates":[[[-99.04805,19.44234],[-99.05976,19.43575],[-99.06476,19.42837],[-99.06843,19.43073],[-99.07329,19.42795],[-99.07488,19.41697],[-99.0776,19.41835],[-99.07823,19.41736],[-99.08152,19.42046],[-99.08731,19.42381],[-99.09043,19.42305],[-99.09278,19.42355],[-99.09121,19.42611],[-99.09242,19.42681],[-99.087,19.43547],[-99.08473,19.43514],[-99.07765,19.43915],[-99.07666,19.44306],[-99.07746,19.44277],[-99.08107,19.44474],[-99.07545,19.44884],[-99.06229,19.44479],[-99.05256,19.44842],[-99.05087,19.45018],[-99.04739,19.44383],[-99.04805,19.44234]]]}},{"id":"734","type":"Feature","properties":{"CVEGEO":"0901700010032"},"geometry":{"type":"Polygon","coordinates":[[[-99.11491,19.45378],[-99.11581,19.45005],[-99.12478,19.45201],[-99.12369,19.45643],[-99.11491,19.45378]]]}},{"id":"735","type":"Feature","properties":{"CVEGEO":"090170001048A"},"geometry":{"type":"Polygon","coordinates":[[[-99.12122,19.43245],[-99.11897,19.43221],[-99.11939,19.429],[-99.12024,19.42908],[-99.12013,19.43048],[-99.12263,19.43067],[-99.12257,19.43372],[-99.12433,19.43392],[-99.12394,19.43642],[-99.12118,19.43614],[-99.12122,19.43245]]]}},{"id":"736","type":"Feature","properties":{"CVEGEO":"0901700010687"},"geometry":{"type":"Polygon","coordinates":[[[-99.12375,19.42261],[-99.12601,19.42287],[-99.12518,19.42832],[-99.12303,19.42804],[-99.12375,19.42261]]]}},{"id":"737","type":"Feature","properties":{"CVEGEO":"0901700010085"},"geometry":{"type":"Polygon","coordinates":[[[-99.09155,19.45023],[-99.09252,19.45081],[-99.09362,19.44789],[-99.09796,19.44951],[-99.09745,19.45078],[-99.09527,19.45161],[-99.0929,19.45141],[-99.09155,19.45023]]]}},{"id":"738","type":"Feature","properties":{"CVEGEO":"0901700010102"},"geometry":{"type":"Polygon","coordinates":[[[-99.08793,19.44686],[-99.08716,19.44577],[-99.09362,19.44789],[-99.09252,19.45081],[-99.08793,19.44686]]]}},{"id":"739","type":"Feature","properties":{"CVEGEO":"0901700010117"},"geometry":{"type":"Polygon","coordinates":[[[-99.0893,19.44418],[-99.09437,19.44588],[-99.09362,19.44789],[-99.08716,19.44577],[-99.0893,19.44418]]]}},{"id":"740","type":"Feature","properties":{"CVEGEO":"0901700010121"},"geometry":{"type":"Polygon","coordinates":[[[-99.08444,19.44661],[-99.07746,19.44277],[-99.0802,19.44178],[-99.0825,19.44309],[-99.08535,19.44135],[-99.08716,19.44577],[-99.08387,19.44807],[-99.08444,19.44661]]]}},{"id":"741","type":"Feature","properties":{"CVEGEO":"0901700010136"},"geometry":{"type":"Polygon","coordinates":[[[-99.07545,19.44884],[-99.08107,19.44474],[-99.08444,19.44661],[-99.08363,19.44745],[-99.08387,19.44807],[-99.08115,19.45001],[-99.07545,19.44884]]]}},{"id":"742","type":"Feature","properties":{"CVEGEO":"0901700010155"},"geometry":{"type":"Polygon","coordinates":[[[-99.11998,19.44681],[-99.12478,19.45201],[-99.12355,19.45174],[-99.11902,19.45074],[-99.11998,19.44681]]]}},{"id":"743","type":"Feature","properties":{"CVEGEO":"0901700010329"},"geometry":{"type":"Polygon","coordinates":[[[-99.08995,19.43958],[-99.09343,19.44123],[-99.08716,19.44577],[-99.0866,19.44464],[-99.08995,19.43958]]]}},{"id":"744","type":"Feature","properties":{"CVEGEO":"0901700010884"},"geometry":{"type":"Polygon","coordinates":[[[-99.05631,19.42216],[-99.05614,19.42208],[-99.05792,19.42089],[-99.06795,19.4208],[-99.06992,19.41987],[-99.06699,19.42402],[-99.05631,19.42216]]]}},{"id":"745","type":"Feature","properties":{"CVEGEO":"0901700010899"},"geometry":{"type":"Polygon","coordinates":[[[-99.12158,19.42238],[-99.12192,19.41999],[-99.12326,19.42016],[-99.12352,19.41811],[-99.12741,19.41868],[-99.12601,19.42287],[-99.12158,19.42238]]]}},{"id":"746","type":"Feature","properties":{"CVEGEO":"0901700011030"},"geometry":{"type":"Polygon","coordinates":[[[-99.06992,19.41987],[-99.07529,19.41154],[-99.0749,19.41542],[-99.07546,19.41574],[-99.07438,19.41807],[-99.07384,19.42227],[-99.06913,19.42146],[-99.06992,19.41987]]]}},{"id":"747","type":"Feature","properties":{"CVEGEO":"0901700011242"},"geometry":{"type":"Polygon","coordinates":[[[-99.08577,19.41378],[-99.0889,19.40809],[-99.09159,19.40849],[-99.08821,19.4148],[-99.08577,19.41378]]]}},{"id":"748","type":"Feature","properties":{"CVEGEO":"0901700011261"},"geometry":{"type":"Polygon","coordinates":[[[-99.08335,19.4124],[-99.08638,19.40773],[-99.0889,19.40809],[-99.08577,19.41378],[-99.08335,19.4124]]]}},{"id":"749","type":"Feature","properties":{"CVEGEO":"0901700011276"},"geometry":{"type":"Polygon","coordinates":[[[-99.08074,19.41092],[-99.08306,19.40726],[-99.08638,19.40773],[-99.08335,19.4124],[-99.08074,19.41092]]]}},{"id":"750","type":"Feature","properties":{"CVEGEO":"0901700011312"},"geometry":{"type":"Polygon","coordinates":[[[-99.12717,19.40901],[-99.12815,19.41344],[-99.12438,19.41358],[-99.12424,19.41112],[-99.12532,19.4111],[-99.12529,19.40883],[-99.12717,19.40901]]]}},{"id":"751","type":"Feature","properties":{"CVEGEO":"0901700011399"},"geometry":{"type":"Polygon","coordinates":[[[-99.12161,19.40505],[-99.1257,19.40433],[-99.12674,19.40882],[-99.1217,19.4091],[-99.12161,19.40505]]]}},{"id":"752","type":"Feature","properties":{"CVEGEO":"0901700011416"},"geometry":{"type":"Polygon","coordinates":[[[-99.11348,19.40587],[-99.12161,19.40505],[-99.12169,19.40803],[-99.11992,19.40795],[-99.11987,19.40905],[-99.11586,19.40863],[-99.11585,19.4095],[-99.11655,19.40952],[-99.11642,19.41079],[-99.11522,19.4107],[-99.1151,19.41165],[-99.11294,19.41165],[-99.11348,19.40587]]]}},{"id":"753","type":"Feature","properties":{"CVEGEO":"0901700011435"},"geometry":{"type":"Polygon","coordinates":[[[-99.09891,19.40885],[-99.10353,19.40793],[-99.11108,19.40829],[-99.11107,19.41162],[-99.10276,19.41085],[-99.09891,19.40885]]]}},{"id":"754","type":"Feature","properties":{"CVEGEO":"090170001144A"},"geometry":{"type":"Polygon","coordinates":[[[-99.10353,19.40793],[-99.11348,19.40587],[-99.11323,19.40835],[-99.10353,19.40793]]]}},{"id":"755","type":"Feature","properties":{"CVEGEO":"0901700011454"},"geometry":{"type":"Polygon","coordinates":[[[-99.09797,19.41042],[-99.09808,19.40892],[-99.10276,19.41085],[-99.10231,19.41184],[-99.09797,19.41042]]]}},{"id":"756","type":"Feature","properties":{"CVEGEO":"0901700010206"},"geometry":{"type":"Polygon","coordinates":[[[-99.10283,19.44723],[-99.10408,19.44378],[-99.10716,19.44481],[-99.10595,19.44793],[-99.10283,19.44723]]]}},{"id":"757","type":"Feature","properties":{"CVEGEO":"0901700011149"},"geometry":{"type":"Polygon","coordinates":[[[-99.09873,19.41684],[-99.09859,19.41447],[-99.10058,19.41357],[-99.102,19.41419],[-99.10108,19.41711],[-99.09873,19.41684]]]}},{"id":"758","type":"Feature","properties":{"CVEGEO":"0901700011204"},"geometry":{"type":"Polygon","coordinates":[[[-99.08788,19.41928],[-99.0871,19.41626],[-99.08878,19.41587],[-99.09151,19.41745],[-99.09226,19.42045],[-99.08788,19.41928]]]}},{"id":"759","type":"Feature","properties":{"CVEGEO":"0901700011238"},"geometry":{"type":"Polygon","coordinates":[[[-99.08446,19.41303],[-99.08878,19.41587],[-99.0871,19.41626],[-99.08853,19.42016],[-99.0877,19.42032],[-99.08769,19.41938],[-99.08552,19.41656],[-99.08379,19.41928],[-99.08461,19.42226],[-99.08261,19.4211],[-99.08446,19.41303]]]}},{"id":"760","type":"Feature","properties":{"CVEGEO":"0901700011098"},"geometry":{"type":"Polygon","coordinates":[[[-99.1088,19.41609],[-99.10807,19.41566],[-99.10817,19.41422],[-99.10963,19.41435],[-99.10927,19.41791],[-99.10863,19.41781],[-99.1088,19.41609]]]}},{"id":"761","type":"Feature","properties":{"CVEGEO":"0901700011420"},"geometry":{"type":"Polygon","coordinates":[[[-99.11323,19.40835],[-99.11294,19.41165],[-99.11107,19.41162],[-99.11108,19.40829],[-99.11323,19.40835]]]}},{"id":"762","type":"Feature","properties":{"CVEGEO":"0901700010189"},"geometry":{"type":"Polygon","coordinates":[[[-99.1094,19.4452],[-99.1116,19.44596],[-99.11052,19.44892],[-99.10815,19.44842],[-99.1094,19.4452]]]}},{"id":"763","type":"Feature","properties":{"CVEGEO":"0901700010193"},"geometry":{"type":"Polygon","coordinates":[[[-99.10757,19.44379],[-99.1094,19.4452],[-99.10815,19.44842],[-99.10595,19.44793],[-99.10757,19.44379]]]}},{"id":"764","type":"Feature","properties":{"CVEGEO":"0901700010475"},"geometry":{"type":"Polygon","coordinates":[[[-99.07994,19.43785],[-99.08473,19.43514],[-99.087,19.43547],[-99.08615,19.43843],[-99.07994,19.43785]]]}},{"id":"765","type":"Feature","properties":{"CVEGEO":"0901700010511"},"geometry":{"type":"Polygon","coordinates":[[[-99.10965,19.43373],[-99.11112,19.42751],[-99.11529,19.42976],[-99.1152,19.43277],[-99.11506,19.43365],[-99.10965,19.43373]]]}},{"id":"766","type":"Feature","properties":{"CVEGEO":"0901700010526"},"geometry":{"type":"Polygon","coordinates":[[[-99.10895,19.42776],[-99.11112,19.42751],[-99.10998,19.43343],[-99.10799,19.43453],[-99.10633,19.43235],[-99.10895,19.42776]]]}},{"id":"767","type":"Feature","properties":{"CVEGEO":"0901700010530"},"geometry":{"type":"Polygon","coordinates":[[[-99.10895,19.42776],[-99.10633,19.43235],[-99.10412,19.42923],[-99.10895,19.42776]]]}},{"id":"768","type":"Feature","properties":{"CVEGEO":"0901700010278"},"geometry":{"type":"Polygon","coordinates":[[[-99.10757,19.44379],[-99.10891,19.44018],[-99.11073,19.44036],[-99.10894,19.44503],[-99.10757,19.44379]]]}},{"id":"769","type":"Feature","properties":{"CVEGEO":"0901700010244"},"geometry":{"type":"Polygon","coordinates":[[[-99.11184,19.44537],[-99.11382,19.44004],[-99.11998,19.44681],[-99.11184,19.44537]]]}},{"id":"770","type":"Feature","properties":{"CVEGEO":"0901700010259"},"geometry":{"type":"Polygon","coordinates":[[[-99.11212,19.44047],[-99.11368,19.44063],[-99.1116,19.44596],[-99.1102,19.44547],[-99.11212,19.44047]]]}},{"id":"771","type":"Feature","properties":{"CVEGEO":"0901700010282"},"geometry":{"type":"Polygon","coordinates":[[[-99.10551,19.43985],[-99.10891,19.44018],[-99.10716,19.44481],[-99.10408,19.44378],[-99.10551,19.43985]]]}},{"id":"772","type":"Feature","properties":{"CVEGEO":"0901700010297"},"geometry":{"type":"Polygon","coordinates":[[[-99.10551,19.43985],[-99.10327,19.44594],[-99.09974,19.44472],[-99.10047,19.44279],[-99.10551,19.43985]]]}},{"id":"773","type":"Feature","properties":{"CVEGEO":"090170001030A"},"geometry":{"type":"Polygon","coordinates":[[[-99.09938,19.44576],[-99.09498,19.44426],[-99.09654,19.44008],[-99.10093,19.44158],[-99.09938,19.44576]]]}},{"id":"774","type":"Feature","properties":{"CVEGEO":"0901700010314"},"geometry":{"type":"Polygon","coordinates":[[[-99.09343,19.44123],[-99.09575,19.44215],[-99.09437,19.44588],[-99.0893,19.44418],[-99.09343,19.44123]]]}},{"id":"775","type":"Feature","properties":{"CVEGEO":"0901700010333"},"geometry":{"type":"Polygon","coordinates":[[[-99.08615,19.43843],[-99.08995,19.43958],[-99.0866,19.44464],[-99.08535,19.44135],[-99.08615,19.43843]]]}},{"id":"776","type":"Feature","properties":{"CVEGEO":"0901700010615"},"geometry":{"type":"Polygon","coordinates":[[[-99.10626,19.42507],[-99.1064,19.42483],[-99.10838,19.42579],[-99.10872,19.42515],[-99.10812,19.42485],[-99.10916,19.42296],[-99.11162,19.42402],[-99.11112,19.42751],[-99.10626,19.42507]]]}},{"id":"777","type":"Feature","properties":{"CVEGEO":"0901700010371"},"geometry":{"type":"Polygon","coordinates":[[[-99.11382,19.44004],[-99.11509,19.43349],[-99.11584,19.4336],[-99.11521,19.43967],[-99.12121,19.44021],[-99.12121,19.44245],[-99.11542,19.44189],[-99.11382,19.44004]]]}},{"id":"778","type":"Feature","properties":{"CVEGEO":"0901700010386"},"geometry":{"type":"Polygon","coordinates":[[[-99.10885,19.43903],[-99.11391,19.43955],[-99.11368,19.44063],[-99.10653,19.43991],[-99.10885,19.43903]]]}},{"id":"779","type":"Feature","properties":{"CVEGEO":"0901700010390"},"geometry":{"type":"Polygon","coordinates":[[[-99.11555,19.43662],[-99.12119,19.43723],[-99.12121,19.44021],[-99.11521,19.43967],[-99.11555,19.43662]]]}},{"id":"780","type":"Feature","properties":{"CVEGEO":"0901700010403"},"geometry":{"type":"Polygon","coordinates":[[[-99.11506,19.43365],[-99.11391,19.43955],[-99.10847,19.439],[-99.11192,19.43761],[-99.11048,19.43754],[-99.11092,19.43405],[-99.11506,19.43365]]]}},{"id":"781","type":"Feature","properties":{"CVEGEO":"0901700010653"},"geometry":{"type":"Polygon","coordinates":[[[-99.10241,19.43007],[-99.1008,19.433],[-99.09622,19.43072],[-99.09771,19.42806],[-99.10241,19.43007]]]}},{"id":"782","type":"Feature","properties":{"CVEGEO":"0901700010418"},"geometry":{"type":"Polygon","coordinates":[[[-99.1063,19.43698],[-99.10799,19.43453],[-99.10965,19.43373],[-99.11092,19.43405],[-99.11048,19.43754],[-99.11192,19.43761],[-99.10551,19.43985],[-99.1063,19.43698]]]}},{"id":"783","type":"Feature","properties":{"CVEGEO":"0901700010422"},"geometry":{"type":"Polygon","coordinates":[[[-99.10262,19.43694],[-99.10799,19.43453],[-99.10485,19.4407],[-99.10047,19.44279],[-99.10262,19.43694]]]}},{"id":"784","type":"Feature","properties":{"CVEGEO":"0901700010437"},"geometry":{"type":"Polygon","coordinates":[[[-99.09639,19.43979],[-99.10262,19.43694],[-99.10093,19.44158],[-99.09654,19.44008],[-99.09575,19.44215],[-99.09343,19.44123],[-99.09639,19.43979]]]}},{"id":"785","type":"Feature","properties":{"CVEGEO":"0901700010441"},"geometry":{"type":"Polygon","coordinates":[[[-99.09508,19.4363],[-99.09713,19.43734],[-99.10569,19.43347],[-99.10799,19.43453],[-99.09343,19.44123],[-99.09262,19.4406],[-99.09508,19.4363]]]}},{"id":"786","type":"Feature","properties":{"CVEGEO":"0901700010545"},"geometry":{"type":"Polygon","coordinates":[[[-99.10364,19.43442],[-99.1008,19.433],[-99.10241,19.43007],[-99.1057,19.43153],[-99.10815,19.43426],[-99.10576,19.4335],[-99.10364,19.43442]]]}},{"id":"787","type":"Feature","properties":{"CVEGEO":"090170001055A"},"geometry":{"type":"Polygon","coordinates":[[[-99.09929,19.43637],[-99.09443,19.43393],[-99.09622,19.43072],[-99.10332,19.43427],[-99.09929,19.43637]]]}},{"id":"788","type":"Feature","properties":{"CVEGEO":"0901700010564"},"geometry":{"type":"Polygon","coordinates":[[[-99.08664,19.43607],[-99.08976,19.43158],[-99.09443,19.43393],[-99.09277,19.43699],[-99.09118,19.43619],[-99.09064,19.43716],[-99.08664,19.43607]]]}},{"id":"789","type":"Feature","properties":{"CVEGEO":"0901700010579"},"geometry":{"type":"Polygon","coordinates":[[[-99.12303,19.42804],[-99.12518,19.42832],[-99.12433,19.43392],[-99.12257,19.43372],[-99.12303,19.42804]]]}},{"id":"790","type":"Feature","properties":{"CVEGEO":"0901700010583"},"geometry":{"type":"Polygon","coordinates":[[[-99.12332,19.42599],[-99.12263,19.43067],[-99.12013,19.43048],[-99.12024,19.42908],[-99.11939,19.429],[-99.11994,19.42553],[-99.12332,19.42599]]]}},{"id":"791","type":"Feature","properties":{"CVEGEO":"0901700010598"},"geometry":{"type":"Polygon","coordinates":[[[-99.11528,19.43197],[-99.11507,19.42951],[-99.11112,19.42751],[-99.11124,19.42703],[-99.11358,19.42693],[-99.11449,19.42325],[-99.11632,19.42349],[-99.11613,19.42506],[-99.11994,19.42553],[-99.11897,19.43221],[-99.11528,19.43197]]]}},{"id":"792","type":"Feature","properties":{"CVEGEO":"090170001062A"},"geometry":{"type":"Polygon","coordinates":[[[-99.10642,19.42515],[-99.11068,19.42729],[-99.10412,19.42923],[-99.10642,19.42515]]]}},{"id":"793","type":"Feature","properties":{"CVEGEO":"0901700010649"},"geometry":{"type":"Polygon","coordinates":[[[-99.09787,19.42778],[-99.09929,19.42518],[-99.10202,19.42624],[-99.1057,19.43153],[-99.09787,19.42778]]]}},{"id":"794","type":"Feature","properties":{"CVEGEO":"0901700010668"},"geometry":{"type":"Polygon","coordinates":[[[-99.09319,19.42543],[-99.09771,19.42806],[-99.09622,19.43072],[-99.09155,19.42836],[-99.09319,19.42543]]]}},{"id":"795","type":"Feature","properties":{"CVEGEO":"0901700010672"},"geometry":{"type":"Polygon","coordinates":[[[-99.09155,19.42836],[-99.09622,19.43072],[-99.09443,19.43393],[-99.08976,19.43158],[-99.09155,19.42836]]]}},{"id":"796","type":"Feature","properties":{"CVEGEO":"0901700010691"},"geometry":{"type":"Polygon","coordinates":[[[-99.12375,19.42261],[-99.12332,19.42599],[-99.11998,19.42523],[-99.12043,19.42241],[-99.12375,19.42261]]]}},{"id":"797","type":"Feature","properties":{"CVEGEO":"0901700010704"},"geometry":{"type":"Polygon","coordinates":[[[-99.11701,19.41882],[-99.12099,19.41883],[-99.11994,19.42553],[-99.11613,19.42506],[-99.11701,19.41882]]]}},{"id":"798","type":"Feature","properties":{"CVEGEO":"0901700010780"},"geometry":{"type":"Polygon","coordinates":[[[-99.09422,19.42355],[-99.10009,19.42353],[-99.10202,19.42624],[-99.09929,19.42518],[-99.09771,19.42806],[-99.09319,19.42543],[-99.09422,19.42355]]]}},{"id":"799","type":"Feature","properties":{"CVEGEO":"0901700010808"},"geometry":{"type":"Polygon","coordinates":[[[-99.06843,19.43073],[-99.06746,19.43031],[-99.06796,19.42652],[-99.07211,19.42703],[-99.07196,19.42802],[-99.07294,19.42813],[-99.06843,19.43073]]]}},{"id":"800","type":"Feature","properties":{"CVEGEO":"0901700010812"},"geometry":{"type":"Polygon","coordinates":[[[-99.06394,19.42809],[-99.06493,19.4237],[-99.06699,19.42402],[-99.06603,19.42627],[-99.06796,19.42652],[-99.06746,19.43031],[-99.06394,19.42809]]]}},{"id":"801","type":"Feature","properties":{"CVEGEO":"0901700011079"},"geometry":{"type":"Polygon","coordinates":[[[-99.11495,19.41165],[-99.11478,19.41383],[-99.11576,19.41403],[-99.11544,19.41678],[-99.11241,19.41675],[-99.11294,19.41165],[-99.11495,19.41165]]]}},{"id":"802","type":"Feature","properties":{"CVEGEO":"0901700011083"},"geometry":{"type":"Polygon","coordinates":[[[-99.11114,19.41348],[-99.11065,19.4183],[-99.10927,19.41791],[-99.10966,19.41334],[-99.11114,19.41348]]]}},{"id":"803","type":"Feature","properties":{"CVEGEO":"0901700011346"},"geometry":{"type":"Polygon","coordinates":[[[-99.10855,19.41322],[-99.10871,19.41158],[-99.11294,19.41165],[-99.11271,19.41365],[-99.10855,19.41322]]]}},{"id":"804","type":"Feature","properties":{"CVEGEO":"0901700011350"},"geometry":{"type":"Polygon","coordinates":[[[-99.10587,19.41298],[-99.10966,19.41333],[-99.10956,19.41435],[-99.10817,19.41422],[-99.10806,19.41549],[-99.10536,19.41432],[-99.10587,19.41298]]]}},{"id":"805","type":"Feature","properties":{"CVEGEO":"0901700011365"},"geometry":{"type":"Polygon","coordinates":[[[-99.10871,19.41158],[-99.10855,19.41322],[-99.10391,19.41248],[-99.10231,19.41184],[-99.10261,19.41117],[-99.10871,19.41158]]]}},{"id":"806","type":"Feature","properties":{"CVEGEO":"090170001137A"},"geometry":{"type":"Polygon","coordinates":[[[-99.1003,19.41318],[-99.10097,19.41127],[-99.10587,19.41298],[-99.1042,19.41502],[-99.1003,19.41318]]]}},{"id":"807","type":"Feature","properties":{"CVEGEO":"0901700011384"},"geometry":{"type":"Polygon","coordinates":[[[-99.10097,19.41127],[-99.10028,19.41258],[-99.10058,19.41357],[-99.09979,19.41428],[-99.09859,19.41447],[-99.09797,19.41042],[-99.10097,19.41127]]]}},{"id":"808","type":"Feature","properties":{"CVEGEO":"090170001151A"},"geometry":{"type":"Polygon","coordinates":[[[-99.0589,19.42426],[-99.0582,19.42421],[-99.05934,19.42324],[-99.06476,19.42837],[-99.06371,19.42926],[-99.0589,19.42426]]]}},{"id":"809","type":"Feature","properties":{"CVEGEO":"0901700011524"},"geometry":{"type":"Polygon","coordinates":[[[-99.05787,19.4245],[-99.05995,19.42665],[-99.05705,19.4241],[-99.05723,19.42232],[-99.06493,19.4237],[-99.06456,19.42716],[-99.06406,19.42711],[-99.06394,19.42809],[-99.05934,19.42324],[-99.05787,19.4245]]]}},{"id":"810","type":"Feature","properties":{"CVEGEO":"0901700010494"},"geometry":{"type":"Polygon","coordinates":[[[-99.12115,19.43435],[-99.12119,19.43723],[-99.11555,19.43662],[-99.11581,19.43381],[-99.12115,19.43435]]]}},{"id":"811","type":"Feature","properties":{"CVEGEO":"0901700010742"},"geometry":{"type":"Polygon","coordinates":[[[-99.11053,19.41955],[-99.11204,19.41994],[-99.11162,19.42402],[-99.11017,19.42343],[-99.11053,19.41955]]]}},{"id":"812","type":"Feature","properties":{"CVEGEO":"0901700011011"},"geometry":{"type":"Polygon","coordinates":[[[-99.0886,19.4199],[-99.09226,19.42045],[-99.09059,19.42302],[-99.08731,19.42381],[-99.08598,19.42303],[-99.0886,19.4199]]]}},{"id":"813","type":"Feature","properties":{"CVEGEO":"0901700011401"},"geometry":{"type":"Polygon","coordinates":[[[-99.12176,19.41154],[-99.1151,19.41165],[-99.11522,19.4107],[-99.11642,19.41079],[-99.11655,19.40952],[-99.11585,19.4095],[-99.11586,19.40863],[-99.11987,19.40905],[-99.11992,19.40795],[-99.12169,19.40803],[-99.12176,19.41154]]]}},{"id":"814","type":"Feature","properties":{"CVEGEO":"0901700010600"},"geometry":{"type":"Polygon","coordinates":[[[-99.11382,19.42477],[-99.11358,19.42693],[-99.11124,19.42703],[-99.11162,19.42402],[-99.11382,19.42477]]]}},{"id":"815","type":"Feature","properties":{"CVEGEO":"0901700010456"},"geometry":{"type":"Polygon","coordinates":[[[-99.09713,19.43734],[-99.09508,19.4363],[-99.09429,19.43776],[-99.09277,19.43699],[-99.09443,19.43393],[-99.09929,19.43637],[-99.09713,19.43734]]]}},{"id":"816","type":"Feature","properties":{"CVEGEO":"0901700010901"},"geometry":{"type":"Polygon","coordinates":[[[-99.12111,19.41778],[-99.12352,19.41811],[-99.12326,19.42016],[-99.12192,19.41999],[-99.12158,19.42238],[-99.12046,19.42223],[-99.12111,19.41778]]]}},{"id":"817","type":"Feature","properties":{"CVEGEO":"0901700010460"},"geometry":{"type":"Polygon","coordinates":[[[-99.08664,19.43607],[-99.09064,19.43716],[-99.09118,19.43619],[-99.09429,19.43776],[-99.09262,19.4406],[-99.08615,19.43843],[-99.08664,19.43607]]]}},{"id":"818","type":"Feature","properties":{"CVEGEO":"0901700010263"},"geometry":{"type":"Polygon","coordinates":[[[-99.1102,19.44547],[-99.10894,19.44503],[-99.11073,19.44036],[-99.11212,19.44047],[-99.1102,19.44547]]]}},{"id":"819","type":"Feature","properties":{"CVEGEO":"0901700010066"},"geometry":{"type":"Polygon","coordinates":[[[-99.10333,19.44735],[-99.11052,19.44892],[-99.11016,19.45025],[-99.10283,19.44865],[-99.10333,19.44735]]]}},{"id":"820","type":"Feature","properties":{"CVEGEO":"090170001009A"},"geometry":{"type":"Polygon","coordinates":[[[-99.09796,19.44951],[-99.09362,19.44789],[-99.09498,19.44426],[-99.09938,19.44576],[-99.09796,19.44951]]]}},{"id":"821","type":"Feature","properties":{"CVEGEO":"090170001016A"},"geometry":{"type":"Polygon","coordinates":[[[-99.11052,19.44892],[-99.11088,19.44788],[-99.11929,19.44969],[-99.11902,19.45074],[-99.11052,19.44892]]]}},{"id":"822","type":"Feature","properties":{"CVEGEO":"0901700010174"},"geometry":{"type":"Polygon","coordinates":[[[-99.11131,19.44674],[-99.1195,19.4487],[-99.11929,19.44969],[-99.11088,19.44788],[-99.11131,19.44674]]]}},{"id":"823","type":"Feature","properties":{"CVEGEO":"0901700010225"},"geometry":{"type":"Polygon","coordinates":[[[-99.11542,19.44189],[-99.12121,19.44245],[-99.12129,19.44818],[-99.11542,19.44189]]]}},{"id":"824","type":"Feature","properties":{"CVEGEO":"090170001023A"},"geometry":{"type":"Polygon","coordinates":[[[-99.11131,19.44674],[-99.11184,19.44537],[-99.11998,19.44681],[-99.1195,19.4487],[-99.11131,19.44674]]]}},{"id":"825","type":"Feature","properties":{"CVEGEO":"0901700010846"},"geometry":{"type":"Polygon","coordinates":[[[-99.06699,19.42402],[-99.07137,19.4248],[-99.07121,19.42592],[-99.07354,19.42617],[-99.07294,19.42813],[-99.07196,19.42802],[-99.07211,19.42703],[-99.06603,19.42627],[-99.06699,19.42402]]]}},{"id":"826","type":"Feature","properties":{"CVEGEO":"090170001087A"},"geometry":{"type":"Polygon","coordinates":[[[-99.06913,19.42146],[-99.07396,19.42241],[-99.07335,19.42617],[-99.07121,19.42592],[-99.07137,19.4248],[-99.06742,19.42413],[-99.06913,19.42146]]]}},{"id":"827","type":"Feature","properties":{"CVEGEO":"0901700010916"},"geometry":{"type":"Polygon","coordinates":[[[-99.11732,19.4168],[-99.12122,19.41682],[-99.12099,19.41883],[-99.11701,19.41882],[-99.11732,19.4168]]]}},{"id":"828","type":"Feature","properties":{"CVEGEO":"0901700010920"},"geometry":{"type":"Polygon","coordinates":[[[-99.11544,19.41678],[-99.11488,19.4207],[-99.11204,19.41994],[-99.11233,19.41711],[-99.11544,19.41678]]]}},{"id":"829","type":"Feature","properties":{"CVEGEO":"0901700010935"},"geometry":{"type":"Polygon","coordinates":[[[-99.11114,19.41348],[-99.11271,19.41365],[-99.11204,19.41994],[-99.11053,19.41955],[-99.11114,19.41348]]]}},{"id":"830","type":"Feature","properties":{"CVEGEO":"090170001094A"},"geometry":{"type":"Polygon","coordinates":[[[-99.10752,19.41877],[-99.1078,19.41766],[-99.11065,19.4183],[-99.11053,19.41955],[-99.10752,19.41877]]]}},{"id":"831","type":"Feature","properties":{"CVEGEO":"090170001105A"},"geometry":{"type":"Polygon","coordinates":[[[-99.12165,19.41369],[-99.12483,19.41356],[-99.12499,19.41572],[-99.1242,19.41565],[-99.12399,19.41817],[-99.12111,19.41778],[-99.12165,19.41369]]]}},{"id":"832","type":"Feature","properties":{"CVEGEO":"0901700011064"},"geometry":{"type":"Polygon","coordinates":[[[-99.11531,19.41772],[-99.11576,19.41403],[-99.12165,19.41369],[-99.12122,19.41682],[-99.11732,19.4168],[-99.11671,19.41775],[-99.11531,19.41772]]]}},{"id":"833","type":"Feature","properties":{"CVEGEO":"0901700011257"},"geometry":{"type":"Polygon","coordinates":[[[-99.08446,19.41303],[-99.08261,19.4211],[-99.07823,19.41736],[-99.08105,19.41132],[-99.08446,19.41303]]]}},{"id":"834","type":"Feature","properties":{"CVEGEO":"0901700011280"},"geometry":{"type":"Polygon","coordinates":[[[-99.08112,19.41113],[-99.0776,19.41835],[-99.07551,19.41713],[-99.07968,19.41066],[-99.08112,19.41113]]]}},{"id":"835","type":"Feature","properties":{"CVEGEO":"0901700011327"},"geometry":{"type":"Polygon","coordinates":[[[-99.1217,19.4091],[-99.12529,19.40883],[-99.12532,19.4111],[-99.12424,19.41112],[-99.12438,19.41358],[-99.12165,19.41369],[-99.1217,19.4091]]]}},{"id":"836","type":"Feature","properties":{"CVEGEO":"0901700011331"},"geometry":{"type":"Polygon","coordinates":[[[-99.11495,19.41165],[-99.12176,19.41154],[-99.12165,19.41369],[-99.11478,19.41383],[-99.11495,19.41165]]]}},{"id":"837","type":"Feature","properties":{"CVEGEO":"0901700011295"},"geometry":{"type":"Polygon","coordinates":[[[-99.07488,19.41697],[-99.07546,19.41574],[-99.0749,19.41542],[-99.07529,19.41154],[-99.0769,19.40913],[-99.07968,19.41066],[-99.07542,19.41709],[-99.07488,19.41697]]]}},{"id":"838","type":"Feature","properties":{"CVEGEO":"0901700011026"},"geometry":{"type":"Polygon","coordinates":[[[-99.08769,19.41938],[-99.08598,19.42303],[-99.08461,19.42226],[-99.08379,19.41928],[-99.08546,19.41666],[-99.08769,19.41938]]]}},{"id":"839","type":"Feature","properties":{"CVEGEO":"0901700011488"},"geometry":{"type":"Polygon","coordinates":[[[-99.06125,19.42801],[-99.06086,19.42977],[-99.05953,19.42816],[-99.06125,19.42801]]]}},{"id":"840","type":"Feature","properties":{"CVEGEO":"0901700011492"},"geometry":{"type":"Polygon","coordinates":[[[-99.05995,19.42665],[-99.06102,19.42776],[-99.05931,19.42789],[-99.05794,19.42639],[-99.05995,19.42665]]]}},{"id":"841","type":"Feature","properties":{"CVEGEO":"0901700010954"},"geometry":{"type":"Polygon","coordinates":[[[-99.10752,19.41877],[-99.1091,19.41918],[-99.10928,19.42114],[-99.10839,19.42261],[-99.10678,19.42185],[-99.10752,19.41877]]]}},{"id":"842","type":"Feature","properties":{"CVEGEO":"0901700010757"},"geometry":{"type":"Polygon","coordinates":[[[-99.10839,19.42261],[-99.10928,19.42114],[-99.1091,19.41918],[-99.11053,19.41955],[-99.11017,19.42343],[-99.10839,19.42261]]]}},{"id":"843","type":"Feature","properties":{"CVEGEO":"090170001112A"},"geometry":{"type":"Polygon","coordinates":[[[-99.10233,19.41742],[-99.10419,19.41791],[-99.10292,19.42007],[-99.10194,19.41962],[-99.10233,19.41742]]]}},{"id":"844","type":"Feature","properties":{"CVEGEO":"0901700011134"},"geometry":{"type":"Polygon","coordinates":[[[-99.09897,19.41871],[-99.09873,19.41684],[-99.10233,19.41742],[-99.10161,19.41946],[-99.09897,19.41871]]]}},{"id":"845","type":"Feature","properties":{"CVEGEO":"0901700011115"},"geometry":{"type":"Polygon","coordinates":[[[-99.10108,19.41711],[-99.102,19.41419],[-99.10456,19.41503],[-99.10434,19.41578],[-99.10679,19.41683],[-99.10658,19.41853],[-99.10108,19.41711]]]}},{"id":"846","type":"Feature","properties":{"CVEGEO":"0901700011153"},"geometry":{"type":"Polygon","coordinates":[[[-99.09796,19.41695],[-99.09873,19.41684],[-99.09935,19.42162],[-99.09619,19.41998],[-99.09796,19.41695]]]}},{"id":"847","type":"Feature","properties":{"CVEGEO":"0901700010634"},"geometry":{"type":"Polygon","coordinates":[[[-99.09979,19.42309],[-99.09935,19.42162],[-99.10642,19.42515],[-99.10412,19.42923],[-99.09979,19.42309]]]}},{"id":"848","type":"Feature","properties":{"CVEGEO":"0901700011172"},"geometry":{"type":"Polygon","coordinates":[[[-99.09312,19.41762],[-99.09612,19.41219],[-99.09683,19.4126],[-99.09748,19.41145],[-99.09767,19.41272],[-99.09456,19.41835],[-99.09312,19.41762]]]}},{"id":"849","type":"Feature","properties":{"CVEGEO":"0901700010992"},"geometry":{"type":"Polygon","coordinates":[[[-99.09897,19.41871],[-99.10194,19.41962],[-99.10037,19.42211],[-99.09935,19.42162],[-99.09897,19.41871]]]}},{"id":"850","type":"Feature","properties":{"CVEGEO":"0901700011100"},"geometry":{"type":"Polygon","coordinates":[[[-99.10687,19.41692],[-99.10434,19.41578],[-99.10515,19.41385],[-99.1088,19.41609],[-99.10863,19.41781],[-99.1078,19.41766],[-99.10752,19.41877],[-99.10658,19.41853],[-99.10687,19.41692]]]}},{"id":"851","type":"Feature","properties":{"CVEGEO":"0901700011187"},"geometry":{"type":"Polygon","coordinates":[[[-99.09007,19.41661],[-99.09039,19.41605],[-99.09209,19.41703],[-99.0956,19.41067],[-99.0963,19.41107],[-99.09678,19.41026],[-99.09748,19.41145],[-99.09683,19.4126],[-99.09612,19.41219],[-99.09312,19.41762],[-99.09385,19.41796],[-99.09348,19.41857],[-99.09007,19.41661]]]}},{"id":"852","type":"Feature","properties":{"CVEGEO":"0901700010988"},"geometry":{"type":"Polygon","coordinates":[[[-99.10194,19.41962],[-99.10404,19.42057],[-99.10289,19.42249],[-99.10037,19.42211],[-99.10194,19.41962]]]}},{"id":"853","type":"Feature","properties":{"CVEGEO":"0901700010969"},"geometry":{"type":"Polygon","coordinates":[[[-99.10527,19.42115],[-99.10612,19.41841],[-99.10752,19.41877],[-99.1065,19.42172],[-99.10527,19.42115]]]}},{"id":"854","type":"Feature","properties":{"CVEGEO":"0901700010973"},"geometry":{"type":"Polygon","coordinates":[[[-99.10419,19.41791],[-99.10612,19.41841],[-99.10527,19.42115],[-99.10295,19.42001],[-99.10419,19.41791]]]}},{"id":"855","type":"Feature","properties":{"CVEGEO":"0901700011007"},"geometry":{"type":"Polygon","coordinates":[[[-99.09935,19.42162],[-99.10009,19.42353],[-99.09422,19.42355],[-99.09614,19.42012],[-99.09935,19.42162]]]}},{"id":"856","type":"Feature","properties":{"CVEGEO":"0901700010507"},"geometry":{"type":"Polygon","coordinates":[[[-99.11509,19.43349],[-99.11528,19.43197],[-99.12122,19.43245],[-99.12115,19.43435],[-99.11509,19.43349]]]}},{"id":"857","type":"Feature","properties":{"CVEGEO":"0901700010761"},"geometry":{"type":"Polygon","coordinates":[[[-99.10701,19.42379],[-99.10609,19.42337],[-99.1065,19.42172],[-99.10916,19.42296],[-99.10812,19.42485],[-99.10872,19.42515],[-99.10838,19.42579],[-99.1064,19.42483],[-99.10701,19.42379]]]}},{"id":"858","type":"Feature","properties":{"CVEGEO":"0901700010795"},"geometry":{"type":"Polygon","coordinates":[[[-99.09226,19.42045],[-99.09151,19.41745],[-99.09619,19.41998],[-99.09242,19.42681],[-99.09121,19.42611],[-99.09278,19.42355],[-99.09043,19.42305],[-99.09226,19.42045]]]}},{"id":"859","type":"Feature","properties":{"CVEGEO":"0901700011168"},"geometry":{"type":"Polygon","coordinates":[[[-99.09385,19.41796],[-99.09456,19.41835],[-99.09767,19.41272],[-99.09703,19.40916],[-99.09804,19.40914],[-99.09892,19.41664],[-99.09796,19.41695],[-99.09619,19.41998],[-99.09357,19.41859],[-99.09385,19.41796]]]}},{"id":"860","type":"Feature","properties":{"CVEGEO":"0901700010827"},"geometry":{"type":"Polygon","coordinates":[[[-99.0526,19.42996],[-99.05909,19.43074],[-99.05786,19.42928],[-99.05919,19.42825],[-99.06145,19.43095],[-99.06253,19.43107],[-99.06333,19.43018],[-99.05976,19.43575],[-99.04805,19.44234],[-99.04739,19.44383],[-99.04646,19.44236],[-99.0526,19.42996]]]}},{"id":"861","type":"Feature","properties":{"CVEGEO":"0901700011505"},"geometry":{"type":"Polygon","coordinates":[[[-99.05787,19.4245],[-99.0582,19.42421],[-99.0589,19.42426],[-99.06375,19.4293],[-99.06325,19.43013],[-99.05787,19.4245]]]}},{"id":"862","type":"Feature","properties":{"CVEGEO":"0901700011469"},"geometry":{"type":"Polygon","coordinates":[[[-99.06177,19.42854],[-99.06325,19.43013],[-99.06238,19.43075],[-99.06177,19.42854]]]}},{"id":"863","type":"Feature","properties":{"CVEGEO":"0901700011473"},"geometry":{"type":"Polygon","coordinates":[[[-99.06125,19.42801],[-99.06238,19.43075],[-99.06086,19.42977],[-99.06125,19.42801]]]}},{"id":"864","type":"Feature","properties":{"CVEGEO":"0901700010013"},"geometry":{"type":"Polygon","coordinates":[[[-99.11845,19.4585],[-99.11985,19.45525],[-99.12369,19.45643],[-99.12224,19.45978],[-99.11845,19.4585]]]}},{"id":"865","type":"Feature","properties":{"CVEGEO":"0901700010028"},"geometry":{"type":"Polygon","coordinates":[[[-99.11439,19.45585],[-99.11491,19.45378],[-99.11985,19.45525],[-99.11845,19.4585],[-99.11439,19.45585]]]}},{"id":"866","type":"Feature","properties":{"CVEGEO":"0901700010723"},"geometry":{"type":"Polygon","coordinates":[[[-99.11162,19.42402],[-99.11183,19.42197],[-99.11463,19.4223],[-99.11426,19.42483],[-99.11162,19.42402]]]}},{"id":"867","type":"Feature","properties":{"CVEGEO":"0901700010738"},"geometry":{"type":"Polygon","coordinates":[[[-99.11204,19.41994],[-99.11488,19.4207],[-99.11463,19.4223],[-99.11183,19.42197],[-99.11204,19.41994]]]}},{"id":"868","type":"Feature","properties":{"CVEGEO":"0901700010719"},"geometry":{"type":"Polygon","coordinates":[[[-99.11531,19.41772],[-99.11717,19.41777],[-99.11632,19.42349],[-99.11449,19.42325],[-99.11531,19.41772]]]}},{"id":"869","type":"Feature","properties":{"CVEGEO":"0901700010348"},"geometry":{"type":"Polygon","coordinates":[[[-99.08006,19.44163],[-99.08008,19.44097],[-99.08074,19.44098],[-99.08087,19.43795],[-99.08615,19.43843],[-99.08535,19.44135],[-99.0825,19.44309],[-99.08006,19.44163]]]}},{"id":"870","type":"Feature","properties":{"CVEGEO":"0901700010352"},"geometry":{"type":"Polygon","coordinates":[[[-99.08087,19.43795],[-99.08074,19.44098],[-99.08008,19.44097],[-99.0802,19.44178],[-99.07666,19.44306],[-99.07765,19.43915],[-99.07994,19.43785],[-99.08087,19.43795]]]}},{"id":"871","type":"Feature","properties":{"CVEGEO":"0901700010776"},"geometry":{"type":"Polygon","coordinates":[[[-99.10206,19.42206],[-99.10289,19.42249],[-99.10404,19.42057],[-99.1065,19.42172],[-99.10609,19.42337],[-99.10701,19.42379],[-99.10626,19.42507],[-99.10151,19.42269],[-99.10206,19.42206]]]}},{"id":"872","type":"Feature","properties":{"CVEGEO":"0901100011323"},"geometry":{"type":"Polygon","coordinates":[[[-99.05214,19.28021],[-99.05058,19.28191],[-99.05058,19.28183],[-99.05058,19.27917],[-99.05214,19.28021]]]}},{"id":"873","type":"Feature","properties":{"CVEGEO":"0901100011446"},"geometry":{"type":"Polygon","coordinates":[[[-99.03096,19.28314],[-99.0364,19.28327],[-99.03636,19.2868],[-99.03,19.28668],[-99.03096,19.28314]]]}},{"id":"874","type":"Feature","properties":{"CVEGEO":"090110001108A"},"geometry":{"type":"Polygon","coordinates":[[[-99.05058,19.27906],[-99.05057,19.2775],[-99.0545,19.27937],[-99.0576,19.27963],[-99.05528,19.28255],[-99.05058,19.27906]]]}},{"id":"875","type":"Feature","properties":{"CVEGEO":"0901100010132"},"geometry":{"type":"Polygon","coordinates":[[[-99.01677,19.29232],[-99.00997,19.28204],[-99.02283,19.28287],[-99.01808,19.28998],[-99.02274,19.29306],[-99.03036,19.28527],[-99.02711,19.29777],[-99.022,19.29828],[-99.01803,19.29298],[-99.01677,19.29232]]]}},{"id":"876","type":"Feature","properties":{"CVEGEO":"0901100010452"},"geometry":{"type":"Polygon","coordinates":[[[-98.99294,19.26912],[-98.99248,19.26574],[-98.99314,19.26431],[-99.00377,19.2671],[-99.0014,19.27495],[-98.99294,19.26912]]]}},{"id":"877","type":"Feature","properties":{"CVEGEO":"0901100010594"},"geometry":{"type":"Polygon","coordinates":[[[-99.04206,19.31113],[-99.04059,19.30995],[-99.04339,19.30649],[-99.04459,19.30809],[-99.04493,19.31286],[-99.04361,19.31221],[-99.04044,19.31541],[-99.03959,19.31469],[-99.04206,19.31113]]]}},{"id":"878","type":"Feature","properties":{"CVEGEO":"0901100011111"},"geometry":{"type":"Polygon","coordinates":[[[-99.03631,19.30528],[-99.0395,19.30634],[-99.03877,19.30728],[-99.04128,19.30908],[-99.04059,19.30995],[-99.03898,19.30881],[-99.03644,19.3119],[-99.03416,19.30988],[-99.03631,19.30528]]]}},{"id":"879","type":"Feature","properties":{"CVEGEO":"0901100011357"},"geometry":{"type":"Polygon","coordinates":[[[-99.04484,19.31074],[-99.04622,19.30907],[-99.04778,19.3102],[-99.0541,19.30241],[-99.05599,19.30309],[-99.05166,19.30847],[-99.05322,19.30958],[-99.05043,19.31296],[-99.04887,19.31188],[-99.04813,19.3128],[-99.04658,19.3117],[-99.04527,19.31338],[-99.04484,19.31074]]]}},{"id":"880","type":"Feature","properties":{"CVEGEO":"0901100011376"},"geometry":{"type":"Polygon","coordinates":[[[-99.04829,19.27598],[-99.05057,19.2775],[-99.05071,19.28757],[-99.04008,19.28513],[-99.0383,19.27242],[-99.04829,19.27598]]]}},{"id":"881","type":"Feature","properties":{"CVEGEO":"0901100011412"},"geometry":{"type":"Polygon","coordinates":[[[-99.03561,19.30313],[-99.03713,19.30312],[-99.03416,19.30988],[-99.03161,19.30851],[-99.02658,19.30424],[-99.03561,19.30313]]]}},{"id":"882","type":"Feature","properties":{"CVEGEO":"0901100210787"},"geometry":{"type":"Polygon","coordinates":[[[-98.99088,19.22895],[-98.99183,19.22484],[-98.99326,19.22494],[-98.99373,19.22747],[-98.99526,19.22751],[-98.99579,19.22504],[-98.99638,19.22521],[-98.99643,19.22619],[-98.99746,19.22649],[-98.99718,19.22747],[-98.9988,19.22769],[-98.99836,19.22863],[-98.9944,19.22879],[-98.99425,19.22973],[-98.99243,19.22945],[-98.99223,19.23088],[-98.99088,19.22895]]]}},{"id":"883","type":"Feature","properties":{"CVEGEO":"090110001154A"},"geometry":{"type":"Polygon","coordinates":[[[-99.04658,19.3117],[-99.04813,19.3128],[-99.04662,19.31488],[-99.04527,19.31338],[-99.04658,19.3117]]]}},{"id":"884","type":"Feature","properties":{"CVEGEO":"090110011072A"},"geometry":{"type":"Polygon","coordinates":[[[-98.96504,19.22546],[-98.96528,19.22469],[-98.95889,19.22346],[-98.96033,19.22046],[-98.96348,19.22068],[-98.96653,19.22228],[-98.96691,19.22177],[-98.97018,19.22294],[-98.9692,19.22607],[-98.96504,19.22546]]]}},{"id":"885","type":"Feature","properties":{"CVEGEO":"0901100111041"},"geometry":{"type":"Polygon","coordinates":[[[-98.94733,19.22259],[-98.95048,19.22373],[-98.9512,19.22118],[-98.95735,19.22257],[-98.96025,19.22404],[-98.96361,19.22445],[-98.96273,19.22699],[-98.96353,19.22728],[-98.96248,19.23027],[-98.9467,19.22499],[-98.94733,19.22259]]]}},{"id":"886","type":"Feature","properties":{"CVEGEO":"0901100211018"},"geometry":{"type":"Polygon","coordinates":[[[-98.99188,19.24216],[-98.99266,19.24234],[-98.99317,19.23938],[-98.9946,19.2398],[-98.99301,19.23596],[-98.99384,19.23516],[-98.99807,19.23932],[-98.99574,19.24492],[-98.9916,19.24361],[-98.99188,19.24216]]]}},{"id":"887","type":"Feature","properties":{"CVEGEO":"0901100111037"},"geometry":{"type":"Polygon","coordinates":[[[-98.96353,19.22728],[-98.96273,19.22699],[-98.96361,19.22445],[-98.96528,19.22469],[-98.96504,19.22546],[-98.96935,19.22576],[-98.97126,19.2275],[-98.96957,19.23254],[-98.96248,19.23027],[-98.96353,19.22728]]]}},{"id":"888","type":"Feature","properties":{"CVEGEO":"0901100260965"},"geometry":{"type":"Polygon","coordinates":[[[-98.96692,19.31787],[-98.96644,19.31842],[-98.96457,19.31847],[-98.96349,19.314],[-98.96405,19.31004],[-98.96885,19.31156],[-98.96961,19.30992],[-98.97304,19.31421],[-98.97186,19.31593],[-98.97248,19.31715],[-98.97061,19.31959],[-98.96692,19.31787]]]}},{"id":"889","type":"Feature","properties":{"CVEGEO":"0901100010768"},"geometry":{"type":"Polygon","coordinates":[[[-98.99147,19.27943],[-99.00029,19.28073],[-98.99965,19.28499],[-98.99062,19.2838],[-98.99147,19.27943]]]}},{"id":"890","type":"Feature","properties":{"CVEGEO":"090110001040A"},"geometry":{"type":"Polygon","coordinates":[[[-98.99253,19.27341],[-98.9967,19.27397],[-98.99624,19.2771],[-98.99204,19.27649],[-98.99253,19.27341]]]}},{"id":"891","type":"Feature","properties":{"CVEGEO":"0901100011075"},"geometry":{"type":"Polygon","coordinates":[[[-99.0576,19.27963],[-99.05967,19.28028],[-99.0572,19.28335],[-99.05528,19.28255],[-99.0576,19.27963]]]}},{"id":"892","type":"Feature","properties":{"CVEGEO":"0901100010310"},"geometry":{"type":"Polygon","coordinates":[[[-99.0583,19.2879],[-99.05894,19.2871],[-99.05577,19.2851],[-99.05655,19.28414],[-99.06427,19.28981],[-99.06282,19.29129],[-99.0583,19.2879]]]}},{"id":"893","type":"Feature","properties":{"CVEGEO":"0901100011361"},"geometry":{"type":"Polygon","coordinates":[[[-99.05226,19.30158],[-99.0541,19.30241],[-99.04778,19.3102],[-99.04622,19.30907],[-99.05226,19.30158]]]}},{"id":"894","type":"Feature","properties":{"CVEGEO":"0901100010630"},"geometry":{"type":"Polygon","coordinates":[[[-99.05657,19.29027],[-99.05954,19.29254],[-99.05551,19.29756],[-99.05529,19.29183],[-99.05657,19.29027]]]}},{"id":"895","type":"Feature","properties":{"CVEGEO":"0901100010999"},"geometry":{"type":"Polygon","coordinates":[[[-98.99498,19.24469],[-98.99574,19.24492],[-98.9964,19.24264],[-98.99798,19.24879],[-99.0001,19.25093],[-98.99419,19.24914],[-98.99498,19.24469]]]}},{"id":"896","type":"Feature","properties":{"CVEGEO":"0901100010058"},"geometry":{"type":"Polygon","coordinates":[[[-99.06004,19.29966],[-99.0608,19.30022],[-99.06163,19.29922],[-99.0603,19.29779],[-99.06075,19.29717],[-99.06261,19.29683],[-99.06478,19.30164],[-99.0634,19.30568],[-99.05792,19.30374],[-99.05928,19.30207],[-99.05854,19.30154],[-99.06004,19.29966]]]}},{"id":"897","type":"Feature","properties":{"CVEGEO":"0901100010151"},"geometry":{"type":"Polygon","coordinates":[[[-99.00669,19.29685],[-99.00709,19.29558],[-99.00881,19.29499],[-99.01304,19.29536],[-99.01308,19.29383],[-99.01427,19.29387],[-99.01384,19.29715],[-99.0104,19.29767],[-99.00669,19.29685]]]}},{"id":"898","type":"Feature","properties":{"CVEGEO":"0901100011056"},"geometry":{"type":"Polygon","coordinates":[[[-99.05194,19.28352],[-99.05529,19.28568],[-99.05335,19.28807],[-99.05054,19.28718],[-99.05057,19.2851],[-99.05194,19.28352]]]}},{"id":"899","type":"Feature","properties":{"CVEGEO":"0901100010325"},"geometry":{"type":"Polygon","coordinates":[[[-99.05755,19.28292],[-99.06405,19.28704],[-99.0652,19.28564],[-99.06706,19.28703],[-99.06427,19.28981],[-99.05655,19.28414],[-99.05755,19.28292]]]}},{"id":"900","type":"Feature","properties":{"CVEGEO":"0901100010344"},"geometry":{"type":"Polygon","coordinates":[[[-99.00622,19.27636],[-99.00892,19.27638],[-99.01,19.27798],[-99.01177,19.27815],[-99.01099,19.27933],[-99.01249,19.28236],[-99.00997,19.28204],[-99.00622,19.27636]]]}},{"id":"901","type":"Feature","properties":{"CVEGEO":"090110001001A"},"geometry":{"type":"Polygon","coordinates":[[[-99.05599,19.30309],[-99.05987,19.30444],[-99.05378,19.31186],[-99.05226,19.31076],[-99.05322,19.30958],[-99.05166,19.30847],[-99.05599,19.30309]]]}},{"id":"902","type":"Feature","properties":{"CVEGEO":"0901100010607"},"geometry":{"type":"Polygon","coordinates":[[[-99.03898,19.30881],[-99.04206,19.31113],[-99.03935,19.31438],[-99.03644,19.3119],[-99.03898,19.30881]]]}},{"id":"903","type":"Feature","properties":{"CVEGEO":"0901100011094"},"geometry":{"type":"Polygon","coordinates":[[[-99.05967,19.28028],[-99.06465,19.28211],[-99.06897,19.28496],[-99.06706,19.28703],[-99.0652,19.28564],[-99.06405,19.28704],[-99.05755,19.28292],[-99.05967,19.28028]]]}},{"id":"904","type":"Feature","properties":{"CVEGEO":"090110001122A"},"geometry":{"type":"Polygon","coordinates":[[[-99.04038,19.30706],[-99.04182,19.30535],[-99.04339,19.30649],[-99.04128,19.30908],[-99.03877,19.30728],[-99.0395,19.30634],[-99.04038,19.30706]]]}},{"id":"905","type":"Feature","properties":{"CVEGEO":"0901100011249"},"geometry":{"type":"Polygon","coordinates":[[[-99.06108,19.2937],[-99.06198,19.29442],[-99.06261,19.29683],[-99.0603,19.29779],[-99.06163,19.29922],[-99.0608,19.30022],[-99.06004,19.29966],[-99.05854,19.30154],[-99.05928,19.30207],[-99.05792,19.30374],[-99.0541,19.30241],[-99.06108,19.2937]]]}},{"id":"906","type":"Feature","properties":{"CVEGEO":"0901100011253"},"geometry":{"type":"Polygon","coordinates":[[[-99.05954,19.29254],[-99.06108,19.2937],[-99.05565,19.30049],[-99.05551,19.29756],[-99.05954,19.29254]]]}},{"id":"907","type":"Feature","properties":{"CVEGEO":"0901100011287"},"geometry":{"type":"Polygon","coordinates":[[[-99.06141,19.29025],[-99.06282,19.29129],[-99.06163,19.29266],[-99.06156,19.29409],[-99.05954,19.29254],[-99.06141,19.29025]]]}},{"id":"908","type":"Feature","properties":{"CVEGEO":"0901100011304"},"geometry":{"type":"Polygon","coordinates":[[[-99.05194,19.28352],[-99.05371,19.28135],[-99.0572,19.28335],[-99.05512,19.28558],[-99.05194,19.28352]]]}},{"id":"909","type":"Feature","properties":{"CVEGEO":"0901100011338"},"geometry":{"type":"Polygon","coordinates":[[[-99.04626,19.29994],[-99.04927,19.30031],[-99.05226,19.30158],[-99.04999,19.30443],[-99.04691,19.30212],[-99.04339,19.30649],[-99.04182,19.30535],[-99.04626,19.29994]]]}},{"id":"910","type":"Feature","properties":{"CVEGEO":"0901100011465"},"geometry":{"type":"Polygon","coordinates":[[[-99.04845,19.30329],[-99.04999,19.30443],[-99.04622,19.30907],[-99.04471,19.30792],[-99.04845,19.30329]]]}},{"id":"911","type":"Feature","properties":{"CVEGEO":"090110001147A"},"geometry":{"type":"Polygon","coordinates":[[[-99.04691,19.30212],[-99.04845,19.30329],[-99.04471,19.30792],[-99.04622,19.30907],[-99.04484,19.31074],[-99.04459,19.30809],[-99.04339,19.30649],[-99.04691,19.30212]]]}},{"id":"912","type":"Feature","properties":{"CVEGEO":"0901100011484"},"geometry":{"type":"Polygon","coordinates":[[[-99.00704,19.25161],[-99.01129,19.25573],[-99.00981,19.2599],[-99.0033,19.25791],[-99.00704,19.25161]]]}},{"id":"913","type":"Feature","properties":{"CVEGEO":"0901100010077"},"geometry":{"type":"Polygon","coordinates":[[[-99.0554,19.29478],[-99.05565,19.30049],[-99.0541,19.30241],[-99.05052,19.30079],[-99.0554,19.29478]]]}},{"id":"914","type":"Feature","properties":{"CVEGEO":"0901100010414"},"geometry":{"type":"Polygon","coordinates":[[[-98.99318,19.26935],[-98.99704,19.27185],[-98.9967,19.27397],[-98.99253,19.27341],[-98.99318,19.26935]]]}},{"id":"915","type":"Feature","properties":{"CVEGEO":"0901100240749"},"geometry":{"type":"Polygon","coordinates":[[[-98.96896,19.21279],[-98.96879,19.21218],[-98.96756,19.21196],[-98.96783,19.21071],[-98.9713,19.21186],[-98.9705,19.21315],[-98.96896,19.21279]]]}},{"id":"916","type":"Feature","properties":{"CVEGEO":"0901100010626"},"geometry":{"type":"Polygon","coordinates":[[[-99.05267,19.29428],[-99.05529,19.29183],[-99.0554,19.29478],[-99.0511,19.30009],[-99.05052,19.30079],[-99.04852,19.30018],[-99.05267,19.29428]]]}},{"id":"917","type":"Feature","properties":{"CVEGEO":"0901100010274"},"geometry":{"type":"Polygon","coordinates":[[[-99.00613,19.28591],[-99.00533,19.29069],[-98.99886,19.28979],[-98.99965,19.28502],[-99.00613,19.28591]]]}},{"id":"918","type":"Feature","properties":{"CVEGEO":"090110001026A"},"geometry":{"type":"Polygon","coordinates":[[[-99.00613,19.28591],[-99.00683,19.28163],[-99.00997,19.28204],[-99.01317,19.28687],[-99.00613,19.28591]]]}},{"id":"919","type":"Feature","properties":{"CVEGEO":"0901100010679"},"geometry":{"type":"Polygon","coordinates":[[[-99.03633,19.28948],[-99.03353,19.28944],[-99.03352,19.29035],[-99.02906,19.29028],[-99.03,19.28668],[-99.03636,19.2868],[-99.03633,19.28948]]]}},{"id":"920","type":"Feature","properties":{"CVEGEO":"0901100010240"},"geometry":{"type":"Polygon","coordinates":[[[-99.01317,19.28687],[-99.01757,19.29272],[-99.01713,19.29432],[-99.01497,19.29389],[-99.01501,19.29202],[-99.00929,19.29122],[-99.01,19.28651],[-99.01317,19.28687]]]}},{"id":"921","type":"Feature","properties":{"CVEGEO":"0901100010166"},"geometry":{"type":"Polygon","coordinates":[[[-99.00863,19.29503],[-99.00929,19.29122],[-99.01501,19.29202],[-99.01497,19.29389],[-99.01308,19.29383],[-99.01304,19.29536],[-99.00863,19.29503]]]}},{"id":"922","type":"Feature","properties":{"CVEGEO":"0901100010170"},"geometry":{"type":"Polygon","coordinates":[[[-99.00312,19.29657],[-99.0032,19.29595],[-99.00192,19.29576],[-99.00283,19.29031],[-99.00929,19.29122],[-99.00863,19.29503],[-99.00709,19.29558],[-99.00669,19.29685],[-99.00312,19.29657]]]}},{"id":"923","type":"Feature","properties":{"CVEGEO":"0901100010927"},"geometry":{"type":"Polygon","coordinates":[[[-99.03635,19.2877],[-99.04049,19.28776],[-99.04129,19.29334],[-99.03629,19.29281],[-99.03635,19.2877]]]}},{"id":"924","type":"Feature","properties":{"CVEGEO":"0901100010202"},"geometry":{"type":"Polygon","coordinates":[[[-99.04535,19.28634],[-99.0514,19.28761],[-99.04846,19.29123],[-99.04665,19.29342],[-99.04535,19.28634]]]}},{"id":"925","type":"Feature","properties":{"CVEGEO":"0901100010217"},"geometry":{"type":"Polygon","coordinates":[[[-99.04008,19.28513],[-99.04535,19.28634],[-99.04606,19.29092],[-99.04103,19.29162],[-99.04008,19.28513]]]}},{"id":"926","type":"Feature","properties":{"CVEGEO":"0901100010397"},"geometry":{"type":"Polygon","coordinates":[[[-98.99204,19.27649],[-98.99624,19.2771],[-98.99579,19.28008],[-98.99163,19.27945],[-98.99204,19.27649]]]}},{"id":"927","type":"Feature","properties":{"CVEGEO":"090110001065A"},"geometry":{"type":"Polygon","coordinates":[[[-99.02837,19.29302],[-99.02906,19.29028],[-99.03352,19.29035],[-99.03353,19.28944],[-99.03633,19.28948],[-99.0363,19.29312],[-99.02837,19.29302]]]}},{"id":"928","type":"Feature","properties":{"CVEGEO":"0901100010306"},"geometry":{"type":"Polygon","coordinates":[[[-99.05894,19.2871],[-99.0583,19.2879],[-99.06141,19.29025],[-99.06088,19.29089],[-99.05463,19.28653],[-99.05577,19.2851],[-99.05894,19.2871]]]}},{"id":"929","type":"Feature","properties":{"CVEGEO":"0901100010645"},"geometry":{"type":"Polygon","coordinates":[[[-99.05354,19.29242],[-99.0509,19.29647],[-99.04972,19.2956],[-99.0503,19.2949],[-99.04875,19.29375],[-99.04991,19.29228],[-99.04846,19.29123],[-99.05004,19.28986],[-99.05354,19.29242]]]}},{"id":"930","type":"Feature","properties":{"CVEGEO":"0901100010289"},"geometry":{"type":"Polygon","coordinates":[[[-99.00683,19.28163],[-99.00613,19.28591],[-98.99965,19.28499],[-99.00029,19.28073],[-99.00683,19.28163]]]}},{"id":"931","type":"Feature","properties":{"CVEGEO":"0901100010043"},"geometry":{"type":"Polygon","coordinates":[[[-99.02244,19.29846],[-99.03591,19.29637],[-99.03485,19.30119],[-99.03358,19.3034],[-99.02658,19.30424],[-99.02244,19.29846]]]}},{"id":"932","type":"Feature","properties":{"CVEGEO":"0901100241183"},"geometry":{"type":"Polygon","coordinates":[[[-98.96691,19.22177],[-98.96895,19.21986],[-98.96822,19.21952],[-98.96857,19.21886],[-98.97342,19.21968],[-98.9736,19.22121],[-98.97207,19.22125],[-98.9715,19.22256],[-98.96899,19.22261],[-98.96691,19.22177]]]}},{"id":"933","type":"Feature","properties":{"CVEGEO":"0901100010664"},"geometry":{"type":"Polygon","coordinates":[[[-99.0514,19.28761],[-99.05386,19.28823],[-99.05657,19.29027],[-99.05375,19.29374],[-99.05295,19.29316],[-99.05354,19.29242],[-99.04974,19.28964],[-99.0514,19.28761]]]}},{"id":"934","type":"Feature","properties":{"CVEGEO":"0901100010113"},"geometry":{"type":"Polygon","coordinates":[[[-99.03443,19.29662],[-99.03445,19.29313],[-99.04129,19.29334],[-99.04186,19.29729],[-99.03808,19.29616],[-99.03443,19.29662]]]}},{"id":"935","type":"Feature","properties":{"CVEGEO":"0901100010096"},"geometry":{"type":"Polygon","coordinates":[[[-99.04763,19.29822],[-99.04672,19.2976],[-99.04665,19.29342],[-99.04846,19.29123],[-99.04991,19.29228],[-99.04875,19.29375],[-99.0503,19.2949],[-99.04972,19.2956],[-99.0513,19.29676],[-99.04852,19.30018],[-99.04626,19.29994],[-99.04763,19.29822]]]}},{"id":"936","type":"Feature","properties":{"CVEGEO":"0901100010128"},"geometry":{"type":"Polygon","coordinates":[[[-99.03445,19.29313],[-99.03443,19.29662],[-99.02711,19.29777],[-99.02837,19.29302],[-99.03445,19.29313]]]}},{"id":"937","type":"Feature","properties":{"CVEGEO":"0901100010382"},"geometry":{"type":"Polygon","coordinates":[[[-99.0021,19.27545],[-99.00174,19.27725],[-98.99633,19.27639],[-98.99697,19.27223],[-99.0021,19.27545]]]}},{"id":"938","type":"Feature","properties":{"CVEGEO":"0901100010147"},"geometry":{"type":"Polygon","coordinates":[[[-99.01384,19.29715],[-99.01427,19.29387],[-99.01713,19.29432],[-99.0178,19.29282],[-99.02244,19.29846],[-99.01384,19.29715]]]}},{"id":"939","type":"Feature","properties":{"CVEGEO":"0901100010359"},"geometry":{"type":"Polygon","coordinates":[[[-99.00264,19.27581],[-99.00343,19.27635],[-99.00622,19.27636],[-99.00997,19.28204],[-99.00644,19.28157],[-99.00264,19.27581]]]}},{"id":"940","type":"Feature","properties":{"CVEGEO":"0901100010363"},"geometry":{"type":"Polygon","coordinates":[[[-99.00264,19.27581],[-99.00644,19.28157],[-99.00115,19.28086],[-99.00203,19.27579],[-99.00264,19.27581]]]}},{"id":"941","type":"Feature","properties":{"CVEGEO":"0901100010378"},"geometry":{"type":"Polygon","coordinates":[[[-98.99633,19.27639],[-99.00174,19.27725],[-99.00115,19.28086],[-98.99579,19.28008],[-98.99633,19.27639]]]}},{"id":"942","type":"Feature","properties":{"CVEGEO":"0901100010575"},"geometry":{"type":"Polygon","coordinates":[[[-98.99062,19.2838],[-98.99965,19.28499],[-98.99886,19.28979],[-98.98996,19.28853],[-98.99062,19.2838]]]}},{"id":"943","type":"Feature","properties":{"CVEGEO":"0901100010433"},"geometry":{"type":"Polygon","coordinates":[[[-99.00377,19.2671],[-99.00467,19.26787],[-99.00892,19.27638],[-99.00622,19.27636],[-99.00361,19.27242],[-99.00374,19.27154],[-99.00254,19.27136],[-99.00377,19.2671]]]}},{"id":"944","type":"Feature","properties":{"CVEGEO":"0901100010448"},"geometry":{"type":"Polygon","coordinates":[[[-99.00254,19.27136],[-99.00374,19.27154],[-99.00361,19.27242],[-99.00622,19.27636],[-99.00343,19.27635],[-99.0014,19.27495],[-99.00254,19.27136]]]}},{"id":"945","type":"Feature","properties":{"CVEGEO":"0901100010950"},"geometry":{"type":"Polygon","coordinates":[[[-99.0033,19.25791],[-99.00981,19.2599],[-99.00659,19.26621],[-99.00502,19.26625],[-99.00574,19.2636],[-99.00097,19.26172],[-99.0033,19.25791]]]}},{"id":"946","type":"Feature","properties":{"CVEGEO":"0901100011234"},"geometry":{"type":"Polygon","coordinates":[[[-99.03631,19.30528],[-99.03713,19.30312],[-99.04182,19.30535],[-99.04038,19.30706],[-99.03631,19.30528]]]}},{"id":"947","type":"Feature","properties":{"CVEGEO":"0901100010931"},"geometry":{"type":"Polygon","coordinates":[[[-99.03652,19.2787],[-99.03914,19.27876],[-99.04049,19.28776],[-99.03635,19.2877],[-99.03652,19.2787]]]}},{"id":"948","type":"Feature","properties":{"CVEGEO":"0901100010946"},"geometry":{"type":"Polygon","coordinates":[[[-98.9994,19.26577],[-98.99969,19.26373],[-99.00097,19.26172],[-99.00574,19.2636],[-99.00502,19.26625],[-99.0067,19.26614],[-99.00537,19.26912],[-99.00377,19.2671],[-98.9994,19.26577]]]}},{"id":"949","type":"Feature","properties":{"CVEGEO":"0901100011272"},"geometry":{"type":"Polygon","coordinates":[[[-99.04371,19.29524],[-99.04161,19.29551],[-99.04103,19.29162],[-99.04313,19.29132],[-99.04371,19.29524]]]}},{"id":"950","type":"Feature","properties":{"CVEGEO":"0901100011291"},"geometry":{"type":"Polygon","coordinates":[[[-99.05335,19.28807],[-99.05463,19.28653],[-99.06088,19.29089],[-99.05954,19.29254],[-99.05335,19.28807]]]}},{"id":"951","type":"Feature","properties":{"CVEGEO":"0901100011319"},"geometry":{"type":"Polygon","coordinates":[[[-99.05214,19.28021],[-99.05371,19.28135],[-99.05057,19.2851],[-99.05058,19.28191],[-99.05214,19.28021]]]}},{"id":"952","type":"Feature","properties":{"CVEGEO":"0901100011268"},"geometry":{"type":"Polygon","coordinates":[[[-99.04164,19.29951],[-99.04161,19.29551],[-99.04371,19.29524],[-99.04313,19.29132],[-99.04606,19.29092],[-99.04672,19.2976],[-99.04763,19.29822],[-99.04626,19.29994],[-99.04164,19.29951]]]}},{"id":"953","type":"Feature","properties":{"CVEGEO":"0901100210791"},"geometry":{"type":"Polygon","coordinates":[[[-98.99301,19.23596],[-98.9946,19.2398],[-98.99317,19.23938],[-98.99266,19.24234],[-98.99188,19.24216],[-98.99243,19.23917],[-98.99199,19.23903],[-98.99301,19.23596]]]}},{"id":"954","type":"Feature","properties":{"CVEGEO":"0901100211022"},"geometry":{"type":"Polygon","coordinates":[[[-98.99384,19.23516],[-98.99301,19.23596],[-98.99086,19.23361],[-98.98279,19.23047],[-98.98319,19.22935],[-98.98464,19.22986],[-98.98524,19.22819],[-98.98596,19.22888],[-98.98684,19.22659],[-98.9904,19.23089],[-98.99088,19.22895],[-98.99223,19.23088],[-98.99243,19.22945],[-98.99425,19.22973],[-98.99481,19.23607],[-98.99384,19.23516]]]}},{"id":"955","type":"Feature","properties":{"CVEGEO":"0901100261501"},"geometry":{"type":"Polygon","coordinates":[[[-98.97021,19.31937],[-98.97018,19.3206],[-98.9685,19.32027],[-98.96867,19.31871],[-98.97021,19.31937]]]}},{"id":"956","type":"Feature","properties":{"CVEGEO":"0901100010255"},"geometry":{"type":"Polygon","coordinates":[[[-99.00613,19.28591],[-99.01,19.28645],[-99.00929,19.29122],[-99.00533,19.29069],[-99.00613,19.28591]]]}},{"id":"957","type":"Feature","properties":{"CVEGEO":"0901100261164"},"geometry":{"type":"Polygon","coordinates":[[[-98.9579,19.32323],[-98.96297,19.31673],[-98.96349,19.314],[-98.96659,19.32695],[-98.96499,19.32667],[-98.96487,19.32722],[-98.96299,19.32752],[-98.9579,19.32323]]]}},{"id":"958","type":"Feature","properties":{"CVEGEO":"0901100011450"},"geometry":{"type":"Polygon","coordinates":[[[-99.03096,19.28314],[-99.03161,19.28045],[-99.03266,19.28047],[-99.03269,19.27988],[-99.03179,19.27981],[-99.03256,19.27723],[-99.03362,19.27819],[-99.03556,19.27783],[-99.03555,19.27868],[-99.03652,19.2787],[-99.0364,19.28327],[-99.03096,19.28314]]]}},{"id":"959","type":"Feature","properties":{"CVEGEO":"0901100010185"},"geometry":{"type":"Polygon","coordinates":[[[-98.99381,19.29656],[-98.99631,19.29644],[-98.99655,19.29568],[-98.9933,19.29521],[-98.99354,19.29347],[-98.9918,19.29345],[-98.98888,19.29537],[-98.98996,19.28853],[-99.00283,19.29031],[-99.00192,19.29576],[-99.0032,19.29595],[-99.00312,19.29657],[-99.00085,19.2971],[-98.99755,19.29642],[-98.99735,19.29796],[-98.99398,19.29841],[-98.99381,19.29656]]]}},{"id":"960","type":"Feature","properties":{"CVEGEO":"0901100010984"},"geometry":{"type":"Polygon","coordinates":[[[-98.99798,19.24879],[-98.9964,19.24264],[-98.99807,19.23932],[-99.00488,19.24758],[-99.00374,19.24713],[-99.00257,19.24999],[-99.00193,19.24975],[-99.00123,19.25082],[-98.99968,19.25057],[-98.99798,19.24879]]]}},{"id":"961","type":"Feature","properties":{"CVEGEO":"0901100010772"},"geometry":{"type":"Polygon","coordinates":[[[-98.99413,19.26298],[-98.99766,19.26401],[-99.00004,19.26],[-98.99869,19.25959],[-99.00103,19.25574],[-98.99973,19.25535],[-99.0018,19.25159],[-99.00018,19.25097],[-99.00048,19.25045],[-99.00123,19.25082],[-99.00193,19.24975],[-99.00257,19.24999],[-99.00374,19.24713],[-99.00529,19.24783],[-99.00751,19.25078],[-98.99973,19.26366],[-98.9994,19.26592],[-98.99389,19.26448],[-98.99413,19.26298]]]}},{"id":"962","type":"Feature","properties":{"CVEGEO":"0901100010823"},"geometry":{"type":"Polygon","coordinates":[[[-99.01677,19.30533],[-99.01884,19.3036],[-99.01943,19.30565],[-99.0185,19.30618],[-99.01677,19.30533]]]}},{"id":"963","type":"Feature","properties":{"CVEGEO":"0901100010804"},"geometry":{"type":"Polygon","coordinates":[[[-98.99755,19.29642],[-98.99978,19.2968],[-98.99973,19.29733],[-98.99783,19.29735],[-98.99774,19.29809],[-98.99755,19.29642]]]}},{"id":"964","type":"Feature","properties":{"CVEGEO":"0901100011395"},"geometry":{"type":"Polygon","coordinates":[[[-99.02494,19.28295],[-99.025,19.27896],[-99.02819,19.27988],[-99.0287,19.27835],[-99.02992,19.2787],[-99.02987,19.27943],[-99.03269,19.27988],[-99.03266,19.28047],[-99.03161,19.28045],[-99.03096,19.28314],[-99.02494,19.28295]]]}},{"id":"965","type":"Feature","properties":{"CVEGEO":"0901100241408"},"geometry":{"type":"Polygon","coordinates":[[[-98.9753,19.21871],[-98.97645,19.2193],[-98.97715,19.21745],[-98.97503,19.21651],[-98.97501,19.21459],[-98.97781,19.21507],[-98.97755,19.21591],[-98.98052,19.21852],[-98.97981,19.22038],[-98.97831,19.22245],[-98.97742,19.22133],[-98.97557,19.22474],[-98.97449,19.22355],[-98.9753,19.21871]]]}},{"id":"966","type":"Feature","properties":{"CVEGEO":"0901100211003"},"geometry":{"type":"Polygon","coordinates":[[[-98.9968,19.23756],[-98.99481,19.23607],[-98.99482,19.23457],[-98.99797,19.23442],[-99.00053,19.2333],[-99.00304,19.23478],[-99.004,19.23273],[-99.00533,19.23287],[-99.00649,19.23127],[-99.00866,19.23182],[-99.00853,19.23242],[-99.01049,19.23236],[-99.0097,19.23253],[-99.00953,19.2332],[-99.01057,19.23356],[-99.00982,19.23359],[-99.00939,19.23477],[-99.01093,19.23547],[-99.01039,19.23605],[-99.0111,19.23738],[-99.00987,19.23645],[-99.00888,19.23741],[-99.00792,19.24065],[-99.0072,19.24055],[-99.00507,19.24251],[-99.00346,19.24582],[-98.9968,19.23756]]]}},{"id":"967","type":"Feature","properties":{"CVEGEO":"0901100211516"},"geometry":{"type":"Polygon","coordinates":[[[-99.00724,19.22745],[-99.00677,19.22808],[-99.00608,19.22798],[-99.00659,19.2267],[-99.00724,19.22745]]]}},{"id":"968","type":"Feature","properties":{"CVEGEO":"090110021115A"},"geometry":{"type":"Polygon","coordinates":[[[-98.99797,19.23442],[-98.99482,19.23457],[-98.99405,19.2289],[-98.99836,19.22863],[-98.99985,19.22678],[-99.0052,19.22829],[-99.00601,19.22654],[-99.00659,19.2267],[-99.00608,19.22798],[-99.00724,19.22745],[-99.0086,19.22864],[-99.00684,19.23048],[-99.00779,19.23076],[-99.00733,19.23158],[-99.00629,19.2313],[-99.00533,19.23287],[-99.004,19.23273],[-99.00304,19.23478],[-99.00061,19.23334],[-98.99797,19.23442]]]}},{"id":"969","type":"Feature","properties":{"CVEGEO":"0901100010819"},"geometry":{"type":"Polygon","coordinates":[[[-99.00346,19.24582],[-99.00386,19.24483],[-99.00516,19.24242],[-99.0072,19.24055],[-99.00792,19.24065],[-99.00888,19.23741],[-99.00987,19.23645],[-99.01048,19.23664],[-99.01038,19.23723],[-99.01244,19.23839],[-99.01206,19.23893],[-99.0113,19.23855],[-99.01053,19.23995],[-99.00973,19.23963],[-99.00787,19.24088],[-99.00827,19.24162],[-99.00758,19.24395],[-99.00872,19.24448],[-99.00726,19.24745],[-99.00805,19.24785],[-99.00753,19.24932],[-99.00346,19.24582]]]}},{"id":"970","type":"Feature","properties":{"CVEGEO":"0901100240734"},"geometry":{"type":"Polygon","coordinates":[[[-98.97342,19.21968],[-98.97094,19.21891],[-98.9698,19.21945],[-98.96871,19.21891],[-98.96848,19.21807],[-98.96969,19.21568],[-98.97099,19.21613],[-98.97167,19.21469],[-98.97055,19.21402],[-98.9713,19.21186],[-98.97501,19.21459],[-98.97503,19.21651],[-98.97715,19.21745],[-98.97645,19.2193],[-98.9753,19.21871],[-98.97462,19.22275],[-98.97259,19.22248],[-98.97354,19.22122],[-98.97342,19.21968]]]}},{"id":"971","type":"Feature","properties":{"CVEGEO":"0901100011427"},"geometry":{"type":"Polygon","coordinates":[[[-99.0055,19.26974],[-99.00552,19.2685],[-99.01078,19.25721],[-99.01233,19.2579],[-99.0119,19.2594],[-99.01421,19.2605],[-99.01296,19.26448],[-99.0106,19.26488],[-99.00937,19.26659],[-99.01288,19.2669],[-99.01161,19.26903],[-99.00881,19.27053],[-99.00905,19.27199],[-99.00738,19.27183],[-99.00816,19.27403],[-99.0055,19.26974]]]}},{"id":"972","type":"Feature","properties":{"CVEGEO":"0901100011380"},"geometry":{"type":"Polygon","coordinates":[[[-99.03555,19.27868],[-99.03556,19.27783],[-99.03362,19.27819],[-99.0327,19.2777],[-99.03442,19.27122],[-99.03837,19.27204],[-99.03914,19.27876],[-99.03555,19.27868]]]}},{"id":"973","type":"Feature","properties":{"CVEGEO":"0901100241520"},"geometry":{"type":"Polygon","coordinates":[[[-98.97986,19.22026],[-98.98071,19.22071],[-98.98051,19.22163],[-98.97939,19.22103],[-98.97837,19.22232],[-98.97986,19.22026]]]}},{"id":"974","type":"Feature","properties":{"CVEGEO":"0901100010039"},"geometry":{"type":"Polygon","coordinates":[[[-99.03358,19.3034],[-99.03485,19.30119],[-99.03591,19.29637],[-99.04016,19.29643],[-99.04186,19.29729],[-99.04021,19.30435],[-99.03713,19.30312],[-99.03358,19.3034]]]}},{"id":"975","type":"Feature","properties":{"CVEGEO":"0901100011145"},"geometry":{"type":"Polygon","coordinates":[[[-99.04054,19.30321],[-99.04122,19.30314],[-99.04391,19.29972],[-99.04626,19.29994],[-99.04182,19.30535],[-99.04021,19.30435],[-99.04054,19.30321]]]}},{"id":"976","type":"Feature","properties":{"CVEGEO":"0901100011342"},"geometry":{"type":"Polygon","coordinates":[[[-99.04391,19.29972],[-99.04093,19.30341],[-99.04164,19.29951],[-99.04391,19.29972]]]}},{"id":"977","type":"Feature","properties":{"CVEGEO":"0901100011431"},"geometry":{"type":"Polygon","coordinates":[[[-99.01421,19.2605],[-99.0119,19.2594],[-99.01233,19.2579],[-99.01078,19.25721],[-99.01132,19.25565],[-99.01296,19.25806],[-99.01657,19.25998],[-99.01974,19.26115],[-99.02982,19.2626],[-99.03107,19.26493],[-99.03436,19.26842],[-99.03357,19.27086],[-99.03077,19.27072],[-99.01762,19.26828],[-99.01291,19.26674],[-99.01421,19.2605]]]}},{"id":"978","type":"Feature","properties":{"CVEGEO":"090110026097A"},"geometry":{"type":"Polygon","coordinates":[[[-98.96961,19.30992],[-98.96885,19.31156],[-98.96405,19.31004],[-98.96478,19.30688],[-98.96628,19.30596],[-98.97287,19.30658],[-98.97526,19.30514],[-98.97729,19.30654],[-98.97814,19.30561],[-98.97976,19.30662],[-98.97832,19.3094],[-98.97722,19.30843],[-98.97652,19.30956],[-98.97521,19.30966],[-98.973,19.31114],[-98.97371,19.31277],[-98.97326,19.31496],[-98.96961,19.30992]]]}},{"id":"979","type":"Feature","properties":{"CVEGEO":"0901100011499"},"geometry":{"type":"Polygon","coordinates":[[[-99.0054,19.24791],[-99.00753,19.24932],[-99.00805,19.24785],[-99.00726,19.24745],[-99.00872,19.24448],[-99.00758,19.24395],[-99.00827,19.24162],[-99.00787,19.24088],[-99.00973,19.23963],[-99.01053,19.23995],[-99.0113,19.23855],[-99.01206,19.23893],[-99.01264,19.23818],[-99.01319,19.23838],[-99.01304,19.24171],[-99.01495,19.24225],[-99.01392,19.24511],[-99.01257,19.24473],[-99.0123,19.24651],[-99.01119,19.24605],[-99.00888,19.25068],[-99.00751,19.25078],[-99.0054,19.24791]]]}},{"id":"980","type":"Feature","properties":{"CVEGEO":"0901100011535"},"geometry":{"type":"Polygon","coordinates":[[[-99.025,19.27896],[-99.02499,19.27422],[-99.03288,19.27648],[-99.03177,19.27991],[-99.02987,19.27943],[-99.02992,19.2787],[-99.0287,19.27835],[-99.02819,19.27988],[-99.025,19.27896]]]}},{"id":"981","type":"Feature","properties":{"CVEGEO":"0901100010753"},"geometry":{"type":"Polygon","coordinates":[[[-99.01937,19.3048],[-99.01884,19.3036],[-99.0165,19.30552],[-99.01671,19.30257],[-99.01551,19.3029],[-99.01571,19.30141],[-99.01189,19.30057],[-99.01202,19.29969],[-99.01097,19.30037],[-99.01028,19.29996],[-99.01109,19.29798],[-99.01043,19.29849],[-99.00872,19.29761],[-99.0064,19.29775],[-99.00672,19.29685],[-99.01018,19.29765],[-99.01287,19.29705],[-99.01681,19.29812],[-99.02244,19.29846],[-99.02538,19.3029],[-99.02434,19.30513],[-99.02325,19.30508],[-99.02284,19.30585],[-99.01937,19.3048]]]}},{"id":"982","type":"Feature","properties":{"CVEGEO":"0900500013411"},"geometry":{"type":"Polygon","coordinates":[[[-99.12419,19.54405],[-99.12991,19.53699],[-99.13249,19.53703],[-99.13512,19.53965],[-99.13008,19.54352],[-99.1288,19.54308],[-99.12674,19.54476],[-99.12419,19.54405]]]}},{"id":"983","type":"Feature","properties":{"CVEGEO":"0900500010366"},"geometry":{"type":"Polygon","coordinates":[[[-99.16998,19.53004],[-99.17016,19.52855],[-99.16814,19.52593],[-99.16999,19.52435],[-99.17089,19.52242],[-99.17463,19.52407],[-99.17137,19.52719],[-99.17536,19.53009],[-99.17615,19.52887],[-99.17705,19.52933],[-99.17601,19.53204],[-99.16998,19.53004]]]}},{"id":"984","type":"Feature","properties":{"CVEGEO":"0900500010703"},"geometry":{"type":"Polygon","coordinates":[[[-99.0779,19.5042],[-99.07949,19.50143],[-99.08686,19.50384],[-99.0854,19.50748],[-99.0779,19.5042]]]}},{"id":"985","type":"Feature","properties":{"CVEGEO":"0900500010436"},"geometry":{"type":"Polygon","coordinates":[[[-99.16256,19.51758],[-99.16641,19.51997],[-99.16481,19.52167],[-99.16549,19.52265],[-99.1619,19.5233],[-99.15996,19.5223],[-99.16256,19.51758]]]}},{"id":"986","type":"Feature","properties":{"CVEGEO":"0900500012536"},"geometry":{"type":"Polygon","coordinates":[[[-99.11182,19.56873],[-99.1081,19.56489],[-99.11485,19.5576],[-99.11779,19.557],[-99.12182,19.55952],[-99.12081,19.56075],[-99.12336,19.55972],[-99.12437,19.56016],[-99.12288,19.56097],[-99.12391,19.56223],[-99.12215,19.56202],[-99.12202,19.5627],[-99.12661,19.56453],[-99.12462,19.56561],[-99.12282,19.5678],[-99.12185,19.57125],[-99.12183,19.57645],[-99.12375,19.57748],[-99.12352,19.57866],[-99.11891,19.57614],[-99.11701,19.57431],[-99.11595,19.57423],[-99.11379,19.57171],[-99.11239,19.57124],[-99.11182,19.56873]]]}},{"id":"987","type":"Feature","properties":{"CVEGEO":"0900500012305"},"geometry":{"type":"Polygon","coordinates":[[[-99.10026,19.44984],[-99.10254,19.45037],[-99.10114,19.45424],[-99.10094,19.4536],[-99.09537,19.45157],[-99.10026,19.44984]]]}},{"id":"988","type":"Feature","properties":{"CVEGEO":"0900500010277"},"geometry":{"type":"Polygon","coordinates":[[[-99.15229,19.52956],[-99.15332,19.52685],[-99.1586,19.52886],[-99.15723,19.53047],[-99.15229,19.52956]]]}},{"id":"989","type":"Feature","properties":{"CVEGEO":"0900500010421"},"geometry":{"type":"Polygon","coordinates":[[[-99.16641,19.51997],[-99.17089,19.52242],[-99.16999,19.52435],[-99.16814,19.52593],[-99.16481,19.52167],[-99.16641,19.51997]]]}},{"id":"990","type":"Feature","properties":{"CVEGEO":"090050001085A"},"geometry":{"type":"Polygon","coordinates":[[[-99.0764,19.49806],[-99.08016,19.50052],[-99.0779,19.5042],[-99.07322,19.50235],[-99.0764,19.49806]]]}},{"id":"991","type":"Feature","properties":{"CVEGEO":"0900500011716"},"geometry":{"type":"Polygon","coordinates":[[[-99.06489,19.47498],[-99.06657,19.47671],[-99.06735,19.47604],[-99.06877,19.47751],[-99.06632,19.48055],[-99.063,19.47982],[-99.06336,19.47861],[-99.06248,19.47664],[-99.06489,19.47498]]]}},{"id":"992","type":"Feature","properties":{"CVEGEO":"0900500010493"},"geometry":{"type":"Polygon","coordinates":[[[-99.15718,19.50285],[-99.15836,19.50592],[-99.15562,19.50691],[-99.15492,19.50367],[-99.15718,19.50285]]]}},{"id":"993","type":"Feature","properties":{"CVEGEO":"090050001174A"},"geometry":{"type":"Polygon","coordinates":[[[-99.13286,19.46464],[-99.14165,19.4658],[-99.13764,19.46919],[-99.13248,19.46739],[-99.13326,19.46517],[-99.13286,19.46464]]]}},{"id":"994","type":"Feature","properties":{"CVEGEO":"0900500012288"},"geometry":{"type":"Polygon","coordinates":[[[-99.10254,19.45037],[-99.10871,19.45281],[-99.10734,19.45626],[-99.10093,19.45479],[-99.10254,19.45037]]]}},{"id":"995","type":"Feature","properties":{"CVEGEO":"0900500012466"},"geometry":{"type":"Polygon","coordinates":[[[-99.05184,19.45233],[-99.0546,19.45131],[-99.05541,19.45311],[-99.05659,19.45271],[-99.05717,19.45437],[-99.05339,19.45591],[-99.05184,19.45233]]]}},{"id":"996","type":"Feature","properties":{"CVEGEO":"0900500011542"},"geometry":{"type":"Polygon","coordinates":[[[-99.06485,19.48184],[-99.06328,19.48127],[-99.06361,19.47997],[-99.06949,19.48122],[-99.06704,19.48701],[-99.06485,19.48184]]]}},{"id":"997","type":"Feature","properties":{"CVEGEO":"0900500011773"},"geometry":{"type":"Polygon","coordinates":[[[-99.12224,19.45978],[-99.12755,19.46153],[-99.12636,19.46469],[-99.12962,19.46565],[-99.12841,19.46914],[-99.12376,19.46787],[-99.12529,19.46392],[-99.12134,19.46113],[-99.12224,19.45978]]]}},{"id":"998","type":"Feature","properties":{"CVEGEO":"0900500010173"},"geometry":{"type":"Polygon","coordinates":[[[-99.14807,19.54109],[-99.14911,19.54178],[-99.15116,19.53866],[-99.15396,19.54031],[-99.15108,19.54485],[-99.14716,19.5425],[-99.14807,19.54109]]]}},{"id":"999","type":"Feature","properties":{"CVEGEO":"0900500013159"},"geometry":{"type":"Polygon","coordinates":[[[-99.06593,19.49409],[-99.0667,19.49222],[-99.06909,19.49602],[-99.06598,19.49958],[-99.06386,19.49878],[-99.06593,19.49409]]]}},{"id":"1000","type":"Feature","properties":{"CVEGEO":"0900500010489"},"geometry":{"type":"Polygon","coordinates":[[[-99.15836,19.50592],[-99.16107,19.51299],[-99.15492,19.51523],[-99.15217,19.50827],[-99.15836,19.50592]]]}},{"id":"1001","type":"Feature","properties":{"CVEGEO":"0900500010154"},"geometry":{"type":"Polygon","coordinates":[[[-99.14716,19.5425],[-99.15292,19.54572],[-99.14947,19.55135],[-99.14339,19.54764],[-99.14716,19.5425]]]}},{"id":"1002","type":"Feature","properties":{"CVEGEO":"0900500012593"},"geometry":{"type":"Polygon","coordinates":[[[-99.1366,19.5735],[-99.13647,19.57295],[-99.13254,19.57187],[-99.1317,19.57082],[-99.13342,19.57122],[-99.13369,19.57008],[-99.13522,19.57054],[-99.13619,19.56948],[-99.13697,19.56995],[-99.13804,19.56832],[-99.13944,19.56833],[-99.13991,19.5674],[-99.14132,19.56809],[-99.14277,19.56728],[-99.14435,19.56792],[-99.14499,19.56672],[-99.14589,19.56746],[-99.14581,19.56875],[-99.14367,19.57218],[-99.14039,19.57475],[-99.13914,19.57366],[-99.1366,19.5735]]]}},{"id":"1003","type":"Feature","properties":{"CVEGEO":"0900500013318"},"geometry":{"type":"Polygon","coordinates":[[[-99.13007,19.57924],[-99.13173,19.57326],[-99.13406,19.57595],[-99.13571,19.57624],[-99.13914,19.57847],[-99.1379,19.58113],[-99.13376,19.58489],[-99.13387,19.58185],[-99.13181,19.57918],[-99.13007,19.57924]]]}},{"id":"1004","type":"Feature","properties":{"CVEGEO":"0900500012184"},"geometry":{"type":"Polygon","coordinates":[[[-99.12224,19.45978],[-99.12032,19.46267],[-99.11656,19.46181],[-99.11743,19.45828],[-99.12224,19.45978]]]}},{"id":"1005","type":"Feature","properties":{"CVEGEO":"0900500012964"},"geometry":{"type":"Polygon","coordinates":[[[-99.1408,19.56619],[-99.14018,19.56463],[-99.14167,19.56515],[-99.14274,19.56332],[-99.1468,19.56464],[-99.14589,19.56746],[-99.14499,19.56672],[-99.14435,19.56792],[-99.14277,19.56728],[-99.14132,19.56809],[-99.14049,19.56742],[-99.1408,19.56619]]]}},{"id":"1006","type":"Feature","properties":{"CVEGEO":"0900500012979"},"geometry":{"type":"Polygon","coordinates":[[[-99.14205,19.56293],[-99.14266,19.56264],[-99.1422,19.56186],[-99.14952,19.55814],[-99.14997,19.55845],[-99.1509,19.56052],[-99.1468,19.56464],[-99.14205,19.56293]]]}},{"id":"1007","type":"Feature","properties":{"CVEGEO":"0900500012894"},"geometry":{"type":"Polygon","coordinates":[[[-99.10094,19.50721],[-99.10351,19.50752],[-99.10404,19.50991],[-99.10232,19.5115],[-99.10171,19.50944],[-99.1005,19.50973],[-99.10094,19.50721]]]}},{"id":"1008","type":"Feature","properties":{"CVEGEO":"0900500010385"},"geometry":{"type":"Polygon","coordinates":[[[-99.15858,19.5272],[-99.1564,19.52578],[-99.15802,19.52281],[-99.15707,19.52021],[-99.16025,19.5218],[-99.15996,19.5223],[-99.16091,19.52287],[-99.16379,19.52315],[-99.16166,19.52759],[-99.15858,19.5272]]]}},{"id":"1009","type":"Feature","properties":{"CVEGEO":"090050001039A"},"geometry":{"type":"Polygon","coordinates":[[[-99.14267,19.52222],[-99.14237,19.51984],[-99.1429,19.51863],[-99.15425,19.52418],[-99.15883,19.52725],[-99.15643,19.52826],[-99.14267,19.52222]]]}},{"id":"1010","type":"Feature","properties":{"CVEGEO":"0900500010417"},"geometry":{"type":"Polygon","coordinates":[[[-99.13733,19.52026],[-99.1259,19.52121],[-99.12436,19.5196],[-99.12985,19.51833],[-99.13451,19.51827],[-99.13453,19.51765],[-99.14304,19.51782],[-99.14237,19.51984],[-99.14267,19.52222],[-99.13733,19.52026]]]}},{"id":"1011","type":"Feature","properties":{"CVEGEO":"0900500011222"},"geometry":{"type":"Polygon","coordinates":[[[-99.06836,19.48854],[-99.07243,19.48987],[-99.07053,19.4924],[-99.06936,19.49166],[-99.06776,19.4939],[-99.0667,19.49222],[-99.06836,19.48854]]]}},{"id":"1012","type":"Feature","properties":{"CVEGEO":"0900500011557"},"geometry":{"type":"Polygon","coordinates":[[[-99.13878,19.47429],[-99.14263,19.47519],[-99.14287,19.4739],[-99.14646,19.4747],[-99.14759,19.47766],[-99.14158,19.47612],[-99.14131,19.47756],[-99.14014,19.47774],[-99.13878,19.47429]]]}},{"id":"1013","type":"Feature","properties":{"CVEGEO":"0900500011720"},"geometry":{"type":"Polygon","coordinates":[[[-99.13749,19.47127],[-99.14335,19.47262],[-99.14347,19.47092],[-99.14505,19.47096],[-99.14646,19.4747],[-99.14287,19.4739],[-99.14263,19.47519],[-99.13878,19.47429],[-99.13749,19.47127]]]}},{"id":"1014","type":"Feature","properties":{"CVEGEO":"0900500011735"},"geometry":{"type":"Polygon","coordinates":[[[-99.13721,19.46899],[-99.13939,19.46821],[-99.14312,19.46506],[-99.14505,19.47096],[-99.14347,19.47092],[-99.14335,19.47262],[-99.13749,19.47127],[-99.13721,19.46899]]]}},{"id":"1015","type":"Feature","properties":{"CVEGEO":"0900500011769"},"geometry":{"type":"Polygon","coordinates":[[[-99.12962,19.46565],[-99.12636,19.46469],[-99.12755,19.46153],[-99.13326,19.46517],[-99.13248,19.46739],[-99.12938,19.46636],[-99.12962,19.46565]]]}},{"id":"1016","type":"Feature","properties":{"CVEGEO":"0900500012273"},"geometry":{"type":"Polygon","coordinates":[[[-99.10895,19.45273],[-99.11186,19.45383],[-99.11439,19.45585],[-99.11397,19.45772],[-99.10754,19.45576],[-99.10895,19.45273]]]}},{"id":"1017","type":"Feature","properties":{"CVEGEO":"0900500012381"},"geometry":{"type":"Polygon","coordinates":[[[-99.07419,19.4485],[-99.08088,19.45016],[-99.07633,19.45294],[-99.07313,19.45365],[-99.07216,19.44972],[-99.07419,19.4485]]]}},{"id":"1018","type":"Feature","properties":{"CVEGEO":"0900500012485"},"geometry":{"type":"Polygon","coordinates":[[[-99.05256,19.44842],[-99.05705,19.44671],[-99.05768,19.44674],[-99.0589,19.44974],[-99.05184,19.45233],[-99.05087,19.45018],[-99.05256,19.44842]]]}},{"id":"1019","type":"Feature","properties":{"CVEGEO":"0900500013144"},"geometry":{"type":"Polygon","coordinates":[[[-99.06909,19.49602],[-99.07282,19.5022],[-99.06919,19.5008],[-99.06598,19.49958],[-99.06909,19.49602]]]}},{"id":"1020","type":"Feature","properties":{"CVEGEO":"0900500012714"},"geometry":{"type":"Polygon","coordinates":[[[-99.05573,19.45491],[-99.05611,19.45606],[-99.05706,19.45571],[-99.05791,19.45763],[-99.05467,19.45884],[-99.05339,19.45591],[-99.05573,19.45491]]]}},{"id":"1021","type":"Feature","properties":{"CVEGEO":"090050001231A"},"geometry":{"type":"Polygon","coordinates":[[[-99.08908,19.45574],[-99.09128,19.44998],[-99.09434,19.45281],[-99.09274,19.45698],[-99.08908,19.45574]]]}},{"id":"1022","type":"Feature","properties":{"CVEGEO":"0900500012292"},"geometry":{"type":"Polygon","coordinates":[[[-99.0929,19.45141],[-99.09537,19.45157],[-99.10094,19.4536],[-99.10114,19.45424],[-99.0999,19.4575],[-99.0929,19.45141]]]}},{"id":"1023","type":"Feature","properties":{"CVEGEO":"0900500012428"},"geometry":{"type":"Polygon","coordinates":[[[-99.06631,19.447],[-99.06809,19.44644],[-99.0745,19.44852],[-99.07353,19.44936],[-99.06725,19.45082],[-99.06631,19.447]]]}},{"id":"1024","type":"Feature","properties":{"CVEGEO":"0900500012470"},"geometry":{"type":"Polygon","coordinates":[[[-99.05768,19.44674],[-99.05705,19.44671],[-99.06229,19.44479],[-99.06738,19.44664],[-99.0589,19.44974],[-99.05768,19.44674]]]}},{"id":"1025","type":"Feature","properties":{"CVEGEO":"0900500010883"},"geometry":{"type":"Polygon","coordinates":[[[-99.15186,19.49464],[-99.14864,19.49394],[-99.14918,19.49124],[-99.15302,19.49204],[-99.15638,19.50115],[-99.15081,19.49903],[-99.15186,19.49464]]]}},{"id":"1026","type":"Feature","properties":{"CVEGEO":"0900500011699"},"geometry":{"type":"Polygon","coordinates":[[[-99.07335,19.47786],[-99.07051,19.48045],[-99.06956,19.47955],[-99.07092,19.47825],[-99.06935,19.47684],[-99.07076,19.47516],[-99.07335,19.47786]]]}},{"id":"1027","type":"Feature","properties":{"CVEGEO":"0900500012396"},"geometry":{"type":"Polygon","coordinates":[[[-99.07313,19.45365],[-99.06821,19.45478],[-99.06725,19.45082],[-99.07176,19.44981],[-99.07313,19.45365]]]}},{"id":"1028","type":"Feature","properties":{"CVEGEO":"0900500013271"},"geometry":{"type":"Polygon","coordinates":[[[-99.14846,19.5566],[-99.14695,19.55579],[-99.14854,19.55317],[-99.15004,19.554],[-99.14952,19.55485],[-99.15261,19.55651],[-99.15155,19.55829],[-99.15,19.55743],[-99.14665,19.55944],[-99.14846,19.5566]]]}},{"id":"1029","type":"Feature","properties":{"CVEGEO":"0900500013290"},"geometry":{"type":"Polygon","coordinates":[[[-99.14982,19.51919],[-99.14876,19.51739],[-99.15024,19.51688],[-99.15388,19.51865],[-99.15292,19.52033],[-99.15184,19.52081],[-99.15109,19.52276],[-99.14836,19.52151],[-99.14982,19.51919]]]}},{"id":"1030","type":"Feature","properties":{"CVEGEO":"0900500013407"},"geometry":{"type":"Polygon","coordinates":[[[-99.09291,19.48277],[-99.09322,19.48189],[-99.09005,19.48173],[-99.09181,19.47659],[-99.09782,19.47898],[-99.09576,19.48384],[-99.09291,19.48277]]]}},{"id":"1031","type":"Feature","properties":{"CVEGEO":"0900500012771"},"geometry":{"type":"Polygon","coordinates":[[[-99.12674,19.54476],[-99.1288,19.54308],[-99.13372,19.54599],[-99.13258,19.54684],[-99.13333,19.54742],[-99.13275,19.54767],[-99.12857,19.54639],[-99.12674,19.54476]]]}},{"id":"1032","type":"Feature","properties":{"CVEGEO":"0900500012790"},"geometry":{"type":"Polygon","coordinates":[[[-99.14641,19.52914],[-99.15012,19.53115],[-99.14863,19.5346],[-99.1475,19.53263],[-99.14552,19.53147],[-99.14641,19.52914]]]}},{"id":"1033","type":"Feature","properties":{"CVEGEO":"0900500010258"},"geometry":{"type":"Polygon","coordinates":[[[-99.13443,19.53401],[-99.13691,19.53322],[-99.13643,19.53123],[-99.13894,19.53145],[-99.13958,19.53051],[-99.14187,19.53109],[-99.14212,19.5305],[-99.14216,19.53359],[-99.13971,19.5332],[-99.14003,19.53438],[-99.13834,19.53395],[-99.13829,19.53459],[-99.13663,19.53425],[-99.13704,19.53477],[-99.13443,19.53401]]]}},{"id":"1034","type":"Feature","properties":{"CVEGEO":"0900500010309"},"geometry":{"type":"Polygon","coordinates":[[[-99.14443,19.52465],[-99.14267,19.52222],[-99.14877,19.52488],[-99.1477,19.52705],[-99.14443,19.52465]]]}},{"id":"1035","type":"Feature","properties":{"CVEGEO":"0900500010845"},"geometry":{"type":"Polygon","coordinates":[[[-99.07949,19.50143],[-99.0829,19.49673],[-99.08364,19.49665],[-99.08283,19.49783],[-99.08897,19.49991],[-99.08686,19.50384],[-99.07949,19.50143]]]}},{"id":"1036","type":"Feature","properties":{"CVEGEO":"0900500010879"},"geometry":{"type":"Polygon","coordinates":[[[-99.15081,19.49903],[-99.15274,19.49962],[-99.15638,19.50115],[-99.15695,19.50272],[-99.15057,19.50007],[-99.15081,19.49903]]]}},{"id":"1037","type":"Feature","properties":{"CVEGEO":"0900500011025"},"geometry":{"type":"Polygon","coordinates":[[[-99.08364,19.49665],[-99.0829,19.49673],[-99.0853,19.49362],[-99.09054,19.4954],[-99.08897,19.49991],[-99.08283,19.49783],[-99.08364,19.49665]]]}},{"id":"1038","type":"Feature","properties":{"CVEGEO":"090050001103A"},"geometry":{"type":"Polygon","coordinates":[[[-99.07571,19.49851],[-99.07957,19.4936],[-99.08307,19.49585],[-99.08016,19.50052],[-99.07684,19.49835],[-99.07571,19.49851]]]}},{"id":"1039","type":"Feature","properties":{"CVEGEO":"0900500011044"},"geometry":{"type":"Polygon","coordinates":[[[-99.07199,19.49611],[-99.0748,19.49221],[-99.0789,19.49405],[-99.07571,19.49851],[-99.07199,19.49611]]]}},{"id":"1040","type":"Feature","properties":{"CVEGEO":"0900500011059"},"geometry":{"type":"Polygon","coordinates":[[[-99.06776,19.4939],[-99.06936,19.49166],[-99.07335,19.49422],[-99.07199,19.49611],[-99.07035,19.49507],[-99.06937,19.49647],[-99.06776,19.4939]]]}},{"id":"1041","type":"Feature","properties":{"CVEGEO":"0900500011078"},"geometry":{"type":"Polygon","coordinates":[[[-99.14515,19.49045],[-99.14374,19.48688],[-99.15184,19.48889],[-99.15302,19.49204],[-99.14515,19.49045]]]}},{"id":"1042","type":"Feature","properties":{"CVEGEO":"0900500011097"},"geometry":{"type":"Polygon","coordinates":[[[-99.14036,19.48933],[-99.1401,19.49217],[-99.13351,19.49072],[-99.1341,19.48782],[-99.14036,19.48933]]]}},{"id":"1043","type":"Feature","properties":{"CVEGEO":"090050001110A"},"geometry":{"type":"Polygon","coordinates":[[[-99.14268,19.48642],[-99.14192,19.48965],[-99.13601,19.4887],[-99.13657,19.48527],[-99.14268,19.48642]]]}},{"id":"1044","type":"Feature","properties":{"CVEGEO":"0900500011133"},"geometry":{"type":"Polygon","coordinates":[[[-99.11043,19.49143],[-99.10915,19.4917],[-99.1082,19.4883],[-99.11236,19.48725],[-99.11417,19.48793],[-99.11274,19.4891],[-99.11301,19.48975],[-99.1116,19.49234],[-99.11072,19.49254],[-99.11043,19.49143]]]}},{"id":"1045","type":"Feature","properties":{"CVEGEO":"0900500011186"},"geometry":{"type":"Polygon","coordinates":[[[-99.08697,19.48986],[-99.09215,19.4916],[-99.09054,19.4954],[-99.0853,19.49362],[-99.08697,19.48986]]]}},{"id":"1046","type":"Feature","properties":{"CVEGEO":"0900500011190"},"geometry":{"type":"Polygon","coordinates":[[[-99.0789,19.49405],[-99.08156,19.49018],[-99.08677,19.49038],[-99.08567,19.49313],[-99.0829,19.49673],[-99.08307,19.49585],[-99.08001,19.49388],[-99.0789,19.49405]]]}},{"id":"1047","type":"Feature","properties":{"CVEGEO":"0900500011218"},"geometry":{"type":"Polygon","coordinates":[[[-99.07243,19.48987],[-99.07691,19.49008],[-99.07335,19.49422],[-99.07053,19.4924],[-99.07243,19.48987]]]}},{"id":"1048","type":"Feature","properties":{"CVEGEO":"0900500011241"},"geometry":{"type":"Polygon","coordinates":[[[-99.14524,19.48271],[-99.14554,19.48111],[-99.14863,19.48194],[-99.14884,19.48091],[-99.14972,19.48324],[-99.14321,19.48553],[-99.1422,19.48296],[-99.14524,19.48271]]]}},{"id":"1049","type":"Feature","properties":{"CVEGEO":"090050001128A"},"geometry":{"type":"Polygon","coordinates":[[[-99.10672,19.48267],[-99.11132,19.48364],[-99.11226,19.48142],[-99.11437,19.48251],[-99.11274,19.48739],[-99.1082,19.4883],[-99.10672,19.48267]]]}},{"id":"1050","type":"Feature","properties":{"CVEGEO":"0900500011294"},"geometry":{"type":"Polygon","coordinates":[[[-99.10622,19.48244],[-99.10672,19.48267],[-99.1082,19.4883],[-99.10185,19.48993],[-99.1009,19.48947],[-99.10622,19.48244]]]}},{"id":"1051","type":"Feature","properties":{"CVEGEO":"0900500011311"},"geometry":{"type":"Polygon","coordinates":[[[-99.08793,19.48733],[-99.08917,19.48776],[-99.08943,19.48713],[-99.09345,19.48851],[-99.09215,19.4916],[-99.08697,19.48986],[-99.08793,19.48733]]]}},{"id":"1052","type":"Feature","properties":{"CVEGEO":"0900500011326"},"geometry":{"type":"Polygon","coordinates":[[[-99.08319,19.48734],[-99.08731,19.48896],[-99.08677,19.49038],[-99.08216,19.49019],[-99.08319,19.48734]]]}},{"id":"1053","type":"Feature","properties":{"CVEGEO":"0900500011345"},"geometry":{"type":"Polygon","coordinates":[[[-99.07878,19.48674],[-99.07823,19.48665],[-99.07757,19.4901],[-99.07377,19.49],[-99.07612,19.4834],[-99.07931,19.48392],[-99.07878,19.48674]]]}},{"id":"1054","type":"Feature","properties":{"CVEGEO":"090050001135A"},"geometry":{"type":"Polygon","coordinates":[[[-99.07018,19.48499],[-99.07481,19.48648],[-99.07377,19.49],[-99.06874,19.4887],[-99.07018,19.48499]]]}},{"id":"1055","type":"Feature","properties":{"CVEGEO":"0900500011379"},"geometry":{"type":"Polygon","coordinates":[[[-99.14071,19.47919],[-99.14198,19.47873],[-99.14884,19.48091],[-99.14863,19.48194],[-99.14554,19.48111],[-99.14524,19.48271],[-99.14394,19.48236],[-99.1422,19.48296],[-99.14071,19.47919]]]}},{"id":"1056","type":"Feature","properties":{"CVEGEO":"0900500011398"},"geometry":{"type":"Polygon","coordinates":[[[-99.13741,19.47236],[-99.13675,19.47134],[-99.13731,19.47069],[-99.13979,19.47774],[-99.13791,19.47775],[-99.13749,19.48102],[-99.13546,19.48076],[-99.13741,19.47236]]]}},{"id":"1057","type":"Feature","properties":{"CVEGEO":"090050001142A"},"geometry":{"type":"Polygon","coordinates":[[[-99.12304,19.48298],[-99.11995,19.48188],[-99.12074,19.47973],[-99.12709,19.48201],[-99.12608,19.48324],[-99.12376,19.48247],[-99.12304,19.48298]]]}},{"id":"1058","type":"Feature","properties":{"CVEGEO":"0900500011468"},"geometry":{"type":"Polygon","coordinates":[[[-99.10357,19.48127],[-99.10601,19.48225],[-99.1025,19.48741],[-99.10148,19.48698],[-99.10357,19.48127]]]}},{"id":"1059","type":"Feature","properties":{"CVEGEO":"0900500011472"},"geometry":{"type":"Polygon","coordinates":[[[-99.10333,19.4819],[-99.10148,19.48698],[-99.09865,19.48591],[-99.10053,19.48515],[-99.09991,19.48274],[-99.10333,19.4819]]]}},{"id":"1060","type":"Feature","properties":{"CVEGEO":"0900500011487"},"geometry":{"type":"Polygon","coordinates":[[[-99.0966,19.48187],[-99.09779,19.48235],[-99.09733,19.48338],[-99.09991,19.48274],[-99.10053,19.48515],[-99.09865,19.48591],[-99.09541,19.48469],[-99.0966,19.48187]]]}},{"id":"1061","type":"Feature","properties":{"CVEGEO":"0900500011523"},"geometry":{"type":"Polygon","coordinates":[[[-99.07887,19.48624],[-99.07931,19.48392],[-99.07612,19.4834],[-99.07684,19.48159],[-99.08332,19.48263],[-99.08251,19.48683],[-99.07887,19.48624]]]}},{"id":"1062","type":"Feature","properties":{"CVEGEO":"0900500011538"},"geometry":{"type":"Polygon","coordinates":[[[-99.07144,19.48163],[-99.07639,19.48267],[-99.07481,19.48648],[-99.07018,19.48499],[-99.07144,19.48163]]]}},{"id":"1063","type":"Feature","properties":{"CVEGEO":"0900500011561"},"geometry":{"type":"Polygon","coordinates":[[[-99.132,19.47001],[-99.13691,19.47116],[-99.12983,19.47988],[-99.1289,19.47956],[-99.132,19.47001]]]}},{"id":"1064","type":"Feature","properties":{"CVEGEO":"0900500011576"},"geometry":{"type":"Polygon","coordinates":[[[-99.13003,19.46953],[-99.132,19.47001],[-99.12888,19.47961],[-99.12685,19.47887],[-99.13003,19.46953]]]}},{"id":"1065","type":"Feature","properties":{"CVEGEO":"0900500011580"},"geometry":{"type":"Polygon","coordinates":[[[-99.12841,19.46914],[-99.13003,19.46953],[-99.12685,19.47887],[-99.12491,19.47819],[-99.12841,19.46914]]]}},{"id":"1066","type":"Feature","properties":{"CVEGEO":"0900500011595"},"geometry":{"type":"Polygon","coordinates":[[[-99.12662,19.46871],[-99.12841,19.46914],[-99.12491,19.47819],[-99.12313,19.47758],[-99.12662,19.46871]]]}},{"id":"1067","type":"Feature","properties":{"CVEGEO":"0900500011608"},"geometry":{"type":"Polygon","coordinates":[[[-99.12497,19.46842],[-99.12662,19.46871],[-99.12313,19.47758],[-99.12175,19.47708],[-99.12497,19.46842]]]}},{"id":"1068","type":"Feature","properties":{"CVEGEO":"0900500011627"},"geometry":{"type":"Polygon","coordinates":[[[-99.10394,19.47492],[-99.10732,19.47662],[-99.10813,19.47381],[-99.11363,19.47606],[-99.1114,19.48101],[-99.10325,19.47663],[-99.10394,19.47492]]]}},{"id":"1069","type":"Feature","properties":{"CVEGEO":"0900500011631"},"geometry":{"type":"Polygon","coordinates":[[[-99.10357,19.48127],[-99.10333,19.4819],[-99.09733,19.48338],[-99.09779,19.48235],[-99.0966,19.48187],[-99.09779,19.47905],[-99.10357,19.48127]]]}},{"id":"1070","type":"Feature","properties":{"CVEGEO":"0900500011646"},"geometry":{"type":"Polygon","coordinates":[[[-99.10146,19.47037],[-99.10813,19.47381],[-99.10732,19.47662],[-99.10394,19.47492],[-99.10325,19.47663],[-99.10478,19.47741],[-99.10342,19.48122],[-99.09782,19.47898],[-99.10146,19.47037]]]}},{"id":"1071","type":"Feature","properties":{"CVEGEO":"0900500012339"},"geometry":{"type":"Polygon","coordinates":[[[-99.08221,19.45202],[-99.08536,19.45313],[-99.08492,19.45428],[-99.08176,19.45322],[-99.08221,19.45202]]]}},{"id":"1072","type":"Feature","properties":{"CVEGEO":"090050001167A"},"geometry":{"type":"Polygon","coordinates":[[[-99.08006,19.47761],[-99.08396,19.47858],[-99.08332,19.48263],[-99.07684,19.48159],[-99.0781,19.47799],[-99.08006,19.47761]]]}},{"id":"1073","type":"Feature","properties":{"CVEGEO":"0900500011684"},"geometry":{"type":"Polygon","coordinates":[[[-99.07335,19.47786],[-99.07625,19.48082],[-99.07716,19.48083],[-99.07639,19.48267],[-99.06974,19.48121],[-99.07335,19.47786]]]}},{"id":"1074","type":"Feature","properties":{"CVEGEO":"0900500011701"},"geometry":{"type":"Polygon","coordinates":[[[-99.06632,19.48055],[-99.06935,19.47684],[-99.07092,19.47825],[-99.06956,19.47955],[-99.07051,19.48045],[-99.06949,19.48122],[-99.06632,19.48055]]]}},{"id":"1075","type":"Feature","properties":{"CVEGEO":"0900500013214"},"geometry":{"type":"Polygon","coordinates":[[[-99.1248,19.54881],[-99.12715,19.54657],[-99.12775,19.54733],[-99.12737,19.55023],[-99.1284,19.55072],[-99.12614,19.55308],[-99.12476,19.55188],[-99.1248,19.54881]]]}},{"id":"1076","type":"Feature","properties":{"CVEGEO":"0900500011788"},"geometry":{"type":"Polygon","coordinates":[[[-99.11372,19.47234],[-99.11863,19.47409],[-99.11798,19.47576],[-99.11573,19.47531],[-99.11523,19.47662],[-99.11148,19.47529],[-99.11372,19.47234]]]}},{"id":"1077","type":"Feature","properties":{"CVEGEO":"0900500011792"},"geometry":{"type":"Polygon","coordinates":[[[-99.12164,19.47331],[-99.12036,19.4766],[-99.11798,19.47576],[-99.11863,19.47409],[-99.11372,19.47234],[-99.11467,19.47094],[-99.12164,19.47331]]]}},{"id":"1078","type":"Feature","properties":{"CVEGEO":"0900500010050"},"geometry":{"type":"Polygon","coordinates":[[[-99.13424,19.55892],[-99.1326,19.55843],[-99.13201,19.55972],[-99.12975,19.55859],[-99.13268,19.55315],[-99.1404,19.55628],[-99.14015,19.55675],[-99.1408,19.55708],[-99.1399,19.55732],[-99.13971,19.55926],[-99.13887,19.56036],[-99.13746,19.55916],[-99.1367,19.55928],[-99.13593,19.56159],[-99.13457,19.56094],[-99.13424,19.55892]]]}},{"id":"1079","type":"Feature","properties":{"CVEGEO":"0900500010898"},"geometry":{"type":"Polygon","coordinates":[[[-99.14929,19.4962],[-99.1501,19.49637],[-99.15066,19.49573],[-99.15095,19.49444],[-99.15186,19.49464],[-99.15108,19.4979],[-99.14913,19.49699],[-99.14929,19.4962]]]}},{"id":"1080","type":"Feature","properties":{"CVEGEO":"0900500010243"},"geometry":{"type":"Polygon","coordinates":[[[-99.14039,19.53882],[-99.13602,19.53772],[-99.13762,19.53595],[-99.13643,19.53562],[-99.13635,19.5349],[-99.13704,19.53477],[-99.13663,19.53425],[-99.14003,19.53438],[-99.13971,19.5332],[-99.14216,19.53359],[-99.14208,19.53638],[-99.14039,19.53882]]]}},{"id":"1081","type":"Feature","properties":{"CVEGEO":"0900500012076"},"geometry":{"type":"Polygon","coordinates":[[[-99.10943,19.46149],[-99.10824,19.46449],[-99.10435,19.46353],[-99.10569,19.46036],[-99.10943,19.46149]]]}},{"id":"1082","type":"Feature","properties":{"CVEGEO":"0900500012095"},"geometry":{"type":"Polygon","coordinates":[[[-99.09884,19.4603],[-99.10482,19.46241],[-99.10385,19.46472],[-99.09795,19.4626],[-99.09884,19.4603]]]}},{"id":"1083","type":"Feature","properties":{"CVEGEO":"0900500012108"},"geometry":{"type":"Polygon","coordinates":[[[-99.09975,19.45793],[-99.1057,19.46033],[-99.10482,19.46241],[-99.09884,19.4603],[-99.09975,19.45793]]]}},{"id":"1084","type":"Feature","properties":{"CVEGEO":"0900500012146"},"geometry":{"type":"Polygon","coordinates":[[[-99.09244,19.45949],[-99.09409,19.46008],[-99.09354,19.46281],[-99.094,19.46296],[-99.09487,19.46065],[-99.09544,19.46083],[-99.09325,19.4666],[-99.09139,19.46593],[-99.09224,19.46365],[-99.09046,19.46304],[-99.09244,19.45949]]]}},{"id":"1085","type":"Feature","properties":{"CVEGEO":"0900500012150"},"geometry":{"type":"Polygon","coordinates":[[[-99.08672,19.4645],[-99.08721,19.46066],[-99.09088,19.4619],[-99.09046,19.46304],[-99.09224,19.46365],[-99.09139,19.46593],[-99.08731,19.46521],[-99.08672,19.4645]]]}},{"id":"1086","type":"Feature","properties":{"CVEGEO":"090050001217A"},"geometry":{"type":"Polygon","coordinates":[[[-99.11317,19.46108],[-99.12032,19.46267],[-99.11812,19.46588],[-99.11277,19.46402],[-99.11329,19.46266],[-99.11317,19.46108]]]}},{"id":"1087","type":"Feature","properties":{"CVEGEO":"0900500012201"},"geometry":{"type":"Polygon","coordinates":[[[-99.11149,19.45891],[-99.1069,19.45734],[-99.10754,19.45576],[-99.11397,19.45772],[-99.1128,19.46252],[-99.11061,19.46186],[-99.11149,19.45891]]]}},{"id":"1088","type":"Feature","properties":{"CVEGEO":"0900500012220"},"geometry":{"type":"Polygon","coordinates":[[[-99.10093,19.45479],[-99.10734,19.45626],[-99.1057,19.46033],[-99.09975,19.45793],[-99.10093,19.45479]]]}},{"id":"1089","type":"Feature","properties":{"CVEGEO":"0900500012235"},"geometry":{"type":"Polygon","coordinates":[[[-99.09409,19.46008],[-99.09283,19.45963],[-99.0937,19.45733],[-99.09274,19.45698],[-99.09434,19.45281],[-99.09681,19.45497],[-99.0972,19.45608],[-99.094,19.46296],[-99.09354,19.46281],[-99.09431,19.4608],[-99.09409,19.46008]]]}},{"id":"1090","type":"Feature","properties":{"CVEGEO":"0900500012377"},"geometry":{"type":"Polygon","coordinates":[[[-99.06521,19.45546],[-99.06638,19.46009],[-99.06255,19.46125],[-99.06132,19.45638],[-99.06521,19.45546]]]}},{"id":"1091","type":"Feature","properties":{"CVEGEO":"0900500012803"},"geometry":{"type":"Polygon","coordinates":[[[-99.15124,19.5296],[-99.15012,19.53115],[-99.14749,19.52951],[-99.14555,19.52915],[-99.14675,19.52628],[-99.15124,19.5296]]]}},{"id":"1092","type":"Feature","properties":{"CVEGEO":"0900500010510"},"geometry":{"type":"Polygon","coordinates":[[[-99.14862,19.49925],[-99.15718,19.50285],[-99.15096,19.5052],[-99.14862,19.49925]]]}},{"id":"1093","type":"Feature","properties":{"CVEGEO":"0900500011970"},"geometry":{"type":"Polygon","coordinates":[[[-99.07965,19.47055],[-99.07915,19.47319],[-99.07083,19.47181],[-99.07154,19.46895],[-99.07965,19.47055]]]}},{"id":"1094","type":"Feature","properties":{"CVEGEO":"0900500010991"},"geometry":{"type":"Polygon","coordinates":[[[-99.09985,19.49994],[-99.09749,19.49854],[-99.09868,19.4967],[-99.09989,19.49739],[-99.10089,19.49594],[-99.10253,19.4986],[-99.10006,19.50124],[-99.09926,19.50074],[-99.09985,19.49994]]]}},{"id":"1095","type":"Feature","properties":{"CVEGEO":"0900500010506"},"geometry":{"type":"Polygon","coordinates":[[[-99.15514,19.50371],[-99.15482,19.50488],[-99.15562,19.50691],[-99.15217,19.50827],[-99.15096,19.5052],[-99.15514,19.50371]]]}},{"id":"1096","type":"Feature","properties":{"CVEGEO":"0900500010953"},"geometry":{"type":"Polygon","coordinates":[[[-99.12855,19.4889],[-99.13038,19.48961],[-99.13228,19.4873],[-99.13413,19.48772],[-99.13331,19.49178],[-99.13154,19.494],[-99.12708,19.49075],[-99.12855,19.4889]]]}},{"id":"1097","type":"Feature","properties":{"CVEGEO":"0900500010968"},"geometry":{"type":"Polygon","coordinates":[[[-99.12381,19.48721],[-99.12855,19.4889],[-99.12435,19.49411],[-99.12101,19.49073],[-99.12381,19.48721]]]}},{"id":"1098","type":"Feature","properties":{"CVEGEO":"090050001092A"},"geometry":{"type":"Polygon","coordinates":[[[-99.14632,19.49343],[-99.14886,19.49986],[-99.14303,19.49732],[-99.14426,19.49395],[-99.14234,19.49349],[-99.14246,19.49303],[-99.14632,19.49343]]]}},{"id":"1099","type":"Feature","properties":{"CVEGEO":"0900500010934"},"geometry":{"type":"Polygon","coordinates":[[[-99.13885,19.49193],[-99.14256,19.49263],[-99.14234,19.49349],[-99.14426,19.49395],[-99.14303,19.49732],[-99.13817,19.49556],[-99.13885,19.49193]]]}},{"id":"1100","type":"Feature","properties":{"CVEGEO":"0900500010949"},"geometry":{"type":"Polygon","coordinates":[[[-99.13885,19.49193],[-99.13817,19.49556],[-99.13283,19.49428],[-99.13345,19.49105],[-99.13885,19.49193]]]}},{"id":"1101","type":"Feature","properties":{"CVEGEO":"0900500011932"},"geometry":{"type":"Polygon","coordinates":[[[-99.06735,19.47604],[-99.06657,19.47671],[-99.06459,19.47464],[-99.06757,19.47198],[-99.07076,19.47516],[-99.06877,19.47751],[-99.06735,19.47604]]]}},{"id":"1102","type":"Feature","properties":{"CVEGEO":"0900500011951"},"geometry":{"type":"Polygon","coordinates":[[[-99.08462,19.46963],[-99.08583,19.47013],[-99.08879,19.475],[-99.08536,19.47441],[-99.08553,19.47319],[-99.08468,19.47303],[-99.0851,19.47211],[-99.08355,19.47178],[-99.08462,19.46963]]]}},{"id":"1103","type":"Feature","properties":{"CVEGEO":"0900500012216"},"geometry":{"type":"Polygon","coordinates":[[[-99.1057,19.46033],[-99.1069,19.45734],[-99.11149,19.45891],[-99.11082,19.46154],[-99.1057,19.46033]]]}},{"id":"1104","type":"Feature","properties":{"CVEGEO":"0900500010135"},"geometry":{"type":"Polygon","coordinates":[[[-99.15216,19.55282],[-99.15273,19.55197],[-99.15,19.55049],[-99.15111,19.54874],[-99.1533,19.54992],[-99.15383,19.54903],[-99.15683,19.55068],[-99.15422,19.55388],[-99.15216,19.55282]]]}},{"id":"1105","type":"Feature","properties":{"CVEGEO":"0900500010169"},"geometry":{"type":"Polygon","coordinates":[[[-99.13333,19.54742],[-99.13258,19.54684],[-99.13372,19.54599],[-99.13008,19.54352],[-99.13373,19.54074],[-99.13795,19.54414],[-99.13512,19.54888],[-99.13408,19.54847],[-99.13453,19.54684],[-99.13333,19.54742]]]}},{"id":"1106","type":"Feature","properties":{"CVEGEO":"0900500010188"},"geometry":{"type":"Polygon","coordinates":[[[-99.14904,19.53788],[-99.14862,19.53848],[-99.15027,19.54007],[-99.14911,19.54178],[-99.14807,19.54109],[-99.14716,19.5425],[-99.14482,19.54032],[-99.14694,19.53698],[-99.14904,19.53788]]]}},{"id":"1107","type":"Feature","properties":{"CVEGEO":"0900500010192"},"geometry":{"type":"Polygon","coordinates":[[[-99.14164,19.53704],[-99.14135,19.53769],[-99.14564,19.53905],[-99.14482,19.54032],[-99.14716,19.5425],[-99.14628,19.54391],[-99.13949,19.5411],[-99.14164,19.53704]]]}},{"id":"1108","type":"Feature","properties":{"CVEGEO":"0900500012786"},"geometry":{"type":"Polygon","coordinates":[[[-99.15124,19.5296],[-99.1574,19.53042],[-99.15585,19.53244],[-99.15851,19.53392],[-99.15804,19.53529],[-99.15396,19.54031],[-99.14863,19.5346],[-99.15124,19.5296]]]}},{"id":"1109","type":"Feature","properties":{"CVEGEO":"0900500010205"},"geometry":{"type":"Polygon","coordinates":[[[-99.13696,19.53799],[-99.14039,19.53882],[-99.13795,19.54414],[-99.13373,19.54074],[-99.13512,19.53965],[-99.13726,19.53975],[-99.13696,19.53799]]]}},{"id":"1110","type":"Feature","properties":{"CVEGEO":"0900500010224"},"geometry":{"type":"Polygon","coordinates":[[[-99.15116,19.53866],[-99.15027,19.54007],[-99.14921,19.53941],[-99.14862,19.53848],[-99.14904,19.53788],[-99.14712,19.53671],[-99.14863,19.5346],[-99.1525,19.53928],[-99.15116,19.53866]]]}},{"id":"1111","type":"Feature","properties":{"CVEGEO":"0900500010525"},"geometry":{"type":"Polygon","coordinates":[[[-99.15045,19.51098],[-99.14766,19.51201],[-99.14228,19.50855],[-99.14145,19.50887],[-99.14358,19.50509],[-99.147,19.50628],[-99.14888,19.50235],[-99.14591,19.50097],[-99.14698,19.49903],[-99.14886,19.49986],[-99.15492,19.51523],[-99.15241,19.51608],[-99.15045,19.51098]]]}},{"id":"1112","type":"Feature","properties":{"CVEGEO":"0900500010559"},"geometry":{"type":"Polygon","coordinates":[[[-99.13347,19.51128],[-99.13507,19.51403],[-99.13507,19.51572],[-99.13669,19.51625],[-99.13621,19.51767],[-99.13248,19.51827],[-99.13201,19.51351],[-99.13347,19.51128]]]}},{"id":"1113","type":"Feature","properties":{"CVEGEO":"0900500010737"},"geometry":{"type":"Polygon","coordinates":[[[-99.13154,19.494],[-99.12966,19.49625],[-99.13059,19.49721],[-99.12811,19.50028],[-99.1263,19.4989],[-99.12752,19.49742],[-99.12435,19.49411],[-99.12708,19.49075],[-99.13154,19.494]]]}},{"id":"1114","type":"Feature","properties":{"CVEGEO":"0900500010582"},"geometry":{"type":"Polygon","coordinates":[[[-99.12196,19.51039],[-99.12232,19.51081],[-99.12347,19.50921],[-99.12222,19.50628],[-99.1223,19.50453],[-99.12373,19.50499],[-99.12436,19.50686],[-99.1275,19.50748],[-99.12789,19.50573],[-99.12957,19.50606],[-99.12411,19.51159],[-99.12215,19.5109],[-99.12196,19.51039]]]}},{"id":"1115","type":"Feature","properties":{"CVEGEO":"0900500010597"},"geometry":{"type":"Polygon","coordinates":[[[-99.11936,19.5068],[-99.11927,19.50456],[-99.12236,19.50335],[-99.12222,19.50628],[-99.12347,19.50921],[-99.12232,19.51081],[-99.11936,19.5068]]]}},{"id":"1116","type":"Feature","properties":{"CVEGEO":"090050001060A"},"geometry":{"type":"Polygon","coordinates":[[[-99.1238,19.50291],[-99.12837,19.50398],[-99.12979,19.50582],[-99.12789,19.50573],[-99.1275,19.50748],[-99.12436,19.50686],[-99.1238,19.50291]]]}},{"id":"1117","type":"Feature","properties":{"CVEGEO":"0900500010614"},"geometry":{"type":"Polygon","coordinates":[[[-99.12984,19.50265],[-99.13126,19.50289],[-99.12991,19.50568],[-99.12941,19.50475],[-99.12984,19.50265]]]}},{"id":"1118","type":"Feature","properties":{"CVEGEO":"0900500010629"},"geometry":{"type":"Polygon","coordinates":[[[-99.12786,19.50325],[-99.12701,19.50206],[-99.12984,19.50265],[-99.12979,19.50582],[-99.12786,19.50325]]]}},{"id":"1119","type":"Feature","properties":{"CVEGEO":"0900500010633"},"geometry":{"type":"Polygon","coordinates":[[[-99.12131,19.50246],[-99.12456,19.49879],[-99.12837,19.50398],[-99.1238,19.50291],[-99.12373,19.50499],[-99.1223,19.50453],[-99.12203,19.50296],[-99.12131,19.50246]]]}},{"id":"1120","type":"Feature","properties":{"CVEGEO":"0900500011082"},"geometry":{"type":"Polygon","coordinates":[[[-99.14036,19.48933],[-99.14192,19.48965],[-99.14268,19.48642],[-99.14374,19.48688],[-99.14632,19.49343],[-99.1401,19.49217],[-99.14036,19.48933]]]}},{"id":"1121","type":"Feature","properties":{"CVEGEO":"0900500010667"},"geometry":{"type":"Polygon","coordinates":[[[-99.10094,19.50721],[-99.10219,19.50474],[-99.10511,19.50491],[-99.10613,19.50423],[-99.10882,19.50574],[-99.10618,19.50793],[-99.10551,19.5074],[-99.10094,19.50721]]]}},{"id":"1122","type":"Feature","properties":{"CVEGEO":"0900500010671"},"geometry":{"type":"Polygon","coordinates":[[[-99.09443,19.50299],[-99.0957,19.50094],[-99.09633,19.50198],[-99.10164,19.50345],[-99.10146,19.50418],[-99.10219,19.50474],[-99.10094,19.50721],[-99.09443,19.50299]]]}},{"id":"1123","type":"Feature","properties":{"CVEGEO":"0900500010718"},"geometry":{"type":"Polygon","coordinates":[[[-99.13343,19.50334],[-99.13126,19.50289],[-99.13283,19.49428],[-99.13992,19.49597],[-99.14698,19.49903],[-99.14591,19.50097],[-99.14888,19.50235],[-99.14677,19.50651],[-99.14358,19.50509],[-99.14034,19.51054],[-99.13343,19.50334]]]}},{"id":"1124","type":"Feature","properties":{"CVEGEO":"0900500010722"},"geometry":{"type":"Polygon","coordinates":[[[-99.12702,19.49944],[-99.12811,19.50028],[-99.13059,19.49721],[-99.12966,19.49625],[-99.13331,19.49178],[-99.13126,19.50289],[-99.12701,19.50206],[-99.12608,19.50058],[-99.12702,19.49944]]]}},{"id":"1125","type":"Feature","properties":{"CVEGEO":"0900500010741"},"geometry":{"type":"Polygon","coordinates":[[[-99.12752,19.49742],[-99.1263,19.4989],[-99.12702,19.49944],[-99.126,19.50068],[-99.12037,19.49224],[-99.12086,19.49099],[-99.12752,19.49742]]]}},{"id":"1126","type":"Feature","properties":{"CVEGEO":"0900500010760"},"geometry":{"type":"Polygon","coordinates":[[[-99.117,19.49332],[-99.11617,19.49432],[-99.11479,19.49329],[-99.11521,19.49288],[-99.1145,19.49291],[-99.11626,19.49055],[-99.1153,19.48921],[-99.11605,19.48915],[-99.11459,19.48859],[-99.11301,19.48975],[-99.11274,19.4891],[-99.11417,19.48793],[-99.11732,19.48896],[-99.11977,19.49119],[-99.12037,19.49224],[-99.11973,19.49455],[-99.117,19.49332]]]}},{"id":"1127","type":"Feature","properties":{"CVEGEO":"0900500010794"},"geometry":{"type":"Polygon","coordinates":[[[-99.10849,19.50319],[-99.10987,19.49858],[-99.1104,19.49874],[-99.11074,19.49772],[-99.11211,19.49804],[-99.11046,19.50352],[-99.10849,19.50319]]]}},{"id":"1128","type":"Feature","properties":{"CVEGEO":"0900500010811"},"geometry":{"type":"Polygon","coordinates":[[[-99.09749,19.49854],[-99.09985,19.49994],[-99.09926,19.50074],[-99.10006,19.50124],[-99.09972,19.50178],[-99.10146,19.5025],[-99.10165,19.50341],[-99.09611,19.50154],[-99.09749,19.49854]]]}},{"id":"1129","type":"Feature","properties":{"CVEGEO":"0900500010826"},"geometry":{"type":"Polygon","coordinates":[[[-99.08852,19.50194],[-99.09453,19.50304],[-99.09245,19.50607],[-99.08781,19.50368],[-99.08852,19.50194]]]}},{"id":"1130","type":"Feature","properties":{"CVEGEO":"0900500010830"},"geometry":{"type":"Polygon","coordinates":[[[-99.08816,19.50183],[-99.08962,19.49837],[-99.09354,19.49962],[-99.09396,19.5021],[-99.09459,19.50062],[-99.0957,19.50094],[-99.09443,19.50299],[-99.08816,19.50183]]]}},{"id":"1131","type":"Feature","properties":{"CVEGEO":"0900500011805"},"geometry":{"type":"Polygon","coordinates":[[[-99.10824,19.46449],[-99.11698,19.46756],[-99.12134,19.46113],[-99.12529,19.46392],[-99.12506,19.46451],[-99.12105,19.46307],[-99.11682,19.46945],[-99.12237,19.47143],[-99.12164,19.47331],[-99.10677,19.46804],[-99.10824,19.46449]]]}},{"id":"1132","type":"Feature","properties":{"CVEGEO":"090050001181A"},"geometry":{"type":"Polygon","coordinates":[[[-99.12376,19.46787],[-99.12237,19.47143],[-99.11682,19.46945],[-99.11894,19.46634],[-99.12376,19.46787]]]}},{"id":"1133","type":"Feature","properties":{"CVEGEO":"0900500011824"},"geometry":{"type":"Polygon","coordinates":[[[-99.12506,19.46451],[-99.12376,19.46787],[-99.11903,19.4662],[-99.121,19.46315],[-99.12506,19.46451]]]}},{"id":"1134","type":"Feature","properties":{"CVEGEO":"0900500011839"},"geometry":{"type":"Polygon","coordinates":[[[-99.10996,19.46921],[-99.11473,19.47086],[-99.11148,19.47529],[-99.10873,19.47414],[-99.10996,19.46921]]]}},{"id":"1135","type":"Feature","properties":{"CVEGEO":"0900500011843"},"geometry":{"type":"Polygon","coordinates":[[[-99.10639,19.4679],[-99.10996,19.46921],[-99.10873,19.47414],[-99.10427,19.47192],[-99.10639,19.4679]]]}},{"id":"1136","type":"Feature","properties":{"CVEGEO":"0900500011858"},"geometry":{"type":"Polygon","coordinates":[[[-99.10251,19.46789],[-99.10589,19.46911],[-99.10427,19.47192],[-99.10155,19.47016],[-99.10251,19.46789]]]}},{"id":"1137","type":"Feature","properties":{"CVEGEO":"0900500011862"},"geometry":{"type":"Polygon","coordinates":[[[-99.10435,19.46353],[-99.10824,19.46449],[-99.10589,19.46911],[-99.10251,19.46789],[-99.10435,19.46353]]]}},{"id":"1138","type":"Feature","properties":{"CVEGEO":"0900500011881"},"geometry":{"type":"Polygon","coordinates":[[[-99.09718,19.46467],[-99.1,19.46566],[-99.09877,19.469],[-99.09608,19.46765],[-99.09718,19.46467]]]}},{"id":"1139","type":"Feature","properties":{"CVEGEO":"0900500011909"},"geometry":{"type":"Polygon","coordinates":[[[-99.08474,19.4743],[-99.08879,19.475],[-99.09181,19.47659],[-99.09012,19.48155],[-99.08864,19.4813],[-99.08931,19.47946],[-99.08396,19.47858],[-99.08474,19.4743]]]}},{"id":"1140","type":"Feature","properties":{"CVEGEO":"0900500011913"},"geometry":{"type":"Polygon","coordinates":[[[-99.07821,19.47769],[-99.07915,19.47319],[-99.08474,19.4743],[-99.08396,19.47858],[-99.07821,19.47769]]]}},{"id":"1141","type":"Feature","properties":{"CVEGEO":"0900500011928"},"geometry":{"type":"Polygon","coordinates":[[[-99.07083,19.47181],[-99.07915,19.47319],[-99.07899,19.47575],[-99.07704,19.48081],[-99.07625,19.48082],[-99.06992,19.47442],[-99.07083,19.47181]]]}},{"id":"1142","type":"Feature","properties":{"CVEGEO":"090050001199A"},"geometry":{"type":"Polygon","coordinates":[[[-99.06596,19.46757],[-99.07156,19.46888],[-99.06992,19.47442],[-99.06536,19.47012],[-99.06596,19.46757]]]}},{"id":"1143","type":"Feature","properties":{"CVEGEO":"0900500013093"},"geometry":{"type":"Polygon","coordinates":[[[-99.13949,19.5411],[-99.14628,19.54391],[-99.14233,19.54955],[-99.13649,19.54643],[-99.13949,19.5411]]]}},{"id":"1144","type":"Feature","properties":{"CVEGEO":"090050001313A"},"geometry":{"type":"Polygon","coordinates":[[[-99.13126,19.50289],[-99.13343,19.50334],[-99.13432,19.50423],[-99.13158,19.50667],[-99.12979,19.50582],[-99.13126,19.50289]]]}},{"id":"1145","type":"Feature","properties":{"CVEGEO":"0900500013163"},"geometry":{"type":"Polygon","coordinates":[[[-99.09354,19.49962],[-99.09262,19.49935],[-99.09363,19.49696],[-99.09613,19.49836],[-99.09571,19.49898],[-99.09686,19.49954],[-99.09598,19.50101],[-99.09459,19.50062],[-99.09396,19.5021],[-99.09354,19.49962]]]}},{"id":"1146","type":"Feature","properties":{"CVEGEO":"0900500013178"},"geometry":{"type":"Polygon","coordinates":[[[-99.091,19.49603],[-99.09363,19.49696],[-99.09262,19.49935],[-99.08962,19.49837],[-99.091,19.49603]]]}},{"id":"1147","type":"Feature","properties":{"CVEGEO":"0900500013182"},"geometry":{"type":"Polygon","coordinates":[[[-99.14216,19.53434],[-99.14753,19.53611],[-99.14564,19.53905],[-99.14135,19.53769],[-99.14216,19.53434]]]}},{"id":"1148","type":"Feature","properties":{"CVEGEO":"0900500013197"},"geometry":{"type":"Polygon","coordinates":[[[-99.1421,19.52965],[-99.14276,19.52964],[-99.14552,19.53147],[-99.14476,19.53347],[-99.14843,19.53484],[-99.14753,19.53611],[-99.14216,19.53434],[-99.1421,19.52965]]]}},{"id":"1149","type":"Feature","properties":{"CVEGEO":"090050001320A"},"geometry":{"type":"Polygon","coordinates":[[[-99.14552,19.53147],[-99.1475,19.53263],[-99.14863,19.5346],[-99.14476,19.53347],[-99.14552,19.53147]]]}},{"id":"1150","type":"Feature","properties":{"CVEGEO":"0900500011985"},"geometry":{"type":"Polygon","coordinates":[[[-99.07225,19.46617],[-99.08029,19.46715],[-99.07965,19.47055],[-99.07156,19.46888],[-99.07225,19.46617]]]}},{"id":"1151","type":"Feature","properties":{"CVEGEO":"0900500012269"},"geometry":{"type":"Polygon","coordinates":[[[-99.08541,19.45445],[-99.08397,19.45829],[-99.08428,19.45906],[-99.08042,19.45683],[-99.08171,19.45333],[-99.08541,19.45445]]]}},{"id":"1152","type":"Feature","properties":{"CVEGEO":"0900500012362"},"geometry":{"type":"Polygon","coordinates":[[[-99.06495,19.45444],[-99.06667,19.45356],[-99.06706,19.45504],[-99.06806,19.45417],[-99.06874,19.45839],[-99.06638,19.46009],[-99.06495,19.45444]]]}},{"id":"1153","type":"Feature","properties":{"CVEGEO":"090050001295A"},"geometry":{"type":"Polygon","coordinates":[[[-99.08304,19.46784],[-99.08175,19.47139],[-99.08183,19.47374],[-99.07915,19.47319],[-99.08027,19.46726],[-99.08304,19.46784]]]}},{"id":"1154","type":"Feature","properties":{"CVEGEO":"0900500012112"},"geometry":{"type":"Polygon","coordinates":[[[-99.09325,19.4666],[-99.09715,19.4563],[-99.09626,19.45448],[-99.0999,19.4575],[-99.09608,19.46765],[-99.09325,19.4666]]]}},{"id":"1155","type":"Feature","properties":{"CVEGEO":"0900500012358"},"geometry":{"type":"Polygon","coordinates":[[[-99.06896,19.4546],[-99.07633,19.45294],[-99.06874,19.45839],[-99.06821,19.45478],[-99.06896,19.4546]]]}},{"id":"1156","type":"Feature","properties":{"CVEGEO":"0900500012447"},"geometry":{"type":"Polygon","coordinates":[[[-99.06326,19.4521],[-99.0599,19.45336],[-99.05841,19.44992],[-99.06165,19.44872],[-99.06326,19.4521]]]}},{"id":"1157","type":"Feature","properties":{"CVEGEO":"0900500012409"},"geometry":{"type":"Polygon","coordinates":[[[-99.0599,19.45336],[-99.06725,19.45082],[-99.06806,19.45417],[-99.06765,19.45491],[-99.06706,19.45504],[-99.06667,19.45356],[-99.06495,19.45444],[-99.06521,19.45546],[-99.06132,19.45638],[-99.0599,19.45336]]]}},{"id":"1158","type":"Feature","properties":{"CVEGEO":"0900500012752"},"geometry":{"type":"Polygon","coordinates":[[[-99.1301,19.55052],[-99.1289,19.5499],[-99.1284,19.55072],[-99.12737,19.55023],[-99.12769,19.54952],[-99.12916,19.54873],[-99.13123,19.54909],[-99.13229,19.55008],[-99.13309,19.55016],[-99.13372,19.54924],[-99.13462,19.54973],[-99.1331,19.55243],[-99.12991,19.55095],[-99.1301,19.55052]]]}},{"id":"1159","type":"Feature","properties":{"CVEGEO":"0900500013248"},"geometry":{"type":"Polygon","coordinates":[[[-99.12751,19.56419],[-99.12856,19.56504],[-99.12801,19.56669],[-99.12827,19.57093],[-99.12722,19.57137],[-99.12205,19.57053],[-99.12282,19.5678],[-99.12451,19.56575],[-99.12751,19.56419]]]}},{"id":"1160","type":"Feature","properties":{"CVEGEO":"0900500013252"},"geometry":{"type":"Polygon","coordinates":[[[-99.14018,19.56463],[-99.13974,19.56336],[-99.13873,19.56413],[-99.13705,19.56334],[-99.13665,19.56413],[-99.13522,19.56352],[-99.1367,19.55928],[-99.13746,19.55916],[-99.13887,19.56036],[-99.13971,19.55926],[-99.1399,19.55732],[-99.14048,19.55755],[-99.14067,19.56218],[-99.14274,19.56332],[-99.14167,19.56515],[-99.14018,19.56463]]]}},{"id":"1161","type":"Feature","properties":{"CVEGEO":"0900500013303"},"geometry":{"type":"Polygon","coordinates":[[[-99.14288,19.51898],[-99.14304,19.51782],[-99.1447,19.51796],[-99.14526,19.51859],[-99.14876,19.51739],[-99.14982,19.51919],[-99.14836,19.52151],[-99.14288,19.51898]]]}},{"id":"1162","type":"Feature","properties":{"CVEGEO":"0900500013322"},"geometry":{"type":"Polygon","coordinates":[[[-99.13455,19.57624],[-99.13246,19.57464],[-99.13161,19.573],[-99.13164,19.57128],[-99.13647,19.57295],[-99.1366,19.5735],[-99.13914,19.57366],[-99.14039,19.57475],[-99.13957,19.5754],[-99.13914,19.57847],[-99.13577,19.57631],[-99.13455,19.57624]]]}},{"id":"1163","type":"Feature","properties":{"CVEGEO":"0900500013341"},"geometry":{"type":"Polygon","coordinates":[[[-99.08583,19.48228],[-99.08795,19.48314],[-99.08593,19.48849],[-99.08448,19.48796],[-99.08615,19.48348],[-99.08583,19.48228]]]}},{"id":"1164","type":"Feature","properties":{"CVEGEO":"0900500013375"},"geometry":{"type":"Polygon","coordinates":[[[-99.1452,19.51389],[-99.14374,19.51317],[-99.1449,19.51106],[-99.14372,19.5105],[-99.1441,19.50976],[-99.14766,19.51201],[-99.15045,19.51098],[-99.15241,19.51608],[-99.14526,19.51859],[-99.1447,19.51796],[-99.14304,19.51782],[-99.14337,19.51605],[-99.1452,19.51389]]]}},{"id":"1165","type":"Feature","properties":{"CVEGEO":"090050001338A"},"geometry":{"type":"Polygon","coordinates":[[[-99.14145,19.50887],[-99.14228,19.50855],[-99.1441,19.50976],[-99.14372,19.5105],[-99.1449,19.51106],[-99.14374,19.51317],[-99.1452,19.51389],[-99.14413,19.51564],[-99.14337,19.51605],[-99.14024,19.51194],[-99.14145,19.50887]]]}},{"id":"1166","type":"Feature","properties":{"CVEGEO":"0900500013394"},"geometry":{"type":"Polygon","coordinates":[[[-99.09005,19.48173],[-99.09322,19.48189],[-99.09291,19.48277],[-99.09397,19.48317],[-99.09355,19.48415],[-99.0914,19.48386],[-99.09082,19.48538],[-99.08903,19.48441],[-99.09005,19.48173]]]}},{"id":"1167","type":"Feature","properties":{"CVEGEO":"0900500012767"},"geometry":{"type":"Polygon","coordinates":[[[-99.12916,19.54873],[-99.12775,19.54947],[-99.12759,19.54808],[-99.12833,19.54658],[-99.13022,19.54665],[-99.13157,19.54768],[-99.13453,19.54684],[-99.13408,19.54847],[-99.13512,19.54888],[-99.13462,19.54973],[-99.13372,19.54924],[-99.1326,19.55014],[-99.12916,19.54873]]]}},{"id":"1168","type":"Feature","properties":{"CVEGEO":"0900500010440"},"geometry":{"type":"Polygon","coordinates":[[[-99.15492,19.51523],[-99.15633,19.51471],[-99.15694,19.51658],[-99.1618,19.51898],[-99.16025,19.5218],[-99.15761,19.52048],[-99.15492,19.51523]]]}},{"id":"1169","type":"Feature","properties":{"CVEGEO":"0900500010455"},"geometry":{"type":"Polygon","coordinates":[[[-99.15492,19.51523],[-99.15743,19.52191],[-99.15374,19.52004],[-99.15436,19.51888],[-99.15024,19.51688],[-99.15492,19.51523]]]}},{"id":"1170","type":"Feature","properties":{"CVEGEO":"0900500011148"},"geometry":{"type":"Polygon","coordinates":[[[-99.10653,19.492],[-99.10508,19.49179],[-99.10438,19.48924],[-99.1082,19.4883],[-99.10915,19.4917],[-99.11043,19.49143],[-99.11084,19.49287],[-99.10667,19.49275],[-99.10653,19.492]]]}},{"id":"1171","type":"Feature","properties":{"CVEGEO":"0900500012837"},"geometry":{"type":"Polygon","coordinates":[[[-99.13546,19.52028],[-99.13807,19.52031],[-99.13892,19.52109],[-99.13793,19.5226],[-99.13663,19.52288],[-99.13563,19.52463],[-99.13465,19.52369],[-99.13546,19.52028]]]}},{"id":"1172","type":"Feature","properties":{"CVEGEO":"0900500012841"},"geometry":{"type":"Polygon","coordinates":[[[-99.13256,19.52332],[-99.13305,19.52056],[-99.13546,19.52028],[-99.13497,19.52355],[-99.13256,19.52332]]]}},{"id":"1173","type":"Feature","properties":{"CVEGEO":"0900500012856"},"geometry":{"type":"Polygon","coordinates":[[[-99.13621,19.51767],[-99.13669,19.51625],[-99.13743,19.51651],[-99.14024,19.51194],[-99.14351,19.51644],[-99.14304,19.51782],[-99.13621,19.51767]]]}},{"id":"1174","type":"Feature","properties":{"CVEGEO":"0900500012860"},"geometry":{"type":"Polygon","coordinates":[[[-99.13507,19.51572],[-99.13507,19.51403],[-99.13347,19.51128],[-99.13528,19.50896],[-99.14006,19.51216],[-99.13743,19.51651],[-99.13507,19.51572]]]}},{"id":"1175","type":"Feature","properties":{"CVEGEO":"0900500012930"},"geometry":{"type":"Polygon","coordinates":[[[-99.08355,19.48131],[-99.08583,19.48228],[-99.08562,19.48328],[-99.08615,19.48348],[-99.08453,19.48782],[-99.08242,19.48707],[-99.08355,19.48131]]]}},{"id":"1176","type":"Feature","properties":{"CVEGEO":"090050001288A"},"geometry":{"type":"Polygon","coordinates":[[[-99.10351,19.50752],[-99.10551,19.5074],[-99.10618,19.50793],[-99.10912,19.50541],[-99.10971,19.50589],[-99.10827,19.5068],[-99.10603,19.50999],[-99.10241,19.51149],[-99.10404,19.50991],[-99.10351,19.50752]]]}},{"id":"1177","type":"Feature","properties":{"CVEGEO":"0900500010313"},"geometry":{"type":"Polygon","coordinates":[[[-99.14675,19.52628],[-99.14607,19.52768],[-99.14564,19.52689],[-99.14212,19.52666],[-99.14207,19.52192],[-99.14675,19.52628]]]}},{"id":"1178","type":"Feature","properties":{"CVEGEO":"0900500010328"},"geometry":{"type":"Polygon","coordinates":[[[-99.14207,19.52187],[-99.14213,19.52895],[-99.14062,19.52648],[-99.14056,19.5217],[-99.14207,19.52187]]]}},{"id":"1179","type":"Feature","properties":{"CVEGEO":"0900500010332"},"geometry":{"type":"Polygon","coordinates":[[[-99.13709,19.52733],[-99.13611,19.52738],[-99.13526,19.52476],[-99.13663,19.52288],[-99.13793,19.5226],[-99.13888,19.52132],[-99.13807,19.52031],[-99.14099,19.52135],[-99.14026,19.52269],[-99.14092,19.52709],[-99.13711,19.52783],[-99.13709,19.52733]]]}},{"id":"1180","type":"Feature","properties":{"CVEGEO":"0900500010402"},"geometry":{"type":"Polygon","coordinates":[[[-99.15388,19.51865],[-99.15436,19.51888],[-99.15374,19.52004],[-99.15759,19.52158],[-99.15802,19.52281],[-99.1564,19.52578],[-99.15109,19.52276],[-99.15388,19.51865]]]}},{"id":"1181","type":"Feature","properties":{"CVEGEO":"0900500010370"},"geometry":{"type":"Polygon","coordinates":[[[-99.16166,19.52759],[-99.16379,19.52315],[-99.16549,19.52265],[-99.16997,19.52825],[-99.17016,19.52961],[-99.16998,19.53004],[-99.16166,19.52759]]]}},{"id":"1182","type":"Feature","properties":{"CVEGEO":"0900500010864"},"geometry":{"type":"Polygon","coordinates":[[[-99.06937,19.49647],[-99.07035,19.49507],[-99.07571,19.49851],[-99.07282,19.5022],[-99.06937,19.49647]]]}},{"id":"1183","type":"Feature","properties":{"CVEGEO":"0900500011237"},"geometry":{"type":"Polygon","coordinates":[[[-99.14321,19.48553],[-99.14972,19.48324],[-99.15184,19.48889],[-99.14374,19.48688],[-99.14321,19.48553]]]}},{"id":"1184","type":"Feature","properties":{"CVEGEO":"0900500011203"},"geometry":{"type":"Polygon","coordinates":[[[-99.0789,19.49405],[-99.07527,19.49239],[-99.07691,19.49008],[-99.08132,19.49018],[-99.0789,19.49405]]]}},{"id":"1185","type":"Feature","properties":{"CVEGEO":"0900500011364"},"geometry":{"type":"Polygon","coordinates":[[[-99.06704,19.48701],[-99.06773,19.48435],[-99.06824,19.48447],[-99.06949,19.48122],[-99.07144,19.48163],[-99.06874,19.4887],[-99.06785,19.48894],[-99.06704,19.48701]]]}},{"id":"1186","type":"Feature","properties":{"CVEGEO":"0900500011383"},"geometry":{"type":"Polygon","coordinates":[[[-99.14071,19.47919],[-99.14014,19.47774],[-99.14131,19.47756],[-99.14158,19.47612],[-99.14759,19.47766],[-99.14866,19.48045],[-99.14241,19.47884],[-99.14071,19.47919]]]}},{"id":"1187","type":"Feature","properties":{"CVEGEO":"0900500011415"},"geometry":{"type":"Polygon","coordinates":[[[-99.12175,19.47708],[-99.12983,19.47988],[-99.12774,19.48243],[-99.12074,19.47973],[-99.12175,19.47708]]]}},{"id":"1188","type":"Feature","properties":{"CVEGEO":"0900500011434"},"geometry":{"type":"Polygon","coordinates":[[[-99.11608,19.47803],[-99.11935,19.47921],[-99.11761,19.48367],[-99.11437,19.48251],[-99.11608,19.47803]]]}},{"id":"1189","type":"Feature","properties":{"CVEGEO":"0900500011449"},"geometry":{"type":"Polygon","coordinates":[[[-99.11608,19.47803],[-99.11437,19.48251],[-99.1114,19.48101],[-99.11363,19.47606],[-99.11481,19.47647],[-99.11441,19.47746],[-99.11608,19.47803]]]}},{"id":"1190","type":"Feature","properties":{"CVEGEO":"0900500011453"},"geometry":{"type":"Polygon","coordinates":[[[-99.10478,19.47741],[-99.11226,19.48142],[-99.11132,19.48364],[-99.10691,19.48273],[-99.10342,19.48122],[-99.10478,19.47741]]]}},{"id":"1191","type":"Feature","properties":{"CVEGEO":"0900500011612"},"geometry":{"type":"Polygon","coordinates":[[[-99.11573,19.47531],[-99.12036,19.4766],[-99.11935,19.47921],[-99.11441,19.47746],[-99.11573,19.47531]]]}},{"id":"1192","type":"Feature","properties":{"CVEGEO":"0900500013110"},"geometry":{"type":"Polygon","coordinates":[[[-99.13158,19.51104],[-99.13242,19.50979],[-99.13347,19.51128],[-99.13314,19.51203],[-99.13201,19.51351],[-99.13086,19.51284],[-99.13158,19.51104]]]}},{"id":"1193","type":"Feature","properties":{"CVEGEO":"0900500011754"},"geometry":{"type":"Polygon","coordinates":[[[-99.12938,19.46636],[-99.13624,19.46852],[-99.13721,19.46899],[-99.13731,19.47069],[-99.13691,19.47116],[-99.12841,19.46914],[-99.12938,19.46636]]]}},{"id":"1194","type":"Feature","properties":{"CVEGEO":"0900500012019"},"geometry":{"type":"Polygon","coordinates":[[[-99.06333,19.47053],[-99.06198,19.46771],[-99.06241,19.46753],[-99.06757,19.47198],[-99.06459,19.47464],[-99.06187,19.47178],[-99.06333,19.47053]]]}},{"id":"1195","type":"Feature","properties":{"CVEGEO":"0900500012199"},"geometry":{"type":"Polygon","coordinates":[[[-99.11417,19.45691],[-99.11439,19.45585],[-99.11746,19.45816],[-99.11656,19.46181],[-99.11317,19.46108],[-99.11417,19.45691]]]}},{"id":"1196","type":"Feature","properties":{"CVEGEO":"0900500012057"},"geometry":{"type":"Polygon","coordinates":[[[-99.11277,19.46402],[-99.11812,19.46588],[-99.11698,19.46756],[-99.11643,19.46738],[-99.11208,19.46586],[-99.11277,19.46402]]]}},{"id":"1197","type":"Feature","properties":{"CVEGEO":"0900500012324"},"geometry":{"type":"Polygon","coordinates":[[[-99.08492,19.45428],[-99.08536,19.45313],[-99.08221,19.45202],[-99.08308,19.44949],[-99.09049,19.45204],[-99.08908,19.45574],[-99.08492,19.45428]]]}},{"id":"1198","type":"Feature","properties":{"CVEGEO":"0900500012451"},"geometry":{"type":"Polygon","coordinates":[[[-99.05541,19.45311],[-99.0546,19.45131],[-99.05841,19.44992],[-99.0599,19.45336],[-99.05717,19.45437],[-99.05659,19.45279],[-99.05541,19.45311]]]}},{"id":"1199","type":"Feature","properties":{"CVEGEO":"0900500012682"},"geometry":{"type":"Polygon","coordinates":[[[-99.0854,19.50748],[-99.08776,19.50172],[-99.08852,19.50194],[-99.08781,19.50368],[-99.09245,19.50607],[-99.09039,19.50948],[-99.0854,19.50748]]]}},{"id":"1200","type":"Feature","properties":{"CVEGEO":"0900500012697"},"geometry":{"type":"Polygon","coordinates":[[[-99.09253,19.50592],[-99.09453,19.50304],[-99.0988,19.50553],[-99.09744,19.50524],[-99.096,19.50734],[-99.09253,19.50592]]]}},{"id":"1201","type":"Feature","properties":{"CVEGEO":"090050001263A"},"geometry":{"type":"Polygon","coordinates":[[[-99.09864,19.50941],[-99.09819,19.50983],[-99.09682,19.50897],[-99.09739,19.50796],[-99.10028,19.50891],[-99.1005,19.50973],[-99.10171,19.50944],[-99.10232,19.5115],[-99.0992,19.51219],[-99.09864,19.50941]]]}},{"id":"1202","type":"Feature","properties":{"CVEGEO":"0900500012644"},"geometry":{"type":"Polygon","coordinates":[[[-99.09682,19.50897],[-99.09819,19.50983],[-99.09846,19.50932],[-99.0992,19.51219],[-99.0974,19.51263],[-99.09502,19.51156],[-99.09682,19.50897]]]}},{"id":"1203","type":"Feature","properties":{"CVEGEO":"0900500012659"},"geometry":{"type":"Polygon","coordinates":[[[-99.0953,19.50744],[-99.09739,19.50796],[-99.09502,19.51156],[-99.0929,19.51061],[-99.0953,19.50744]]]}},{"id":"1204","type":"Feature","properties":{"CVEGEO":"0900500012663"},"geometry":{"type":"Polygon","coordinates":[[[-99.09253,19.50592],[-99.0953,19.50744],[-99.0929,19.51061],[-99.09051,19.50953],[-99.09253,19.50592]]]}},{"id":"1205","type":"Feature","properties":{"CVEGEO":"0900500012678"},"geometry":{"type":"Polygon","coordinates":[[[-99.10094,19.50721],[-99.10028,19.50891],[-99.09609,19.50712],[-99.09744,19.50524],[-99.10094,19.50721]]]}},{"id":"1206","type":"Feature","properties":{"CVEGEO":"090050001270A"},"geometry":{"type":"Polygon","coordinates":[[[-99.05706,19.45571],[-99.05611,19.45606],[-99.05573,19.45491],[-99.0599,19.45336],[-99.06132,19.45638],[-99.05791,19.45763],[-99.05706,19.45571]]]}},{"id":"1207","type":"Feature","properties":{"CVEGEO":"0900500012733"},"geometry":{"type":"Polygon","coordinates":[[[-99.129,19.56213],[-99.12861,19.56075],[-99.12975,19.55859],[-99.13201,19.55972],[-99.1326,19.55843],[-99.13424,19.55892],[-99.13146,19.56382],[-99.12908,19.56344],[-99.12856,19.56504],[-99.12751,19.56419],[-99.129,19.56213]]]}},{"id":"1208","type":"Feature","properties":{"CVEGEO":"0900500012748"},"geometry":{"type":"Polygon","coordinates":[[[-99.1289,19.5499],[-99.1301,19.55052],[-99.12976,19.55132],[-99.1331,19.55243],[-99.13174,19.55489],[-99.12898,19.55397],[-99.12766,19.55223],[-99.1289,19.5499]]]}},{"id":"1209","type":"Feature","properties":{"CVEGEO":"0900500010351"},"geometry":{"type":"Polygon","coordinates":[[[-99.12627,19.52103],[-99.13305,19.52056],[-99.13258,19.52254],[-99.12672,19.5228],[-99.12627,19.52103]]]}},{"id":"1210","type":"Feature","properties":{"CVEGEO":"0900500010915"},"geometry":{"type":"Polygon","coordinates":[[[-99.14732,19.49596],[-99.14632,19.49343],[-99.15095,19.49444],[-99.1501,19.49637],[-99.14732,19.49596]]]}},{"id":"1211","type":"Feature","properties":{"CVEGEO":"0900500011400"},"geometry":{"type":"Polygon","coordinates":[[[-99.13741,19.47236],[-99.13546,19.48076],[-99.13164,19.48028],[-99.13031,19.47932],[-99.13667,19.47144],[-99.13741,19.47236]]]}},{"id":"1212","type":"Feature","properties":{"CVEGEO":"0900500013426"},"geometry":{"type":"Polygon","coordinates":[[[-99.13249,19.53703],[-99.13253,19.53597],[-99.13163,19.53487],[-99.13443,19.53401],[-99.13762,19.53595],[-99.13602,19.53772],[-99.13696,19.53799],[-99.13726,19.53975],[-99.13512,19.53965],[-99.13249,19.53703]]]}},{"id":"1213","type":"Feature","properties":{"CVEGEO":"0900500011114"},"geometry":{"type":"Polygon","coordinates":[[[-99.12651,19.48393],[-99.13081,19.48698],[-99.13228,19.4873],[-99.13038,19.48961],[-99.12381,19.48721],[-99.12651,19.48393]]]}},{"id":"1214","type":"Feature","properties":{"CVEGEO":"0900500011256"},"geometry":{"type":"Polygon","coordinates":[[[-99.12651,19.48393],[-99.13031,19.47932],[-99.13164,19.48028],[-99.13749,19.48102],[-99.13791,19.47775],[-99.13979,19.47774],[-99.13935,19.47666],[-99.14374,19.48688],[-99.13657,19.48527],[-99.13605,19.48851],[-99.13081,19.48698],[-99.12651,19.48393]]]}},{"id":"1215","type":"Feature","properties":{"CVEGEO":"0900500011330"},"geometry":{"type":"Polygon","coordinates":[[[-99.07757,19.4901],[-99.07823,19.48665],[-99.07887,19.48624],[-99.08319,19.48734],[-99.08216,19.49019],[-99.07757,19.4901]]]}},{"id":"1216","type":"Feature","properties":{"CVEGEO":"0900500010281"},"geometry":{"type":"Polygon","coordinates":[[[-99.15126,19.52596],[-99.15332,19.52685],[-99.1523,19.52876],[-99.1525,19.53004],[-99.15001,19.52869],[-99.15126,19.52596]]]}},{"id":"1217","type":"Feature","properties":{"CVEGEO":"0900500012822"},"geometry":{"type":"Polygon","coordinates":[[[-99.1421,19.52965],[-99.14212,19.52666],[-99.14564,19.52689],[-99.14607,19.52768],[-99.14555,19.52915],[-99.14622,19.52967],[-99.14552,19.53147],[-99.1421,19.52965]]]}},{"id":"1218","type":"Feature","properties":{"CVEGEO":"0900500012061"},"geometry":{"type":"Polygon","coordinates":[[[-99.10943,19.46149],[-99.11329,19.46266],[-99.11208,19.46586],[-99.10824,19.46449],[-99.10943,19.46149]]]}},{"id":"1219","type":"Feature","properties":{"CVEGEO":"0900500010296"},"geometry":{"type":"Polygon","coordinates":[[[-99.1477,19.52705],[-99.14877,19.52488],[-99.15126,19.52596],[-99.14975,19.52851],[-99.1477,19.52705]]]}},{"id":"1220","type":"Feature","properties":{"CVEGEO":"0900500011063"},"geometry":{"type":"Polygon","coordinates":[[[-99.14515,19.49045],[-99.14918,19.49124],[-99.14864,19.49394],[-99.14632,19.49343],[-99.14515,19.49045]]]}},{"id":"1221","type":"Feature","properties":{"CVEGEO":"0900500010900"},"geometry":{"type":"Polygon","coordinates":[[[-99.14732,19.49596],[-99.14929,19.4962],[-99.14913,19.49699],[-99.15108,19.4979],[-99.15057,19.50007],[-99.14862,19.49925],[-99.14732,19.49596]]]}},{"id":"1222","type":"Feature","properties":{"CVEGEO":"0900500010474"},"geometry":{"type":"Polygon","coordinates":[[[-99.15694,19.51658],[-99.15633,19.51471],[-99.16107,19.51299],[-99.16289,19.51774],[-99.1618,19.51898],[-99.15694,19.51658]]]}},{"id":"1223","type":"Feature","properties":{"CVEGEO":"0900500010084"},"geometry":{"type":"Polygon","coordinates":[[[-99.1404,19.55628],[-99.13744,19.55511],[-99.13933,19.55233],[-99.14391,19.55494],[-99.14455,19.55595],[-99.14574,19.55563],[-99.14701,19.55676],[-99.14626,19.55752],[-99.14138,19.55882],[-99.14149,19.56035],[-99.14035,19.56056],[-99.1404,19.55628]]]}},{"id":"1224","type":"Feature","properties":{"CVEGEO":"0900500010099"},"geometry":{"type":"Polygon","coordinates":[[[-99.15,19.55049],[-99.15273,19.55197],[-99.15216,19.55282],[-99.15422,19.55388],[-99.15261,19.55651],[-99.14952,19.55485],[-99.15004,19.554],[-99.14854,19.55317],[-99.15,19.55049]]]}},{"id":"1225","type":"Feature","properties":{"CVEGEO":"0900500010101"},"geometry":{"type":"Polygon","coordinates":[[[-99.14455,19.55595],[-99.14391,19.55494],[-99.13933,19.55233],[-99.14226,19.54965],[-99.14339,19.54764],[-99.14954,19.55149],[-99.14664,19.55632],[-99.14569,19.55562],[-99.14455,19.55595]]]}},{"id":"1226","type":"Feature","properties":{"CVEGEO":"0900500012625"},"geometry":{"type":"Polygon","coordinates":[[[-99.1236,19.55311],[-99.12468,19.55362],[-99.1256,19.55315],[-99.12444,19.55231],[-99.12476,19.55188],[-99.12614,19.55308],[-99.12757,19.55207],[-99.12898,19.55397],[-99.13174,19.55489],[-99.13008,19.55797],[-99.1232,19.5549],[-99.1236,19.55311]]]}},{"id":"1227","type":"Feature","properties":{"CVEGEO":"0900500012606"},"geometry":{"type":"Polygon","coordinates":[[[-99.12202,19.5627],[-99.12215,19.56202],[-99.12391,19.56223],[-99.12288,19.56097],[-99.12437,19.56016],[-99.12718,19.561],[-99.12894,19.5608],[-99.129,19.56213],[-99.12751,19.56419],[-99.12661,19.56453],[-99.12202,19.5627]]]}},{"id":"1228","type":"Feature","properties":{"CVEGEO":"0900500013055"},"geometry":{"type":"Polygon","coordinates":[[[-99.08764,19.47309],[-99.08796,19.47232],[-99.09042,19.47332],[-99.09118,19.47154],[-99.09337,19.4725],[-99.09181,19.47659],[-99.08879,19.475],[-99.08764,19.47309]]]}},{"id":"1229","type":"Feature","properties":{"CVEGEO":"090050001306A"},"geometry":{"type":"Polygon","coordinates":[[[-99.08869,19.47036],[-99.09118,19.47154],[-99.09042,19.47332],[-99.08823,19.47243],[-99.08869,19.47036]]]}},{"id":"1230","type":"Feature","properties":{"CVEGEO":"0900500013089"},"geometry":{"type":"Polygon","coordinates":[[[-99.13649,19.54643],[-99.14233,19.54955],[-99.13825,19.55353],[-99.13744,19.55511],[-99.13268,19.55315],[-99.13649,19.54643]]]}},{"id":"1231","type":"Feature","properties":{"CVEGEO":"0900500012432"},"geometry":{"type":"Polygon","coordinates":[[[-99.06185,19.44865],[-99.06631,19.447],[-99.06725,19.45082],[-99.06326,19.4521],[-99.06185,19.44865]]]}},{"id":"1232","type":"Feature","properties":{"CVEGEO":"0900500012004"},"geometry":{"type":"Polygon","coordinates":[[[-99.06445,19.46849],[-99.06591,19.46473],[-99.07225,19.46617],[-99.0717,19.46885],[-99.06596,19.46757],[-99.06536,19.47012],[-99.06369,19.46866],[-99.06445,19.46849]]]}},{"id":"1233","type":"Feature","properties":{"CVEGEO":"090050001224A"},"geometry":{"type":"Polygon","coordinates":[[[-99.08921,19.45578],[-99.0937,19.45733],[-99.0914,19.46206],[-99.08721,19.46066],[-99.08921,19.45578]]]}},{"id":"1234","type":"Feature","properties":{"CVEGEO":"0900500012080"},"geometry":{"type":"Polygon","coordinates":[[[-99.09718,19.46467],[-99.09795,19.4626],[-99.10385,19.46472],[-99.10302,19.46667],[-99.09718,19.46467]]]}},{"id":"1235","type":"Feature","properties":{"CVEGEO":"0900500011877"},"geometry":{"type":"Polygon","coordinates":[[[-99.1,19.46566],[-99.10302,19.46667],[-99.10146,19.47037],[-99.09877,19.469],[-99.1,19.46566]]]}},{"id":"1236","type":"Feature","properties":{"CVEGEO":"0900500012945"},"geometry":{"type":"Polygon","coordinates":[[[-99.08304,19.46784],[-99.08521,19.46911],[-99.08583,19.47013],[-99.08462,19.46963],[-99.08355,19.47178],[-99.0851,19.47211],[-99.08468,19.47303],[-99.08553,19.47319],[-99.08536,19.47441],[-99.08183,19.47374],[-99.08304,19.46784]]]}},{"id":"1237","type":"Feature","properties":{"CVEGEO":"0900500012254"},"geometry":{"type":"Polygon","coordinates":[[[-99.08397,19.45829],[-99.08541,19.45445],[-99.08921,19.45578],[-99.08721,19.46066],[-99.08428,19.45906],[-99.08397,19.45829]]]}},{"id":"1238","type":"Feature","properties":{"CVEGEO":"0900500012038"},"geometry":{"type":"Polygon","coordinates":[[[-99.06008,19.46854],[-99.05914,19.46894],[-99.05774,19.46584],[-99.05849,19.46401],[-99.06241,19.46753],[-99.06198,19.46771],[-99.06333,19.47053],[-99.06156,19.47185],[-99.06008,19.46854]]]}},{"id":"1239","type":"Feature","properties":{"CVEGEO":"0900500012023"},"geometry":{"type":"Polygon","coordinates":[[[-99.05914,19.46894],[-99.06008,19.46854],[-99.06156,19.47185],[-99.06489,19.47498],[-99.06248,19.47664],[-99.05914,19.46894]]]}},{"id":"1240","type":"Feature","properties":{"CVEGEO":"0900500010756"},"geometry":{"type":"Polygon","coordinates":[[[-99.12037,19.49224],[-99.12456,19.49879],[-99.12131,19.50246],[-99.1173,19.50169],[-99.11843,19.50012],[-99.12037,19.49224]]]}},{"id":"1241","type":"Feature","properties":{"CVEGEO":"0900500010775"},"geometry":{"type":"Polygon","coordinates":[[[-99.11377,19.50003],[-99.11736,19.49536],[-99.11877,19.49549],[-99.11903,19.49443],[-99.11973,19.49455],[-99.11779,19.50109],[-99.11623,19.50043],[-99.11589,19.50153],[-99.11377,19.50003]]]}},{"id":"1242","type":"Feature","properties":{"CVEGEO":"090050001078A"},"geometry":{"type":"Polygon","coordinates":[[[-99.10849,19.50319],[-99.11046,19.50352],[-99.1116,19.49974],[-99.11283,19.50116],[-99.11377,19.50003],[-99.11589,19.50153],[-99.11623,19.50043],[-99.11771,19.50117],[-99.10971,19.50589],[-99.10849,19.50319]]]}},{"id":"1243","type":"Feature","properties":{"CVEGEO":"0900500011260"},"geometry":{"type":"Polygon","coordinates":[[[-99.12013,19.48686],[-99.11841,19.4858],[-99.11995,19.48188],[-99.12608,19.48324],[-99.12709,19.48201],[-99.12774,19.48243],[-99.12381,19.48721],[-99.12129,19.48611],[-99.12013,19.48686]]]}},{"id":"1244","type":"Feature","properties":{"CVEGEO":"0900500011275"},"geometry":{"type":"Polygon","coordinates":[[[-99.11437,19.48251],[-99.11761,19.48367],[-99.12376,19.46787],[-99.12508,19.46832],[-99.11841,19.4858],[-99.11741,19.48609],[-99.11685,19.48882],[-99.11286,19.48702],[-99.11437,19.48251]]]}},{"id":"1245","type":"Feature","properties":{"CVEGEO":"0900500011129"},"geometry":{"type":"Polygon","coordinates":[[[-99.11741,19.48609],[-99.11841,19.4858],[-99.12013,19.48686],[-99.12092,19.48595],[-99.12381,19.48721],[-99.12037,19.49224],[-99.11685,19.48882],[-99.11741,19.48609]]]}},{"id":"1246","type":"Feature","properties":{"CVEGEO":"0900500011171"},"geometry":{"type":"Polygon","coordinates":[[[-99.09443,19.49385],[-99.09378,19.49539],[-99.09157,19.49461],[-99.09293,19.49126],[-99.09812,19.49274],[-99.10058,19.48989],[-99.10026,19.49407],[-99.09895,19.4963],[-99.09783,19.49585],[-99.09824,19.49528],[-99.09443,19.49385]]]}},{"id":"1247","type":"Feature","properties":{"CVEGEO":"0900500011006"},"geometry":{"type":"Polygon","coordinates":[[[-99.09028,19.49775],[-99.08963,19.49753],[-99.09131,19.49357],[-99.0919,19.49379],[-99.09157,19.49461],[-99.09239,19.49492],[-99.09378,19.49539],[-99.09443,19.49385],[-99.09824,19.49528],[-99.09783,19.49585],[-99.09895,19.4963],[-99.09686,19.49954],[-99.09571,19.49898],[-99.09613,19.49836],[-99.09132,19.49615],[-99.09028,19.49775]]]}},{"id":"1248","type":"Feature","properties":{"CVEGEO":"0900500011307"},"geometry":{"type":"Polygon","coordinates":[[[-99.09412,19.48691],[-99.10007,19.48911],[-99.10105,19.48681],[-99.1025,19.48741],[-99.09812,19.49274],[-99.09293,19.49126],[-99.0919,19.49379],[-99.09131,19.49357],[-99.09412,19.48691]]]}},{"id":"1249","type":"Feature","properties":{"CVEGEO":"0900500011504"},"geometry":{"type":"Polygon","coordinates":[[[-99.08917,19.48776],[-99.08793,19.48733],[-99.08895,19.48462],[-99.09419,19.48675],[-99.09345,19.48851],[-99.08973,19.48723],[-99.08917,19.48776]]]}},{"id":"1250","type":"Feature","properties":{"CVEGEO":"0900500012907"},"geometry":{"type":"Polygon","coordinates":[[[-99.0914,19.48386],[-99.09355,19.48415],[-99.09397,19.48317],[-99.09576,19.48384],[-99.09541,19.48469],[-99.10105,19.48681],[-99.10007,19.48911],[-99.09082,19.48538],[-99.0914,19.48386]]]}},{"id":"1251","type":"Feature","properties":{"CVEGEO":"0900500011665"},"geometry":{"type":"Polygon","coordinates":[[[-99.08931,19.47946],[-99.08795,19.48314],[-99.08355,19.48131],[-99.08394,19.47866],[-99.08931,19.47946]]]}},{"id":"1252","type":"Feature","properties":{"CVEGEO":"0900500013337"},"geometry":{"type":"Polygon","coordinates":[[[-99.08864,19.4813],[-99.09012,19.48155],[-99.08731,19.48896],[-99.08593,19.48849],[-99.08864,19.4813]]]}},{"id":"1253","type":"Feature","properties":{"CVEGEO":"0900500013445"},"geometry":{"type":"Polygon","coordinates":[[[-99.12205,19.57053],[-99.12722,19.57137],[-99.12827,19.57093],[-99.12852,19.56985],[-99.13143,19.57025],[-99.13137,19.56947],[-99.13204,19.56968],[-99.1307,19.57315],[-99.12751,19.57533],[-99.12327,19.57459],[-99.12201,19.57302],[-99.12205,19.57053]]]}},{"id":"1254","type":"Feature","properties":{"CVEGEO":"0900500013233"},"geometry":{"type":"Polygon","coordinates":[[[-99.12852,19.56985],[-99.12801,19.56684],[-99.12908,19.56344],[-99.13146,19.56382],[-99.13227,19.56561],[-99.13143,19.57025],[-99.12852,19.56985]]]}},{"id":"1255","type":"Feature","properties":{"CVEGEO":"0900500012729"},"geometry":{"type":"Polygon","coordinates":[[[-99.13166,19.56848],[-99.13227,19.56561],[-99.13146,19.56382],[-99.13377,19.55987],[-99.13593,19.56159],[-99.1324,19.56865],[-99.13166,19.56848]]]}},{"id":"1256","type":"Feature","properties":{"CVEGEO":"0900500013430"},"geometry":{"type":"Polygon","coordinates":[[[-99.11239,19.57124],[-99.11379,19.57171],[-99.11595,19.57423],[-99.11701,19.57431],[-99.12315,19.57885],[-99.12381,19.57764],[-99.12186,19.57657],[-99.12201,19.57302],[-99.12327,19.57459],[-99.12751,19.57533],[-99.13158,19.57192],[-99.13007,19.57924],[-99.13213,19.57931],[-99.13379,19.58163],[-99.13376,19.58624],[-99.12699,19.58851],[-99.12371,19.59276],[-99.11946,19.59199],[-99.11789,19.59059],[-99.1186,19.58446],[-99.11691,19.58144],[-99.11466,19.5798],[-99.11239,19.57124]]]}},{"id":"1257","type":"Feature","properties":{"CVEGEO":"0900500013074"},"geometry":{"type":"Polygon","coordinates":[[[-99.0853,19.46925],[-99.08501,19.46891],[-99.08869,19.47036],[-99.08823,19.47243],[-99.08764,19.47309],[-99.0853,19.46925]]]}},{"id":"1258","type":"Feature","properties":{"CVEGEO":"0900500012127"},"geometry":{"type":"Polygon","coordinates":[[[-99.0862,19.46507],[-99.09055,19.46564],[-99.09549,19.4674],[-99.09337,19.4725],[-99.08783,19.46996],[-99.08825,19.46855],[-99.08546,19.46769],[-99.0862,19.46507]]]}},{"id":"1259","type":"Feature","properties":{"CVEGEO":"0900500012131"},"geometry":{"type":"Polygon","coordinates":[[[-99.08299,19.46772],[-99.08029,19.46715],[-99.08077,19.46381],[-99.0862,19.46507],[-99.08546,19.46769],[-99.08825,19.46855],[-99.08815,19.46899],[-99.08783,19.46996],[-99.08299,19.46772]]]}},{"id":"1260","type":"Feature","properties":{"CVEGEO":"0900500013360"},"geometry":{"type":"Polygon","coordinates":[[[-99.11441,19.51106],[-99.11059,19.51117],[-99.10943,19.51031],[-99.10897,19.51111],[-99.10865,19.51049],[-99.10764,19.51103],[-99.1073,19.50969],[-99.10674,19.51045],[-99.10603,19.50999],[-99.10859,19.50652],[-99.1173,19.50169],[-99.12091,19.50227],[-99.12236,19.50335],[-99.11927,19.50456],[-99.11939,19.5069],[-99.12047,19.50919],[-99.12239,19.51111],[-99.12408,19.5116],[-99.12442,19.51114],[-99.12418,19.51317],[-99.12098,19.51627],[-99.11593,19.51305],[-99.11441,19.51106]]]}},{"id":"1261","type":"Feature","properties":{"CVEGEO":"0900500010012"},"geometry":{"type":"Polygon","coordinates":[[[-99.13166,19.56848],[-99.13245,19.56867],[-99.13349,19.56705],[-99.13459,19.56764],[-99.13441,19.56859],[-99.13655,19.56634],[-99.13877,19.56804],[-99.13697,19.56995],[-99.13619,19.56948],[-99.13522,19.57054],[-99.13369,19.57008],[-99.13342,19.57122],[-99.1317,19.57082],[-99.13166,19.56848]]]}},{"id":"1262","type":"Feature","properties":{"CVEGEO":"0900500010027"},"geometry":{"type":"Polygon","coordinates":[[[-99.13522,19.56352],[-99.13665,19.56413],[-99.13705,19.56334],[-99.13873,19.56413],[-99.13985,19.56342],[-99.1408,19.56619],[-99.13944,19.56833],[-99.13655,19.56634],[-99.13441,19.56859],[-99.13459,19.56764],[-99.13349,19.56705],[-99.13522,19.56352]]]}},{"id":"1263","type":"Feature","properties":{"CVEGEO":"0900500012343"},"geometry":{"type":"Polygon","coordinates":[[[-99.08387,19.44807],[-99.08716,19.44577],[-99.09128,19.44998],[-99.09049,19.45204],[-99.08308,19.44949],[-99.08387,19.44807]]]}},{"id":"1264","type":"Feature","properties":{"CVEGEO":"090050001014A"},"geometry":{"type":"Polygon","coordinates":[[[-99.15383,19.54903],[-99.1533,19.54992],[-99.15111,19.54874],[-99.15292,19.54572],[-99.15938,19.54898],[-99.15731,19.54974],[-99.15683,19.55068],[-99.15383,19.54903]]]}},{"id":"1265","type":"Feature","properties":{"CVEGEO":"0900500012983"},"geometry":{"type":"Polygon","coordinates":[[[-99.14952,19.55814],[-99.15,19.55743],[-99.15155,19.55829],[-99.15731,19.54974],[-99.1609,19.54926],[-99.15809,19.55369],[-99.15757,19.55505],[-99.1581,19.55735],[-99.15614,19.56015],[-99.15281,19.56196],[-99.1509,19.56052],[-99.14952,19.55814]]]}},{"id":"1266","type":"Feature","properties":{"CVEGEO":"0900500010972"},"geometry":{"type":"Polygon","coordinates":[[[-99.11369,19.49434],[-99.11172,19.49391],[-99.11224,19.49345],[-99.11174,19.49323],[-99.11288,19.49262],[-99.11516,19.49285],[-99.11479,19.49329],[-99.11617,19.49432],[-99.117,19.49332],[-99.11893,19.49484],[-99.11877,19.49549],[-99.11745,19.49527],[-99.11575,19.49726],[-99.11345,19.49562],[-99.11369,19.49434]]]}},{"id":"1267","type":"Feature","properties":{"CVEGEO":"0900500010807"},"geometry":{"type":"Polygon","coordinates":[[[-99.10246,19.50493],[-99.10146,19.50418],[-99.10146,19.5025],[-99.09972,19.50178],[-99.10219,19.49872],[-99.10299,19.49908],[-99.10114,19.4961],[-99.1021,19.49401],[-99.10435,19.4947],[-99.10582,19.49255],[-99.11076,19.49298],[-99.11301,19.48975],[-99.11459,19.48859],[-99.11605,19.48915],[-99.1153,19.48921],[-99.11626,19.49055],[-99.11606,19.49139],[-99.11434,19.49249],[-99.111,19.4931],[-99.11063,19.49691],[-99.10849,19.50319],[-99.10912,19.50541],[-99.10882,19.50574],[-99.10687,19.50457],[-99.10246,19.50493]]]}},{"id":"1268","type":"Feature","properties":{"CVEGEO":"0900500010262"},"geometry":{"type":"Polygon","coordinates":[[[-99.1363,19.53066],[-99.13624,19.5301],[-99.13712,19.53005],[-99.13711,19.52783],[-99.14092,19.52709],[-99.14213,19.52895],[-99.14187,19.53109],[-99.13958,19.53051],[-99.13885,19.53131],[-99.1363,19.53066]]]}},{"id":"1269","type":"Feature","properties":{"CVEGEO":"0900500012574"},"geometry":{"type":"Polygon","coordinates":[[[-99.12818,19.52588],[-99.12672,19.5228],[-99.13258,19.52254],[-99.13256,19.52332],[-99.13426,19.52341],[-99.13508,19.52425],[-99.13611,19.52738],[-99.13709,19.52733],[-99.13712,19.53005],[-99.13624,19.5301],[-99.1363,19.53066],[-99.13715,19.53055],[-99.13643,19.53123],[-99.13691,19.53322],[-99.13163,19.53487],[-99.13253,19.53597],[-99.13249,19.53703],[-99.12991,19.53699],[-99.13057,19.53609],[-99.12737,19.53508],[-99.12818,19.52588]]]}},{"id":"1270","type":"Feature","properties":{"CVEGEO":"0900500012875"},"geometry":{"type":"Polygon","coordinates":[[[-99.13341,19.50775],[-99.13578,19.50571],[-99.1401,19.51011],[-99.14024,19.51194],[-99.13341,19.50775]]]}},{"id":"1271","type":"Feature","properties":{"CVEGEO":"0900500013125"},"geometry":{"type":"Polygon","coordinates":[[[-99.13432,19.50423],[-99.13578,19.50571],[-99.13341,19.50775],[-99.13158,19.50667],[-99.13432,19.50423]]]}},{"id":"1272","type":"Feature","properties":{"CVEGEO":"0900500013356"},"geometry":{"type":"Polygon","coordinates":[[[-99.12098,19.51627],[-99.12418,19.51317],[-99.12442,19.51114],[-99.12979,19.50582],[-99.13528,19.50896],[-99.13374,19.51135],[-99.13242,19.50979],[-99.12991,19.51424],[-99.12726,19.51729],[-99.12642,19.51666],[-99.1252,19.51813],[-99.1267,19.51905],[-99.12436,19.5196],[-99.12098,19.51627]]]}},{"id":"1273","type":"Feature","properties":{"CVEGEO":"0900500012998"},"geometry":{"type":"Polygon","coordinates":[[[-99.12322,19.54601],[-99.12419,19.54405],[-99.12727,19.54492],[-99.12857,19.54639],[-99.12773,19.54771],[-99.12691,19.54657],[-99.12438,19.54915],[-99.12322,19.54601]]]}},{"id":"1274","type":"Feature","properties":{"CVEGEO":"0900500013229"},"geometry":{"type":"Polygon","coordinates":[[[-99.12044,19.54985],[-99.12337,19.54484],[-99.12362,19.54809],[-99.12419,19.54913],[-99.12498,19.54898],[-99.12449,19.55164],[-99.1232,19.55081],[-99.12322,19.54991],[-99.12044,19.54985]]]}},{"id":"1275","type":"Feature","properties":{"CVEGEO":"0900500013267"},"geometry":{"type":"Polygon","coordinates":[[[-99.14149,19.56035],[-99.14138,19.55882],[-99.14446,19.55811],[-99.14379,19.55901],[-99.14513,19.5604],[-99.1422,19.56186],[-99.14266,19.56264],[-99.14205,19.56293],[-99.14067,19.56218],[-99.14035,19.56056],[-99.14149,19.56035]]]}},{"id":"1276","type":"Feature","properties":{"CVEGEO":"0900500013286"},"geometry":{"type":"Polygon","coordinates":[[[-99.14701,19.55676],[-99.1465,19.55656],[-99.14695,19.55579],[-99.14846,19.5566],[-99.14681,19.5596],[-99.14513,19.5604],[-99.14379,19.55901],[-99.14701,19.55676]]]}},{"id":"1277","type":"Feature","properties":{"CVEGEO":"0900500012610"},"geometry":{"type":"Polygon","coordinates":[[[-99.12336,19.55972],[-99.12482,19.55789],[-99.12452,19.55685],[-99.12301,19.55684],[-99.1232,19.5549],[-99.13008,19.55797],[-99.12861,19.56075],[-99.12613,19.56077],[-99.12336,19.55972]]]}},{"id":"1278","type":"Feature","properties":{"CVEGEO":"0900500013017"},"geometry":{"type":"Polygon","coordinates":[[[-99.11485,19.5576],[-99.11572,19.55666],[-99.11562,19.55404],[-99.11848,19.55219],[-99.12044,19.54985],[-99.12175,19.5502],[-99.12324,19.54956],[-99.1232,19.55081],[-99.1256,19.55315],[-99.12468,19.55362],[-99.1236,19.55311],[-99.12302,19.55396],[-99.12301,19.55684],[-99.12452,19.55685],[-99.12459,19.55848],[-99.12292,19.56017],[-99.12081,19.56075],[-99.12182,19.55952],[-99.11787,19.55704],[-99.11485,19.5576]]]}},{"id":"1279","type":"Feature","properties":{"CVEGEO":"0900500010563"},"geometry":{"type":"Polygon","coordinates":[[[-99.12642,19.51666],[-99.12726,19.51729],[-99.13072,19.51279],[-99.13201,19.51351],[-99.13248,19.51827],[-99.1267,19.51905],[-99.1252,19.51813],[-99.12642,19.51666]]]}},{"id":"1280","type":"Feature","properties":{"CVEGEO":"0900500011167"},"geometry":{"type":"Polygon","coordinates":[[[-99.10089,19.49594],[-99.09989,19.49739],[-99.09868,19.4967],[-99.10026,19.49407],[-99.10062,19.48941],[-99.10185,19.48993],[-99.10247,19.49197],[-99.10249,19.49405],[-99.10113,19.49601],[-99.10305,19.49858],[-99.10295,19.49916],[-99.10089,19.49594]]]}},{"id":"1281","type":"Feature","properties":{"CVEGEO":"0900500011152"},"geometry":{"type":"Polygon","coordinates":[[[-99.10249,19.49405],[-99.10185,19.48993],[-99.10438,19.48924],[-99.10508,19.49179],[-99.10653,19.492],[-99.10667,19.49275],[-99.10582,19.49255],[-99.10442,19.49466],[-99.10249,19.49405]]]}},{"id":"1282","type":"Feature","properties":{"CVEGEO":"0900500011650"},"geometry":{"type":"Polygon","coordinates":[[[-99.09514,19.46789],[-99.09558,19.46743],[-99.09608,19.46765],[-99.09428,19.47259],[-99.09952,19.47497],[-99.09782,19.47898],[-99.09181,19.47659],[-99.09514,19.46789]]]}},{"id":"1283","type":"Feature","properties":{"CVEGEO":"0900500011896"},"geometry":{"type":"Polygon","coordinates":[[[-99.09608,19.46765],[-99.10146,19.47037],[-99.09952,19.47497],[-99.09435,19.47262],[-99.09608,19.46765]]]}},{"id":"1284","type":"Feature","properties":{"CVEGEO":"0900500012042"},"geometry":{"type":"Polygon","coordinates":[[[-99.05849,19.46401],[-99.05774,19.46584],[-99.05594,19.46181],[-99.0586,19.46257],[-99.05886,19.46332],[-99.06591,19.46473],[-99.06445,19.46849],[-99.06369,19.46866],[-99.05849,19.46401]]]}},{"id":"1285","type":"Feature","properties":{"CVEGEO":"0900500012165"},"geometry":{"type":"Polygon","coordinates":[[[-99.07573,19.46692],[-99.05861,19.46324],[-99.0586,19.46257],[-99.05594,19.46181],[-99.05467,19.45884],[-99.06132,19.45638],[-99.06255,19.46125],[-99.06594,19.46037],[-99.08387,19.44807],[-99.08042,19.45683],[-99.08721,19.46066],[-99.08672,19.4645],[-99.08731,19.46521],[-99.08077,19.46381],[-99.08029,19.46715],[-99.07573,19.46692]]]}},{"id":"1286","type":"Feature","properties":{"CVEGEO":"0900500010987"},"geometry":{"type":"Polygon","coordinates":[[[-99.11211,19.49804],[-99.11074,19.49772],[-99.1104,19.49874],[-99.10987,19.49858],[-99.111,19.4931],[-99.11224,19.49345],[-99.11172,19.49391],[-99.11369,19.49434],[-99.11345,19.49562],[-99.11594,19.49741],[-99.11283,19.50116],[-99.1116,19.49974],[-99.11211,19.49804]]]}},{"id":"1287","type":"Feature","properties":{"CVEGEO":"0901600010020"},"geometry":{"type":"Polygon","coordinates":[[[-99.19293,19.46506],[-99.19056,19.46304],[-99.19076,19.46138],[-99.19263,19.46363],[-99.19664,19.46484],[-99.19723,19.46326],[-99.19786,19.4634],[-99.19834,19.46141],[-99.20212,19.4611],[-99.20165,19.46295],[-99.2085,19.46528],[-99.20903,19.46474],[-99.21087,19.46516],[-99.21263,19.46245],[-99.21354,19.46292],[-99.21154,19.46799],[-99.20886,19.47008],[-99.19293,19.46506]]]}},{"id":"1288","type":"Feature","properties":{"CVEGEO":"0901600010798"},"geometry":{"type":"Polygon","coordinates":[[[-99.17506,19.42304],[-99.17833,19.41811],[-99.17901,19.41969],[-99.18044,19.41663],[-99.1858,19.41498],[-99.19383,19.41085],[-99.19341,19.41447],[-99.19536,19.41835],[-99.19555,19.42069],[-99.19705,19.42238],[-99.19928,19.42323],[-99.20214,19.4269],[-99.20109,19.42711],[-99.20317,19.42789],[-99.20265,19.42951],[-99.19734,19.42653],[-99.19182,19.42571],[-99.18267,19.42965],[-99.1811,19.4281],[-99.1799,19.42836],[-99.17806,19.42366],[-99.17506,19.42304]]]}},{"id":"1289","type":"Feature","properties":{"CVEGEO":"0901600010891"},"geometry":{"type":"Polygon","coordinates":[[[-99.18162,19.41236],[-99.18715,19.41424],[-99.18044,19.41663],[-99.17901,19.41969],[-99.17833,19.41811],[-99.18162,19.41236]]]}},{"id":"1290","type":"Feature","properties":{"CVEGEO":"090160001068A"},"geometry":{"type":"Polygon","coordinates":[[[-99.18209,19.43631],[-99.17944,19.42917],[-99.17854,19.42952],[-99.17666,19.42518],[-99.17764,19.4236],[-99.1799,19.42836],[-99.18124,19.42818],[-99.18267,19.42965],[-99.18256,19.43134],[-99.18415,19.43137],[-99.18481,19.43531],[-99.18405,19.43529],[-99.18376,19.43703],[-99.18455,19.4376],[-99.18209,19.43631]]]}},{"id":"1291","type":"Feature","properties":{"CVEGEO":"0901600010302"},"geometry":{"type":"Polygon","coordinates":[[[-99.21852,19.45305],[-99.2168,19.44984],[-99.21708,19.44855],[-99.22012,19.449],[-99.21997,19.45288],[-99.21852,19.45305]]]}},{"id":"1292","type":"Feature","properties":{"CVEGEO":"0901600010694"},"geometry":{"type":"Polygon","coordinates":[[[-99.17761,19.4296],[-99.17944,19.42917],[-99.18224,19.43626],[-99.17728,19.43223],[-99.17761,19.4296]]]}},{"id":"1293","type":"Feature","properties":{"CVEGEO":"0901600010016"},"geometry":{"type":"Polygon","coordinates":[[[-99.19044,19.47046],[-99.19056,19.46304],[-99.19293,19.46506],[-99.20717,19.46957],[-99.20682,19.47122],[-99.20233,19.47301],[-99.20068,19.47335],[-99.19044,19.47046]]]}},{"id":"1294","type":"Feature","properties":{"CVEGEO":"0901600010800"},"geometry":{"type":"Polygon","coordinates":[[[-99.22355,19.42962],[-99.22651,19.43107],[-99.22203,19.43476],[-99.22029,19.43346],[-99.21944,19.43182],[-99.22355,19.42962]]]}},{"id":"1295","type":"Feature","properties":{"CVEGEO":"0901600010073"},"geometry":{"type":"Polygon","coordinates":[[[-99.16371,19.45643],[-99.16382,19.45582],[-99.16588,19.45616],[-99.1664,19.45232],[-99.16737,19.45643],[-99.1683,19.45661],[-99.17002,19.45465],[-99.17145,19.45498],[-99.17111,19.45763],[-99.16371,19.45643]]]}},{"id":"1296","type":"Feature","properties":{"CVEGEO":"0901600010213"},"geometry":{"type":"Polygon","coordinates":[[[-99.16572,19.44382],[-99.16742,19.44036],[-99.17043,19.44202],[-99.16851,19.4452],[-99.16719,19.44443],[-99.16642,19.45214],[-99.16427,19.45185],[-99.16572,19.44382]]]}},{"id":"1297","type":"Feature","properties":{"CVEGEO":"0901600010228"},"geometry":{"type":"Polygon","coordinates":[[[-99.21698,19.45407],[-99.21625,19.45343],[-99.21273,19.45365],[-99.21243,19.45174],[-99.21294,19.45094],[-99.21578,19.45306],[-99.21608,19.4506],[-99.2168,19.44984],[-99.21852,19.45305],[-99.21698,19.45407]]]}},{"id":"1298","type":"Feature","properties":{"CVEGEO":"0901600010054"},"geometry":{"type":"Polygon","coordinates":[[[-99.17776,19.45872],[-99.17774,19.45828],[-99.17929,19.4558],[-99.18282,19.45807],[-99.19184,19.45965],[-99.19034,19.46246],[-99.19073,19.46467],[-99.188,19.46381],[-99.18848,19.46078],[-99.17776,19.45872]]]}},{"id":"1299","type":"Feature","properties":{"CVEGEO":"0901600010069"},"geometry":{"type":"Polygon","coordinates":[[[-99.17111,19.45763],[-99.17402,19.45595],[-99.17339,19.45471],[-99.1754,19.45437],[-99.17419,19.45282],[-99.17475,19.45236],[-99.17929,19.4558],[-99.17783,19.45833],[-99.17111,19.45763]]]}},{"id":"1300","type":"Feature","properties":{"CVEGEO":"0901600010092"},"geometry":{"type":"Polygon","coordinates":[[[-99.21141,19.46009],[-99.21015,19.45858],[-99.20993,19.45561],[-99.21164,19.45547],[-99.21517,19.45654],[-99.21263,19.46245],[-99.21124,19.46125],[-99.21141,19.46009]]]}},{"id":"1301","type":"Feature","properties":{"CVEGEO":"0901600010232"},"geometry":{"type":"Polygon","coordinates":[[[-99.20993,19.45561],[-99.21036,19.45292],[-99.20472,19.45145],[-99.20459,19.44896],[-99.2059,19.44791],[-99.21294,19.45094],[-99.21232,19.45351],[-99.21625,19.45343],[-99.21698,19.45407],[-99.21517,19.45654],[-99.2114,19.45544],[-99.20993,19.45561]]]}},{"id":"1302","type":"Feature","properties":{"CVEGEO":"0901600010711"},"geometry":{"type":"Polygon","coordinates":[[[-99.17378,19.42955],[-99.17666,19.42518],[-99.17854,19.42952],[-99.17761,19.4296],[-99.1777,19.43214],[-99.1738,19.43313],[-99.17244,19.43238],[-99.17378,19.42955]]]}},{"id":"1303","type":"Feature","properties":{"CVEGEO":"0901600010853"},"geometry":{"type":"Polygon","coordinates":[[[-99.22396,19.42527],[-99.22477,19.42507],[-99.22516,19.4236],[-99.22599,19.42337],[-99.22668,19.42159],[-99.22793,19.42146],[-99.22771,19.42256],[-99.22837,19.42112],[-99.2301,19.42183],[-99.2268,19.42454],[-99.22546,19.42659],[-99.22447,19.42708],[-99.22325,19.42656],[-99.22396,19.42527]]]}},{"id":"1304","type":"Feature","properties":{"CVEGEO":"0901600011029"},"geometry":{"type":"Polygon","coordinates":[[[-99.18474,19.40986],[-99.18585,19.4103],[-99.18551,19.4113],[-99.18646,19.41163],[-99.18684,19.41067],[-99.18786,19.41098],[-99.18745,19.41198],[-99.18983,19.41285],[-99.18715,19.41424],[-99.18162,19.41236],[-99.18355,19.40932],[-99.18501,19.4093],[-99.18474,19.40986]]]}},{"id":"1305","type":"Feature","properties":{"CVEGEO":"090160001118A"},"geometry":{"type":"Polygon","coordinates":[[[-99.17347,19.40421],[-99.17461,19.40115],[-99.18162,19.40335],[-99.18323,19.40326],[-99.18299,19.40583],[-99.18442,19.40627],[-99.1843,19.40783],[-99.17347,19.40421]]]}},{"id":"1306","type":"Feature","properties":{"CVEGEO":"0901600011211"},"geometry":{"type":"Polygon","coordinates":[[[-99.17553,19.39809],[-99.18531,19.39593],[-99.18496,19.39983],[-99.17736,19.39928],[-99.17553,19.39809]]]}},{"id":"1307","type":"Feature","properties":{"CVEGEO":"0901600011226"},"geometry":{"type":"Polygon","coordinates":[[[-99.17044,19.39979],[-99.17553,19.39809],[-99.17347,19.40421],[-99.17108,19.4035],[-99.17044,19.39979]]]}},{"id":"1308","type":"Feature","properties":{"CVEGEO":"0901600011071"},"geometry":{"type":"Polygon","coordinates":[[[-99.2049,19.41693],[-99.20622,19.4166],[-99.20717,19.41522],[-99.20806,19.41605],[-99.20979,19.41497],[-99.21004,19.41032],[-99.20936,19.40947],[-99.21036,19.40817],[-99.21013,19.40676],[-99.21366,19.40338],[-99.21353,19.40099],[-99.21267,19.39976],[-99.22499,19.39563],[-99.22239,19.40062],[-99.21712,19.404],[-99.22027,19.40335],[-99.22039,19.4051],[-99.22161,19.40453],[-99.22291,19.40496],[-99.21838,19.4088],[-99.21578,19.4088],[-99.21529,19.40812],[-99.21478,19.40858],[-99.21377,19.4079],[-99.21062,19.40976],[-99.21056,19.41354],[-99.21195,19.41419],[-99.21206,19.41504],[-99.2085,19.41726],[-99.20718,19.41939],[-99.2048,19.41801],[-99.2049,19.41693]]]}},{"id":"1309","type":"Feature","properties":{"CVEGEO":"0901600011090"},"geometry":{"type":"Polygon","coordinates":[[[-99.21045,19.40044],[-99.21267,19.39976],[-99.20291,19.4059],[-99.20234,19.40512],[-99.20334,19.40507],[-99.20308,19.40143],[-99.21045,19.40044]]]}},{"id":"1310","type":"Feature","properties":{"CVEGEO":"0901600011103"},"geometry":{"type":"Polygon","coordinates":[[[-99.20308,19.40143],[-99.20334,19.40507],[-99.20234,19.40512],[-99.20291,19.4059],[-99.20086,19.40705],[-99.20073,19.40255],[-99.20155,19.40165],[-99.20308,19.40143]]]}},{"id":"1311","type":"Feature","properties":{"CVEGEO":"0901600011118"},"geometry":{"type":"Polygon","coordinates":[[[-99.19671,19.40319],[-99.20155,19.40165],[-99.20073,19.40255],[-99.20086,19.40705],[-99.19722,19.40903],[-99.19671,19.40319]]]}},{"id":"1312","type":"Feature","properties":{"CVEGEO":"0901600011137"},"geometry":{"type":"Polygon","coordinates":[[[-99.1922,19.40374],[-99.19671,19.40319],[-99.19716,19.4066],[-99.19332,19.40735],[-99.19216,19.4062],[-99.1922,19.40374]]]}},{"id":"1313","type":"Feature","properties":{"CVEGEO":"0901600011156"},"geometry":{"type":"Polygon","coordinates":[[[-99.18775,19.40386],[-99.18933,19.40388],[-99.18943,19.40231],[-99.18721,19.40228],[-99.1888,19.39959],[-99.18813,19.39962],[-99.1878,19.39836],[-99.18506,19.39851],[-99.18531,19.39593],[-99.18638,19.39565],[-99.18906,19.39559],[-99.19061,19.39932],[-99.19232,19.40139],[-99.19206,19.40783],[-99.19002,19.40849],[-99.18775,19.40386]]]}},{"id":"1314","type":"Feature","properties":{"CVEGEO":"0901600011230"},"geometry":{"type":"Polygon","coordinates":[[[-99.24221,19.40591],[-99.24417,19.4087],[-99.24562,19.40602],[-99.24616,19.40601],[-99.24591,19.40751],[-99.24649,19.40822],[-99.24783,19.40716],[-99.24753,19.40881],[-99.23991,19.41219],[-99.23894,19.41145],[-99.2388,19.40891],[-99.24221,19.40591]]]}},{"id":"1315","type":"Feature","properties":{"CVEGEO":"090160001125A"},"geometry":{"type":"Polygon","coordinates":[[[-99.24649,19.40822],[-99.24591,19.40751],[-99.24616,19.40601],[-99.24562,19.40602],[-99.24417,19.4087],[-99.24221,19.40591],[-99.24638,19.40145],[-99.24855,19.40324],[-99.24796,19.40414],[-99.24887,19.40579],[-99.2496,19.40505],[-99.24924,19.40422],[-99.25027,19.40149],[-99.2517,19.40425],[-99.25304,19.40313],[-99.25401,19.40312],[-99.25472,19.40181],[-99.25504,19.40355],[-99.25453,19.40428],[-99.25349,19.40428],[-99.25372,19.40501],[-99.25284,19.40574],[-99.24753,19.40881],[-99.24783,19.40716],[-99.24649,19.40822]]]}},{"id":"1316","type":"Feature","properties":{"CVEGEO":"0901600011283"},"geometry":{"type":"Polygon","coordinates":[[[-99.22147,19.40582],[-99.22287,19.4046],[-99.22039,19.4051],[-99.22031,19.40336],[-99.21712,19.404],[-99.22239,19.40062],[-99.22499,19.39563],[-99.22735,19.3958],[-99.23784,19.39349],[-99.23892,19.39267],[-99.239,19.39106],[-99.23949,19.39472],[-99.23452,19.39902],[-99.2287,19.40564],[-99.22744,19.40497],[-99.22687,19.40557],[-99.22492,19.40537],[-99.22236,19.40632],[-99.22147,19.40582]]]}},{"id":"1317","type":"Feature","properties":{"CVEGEO":"0901600011298"},"geometry":{"type":"Polygon","coordinates":[[[-99.25009,19.39773],[-99.25585,19.39593],[-99.25925,19.3926],[-99.25963,19.39431],[-99.25568,19.39726],[-99.25523,19.40151],[-99.25581,19.40357],[-99.25486,19.40455],[-99.25344,19.40484],[-99.25504,19.40355],[-99.25472,19.40181],[-99.25401,19.40312],[-99.25304,19.40313],[-99.2517,19.40425],[-99.25039,19.40146],[-99.24924,19.40422],[-99.2496,19.40505],[-99.24879,19.40577],[-99.24796,19.40414],[-99.24855,19.40324],[-99.24638,19.40145],[-99.25009,19.39773]]]}},{"id":"1318","type":"Feature","properties":{"CVEGEO":"0901600010088"},"geometry":{"type":"Polygon","coordinates":[[[-99.16427,19.45185],[-99.16642,19.45214],[-99.16719,19.44443],[-99.16942,19.44577],[-99.17121,19.4484],[-99.16721,19.45039],[-99.17177,19.45125],[-99.17147,19.45284],[-99.17415,19.45278],[-99.1754,19.45437],[-99.17339,19.45471],[-99.17402,19.45595],[-99.17118,19.45716],[-99.17145,19.45498],[-99.17002,19.45465],[-99.1683,19.45661],[-99.16737,19.45643],[-99.1664,19.45232],[-99.16588,19.45616],[-99.16382,19.45582],[-99.16427,19.45185]]]}},{"id":"1319","type":"Feature","properties":{"CVEGEO":"0901600010815"},"geometry":{"type":"Polygon","coordinates":[[[-99.21934,19.42935],[-99.21576,19.43099],[-99.21533,19.43052],[-99.21802,19.42798],[-99.21927,19.42735],[-99.22016,19.42798],[-99.22227,19.42702],[-99.22332,19.43017],[-99.21971,19.43145],[-99.21934,19.42935]]]}},{"id":"1320","type":"Feature","properties":{"CVEGEO":"0901600010868"},"geometry":{"type":"Polygon","coordinates":[[[-99.21631,19.42753],[-99.21698,19.42699],[-99.21734,19.42491],[-99.21921,19.42556],[-99.22063,19.42332],[-99.22212,19.42265],[-99.22516,19.4236],[-99.22477,19.42507],[-99.22396,19.42527],[-99.22325,19.42656],[-99.22016,19.42798],[-99.21927,19.42735],[-99.21695,19.42854],[-99.21631,19.42753]]]}},{"id":"1321","type":"Feature","properties":{"CVEGEO":"0901600010529"},"geometry":{"type":"Polygon","coordinates":[[[-99.21416,19.43889],[-99.21823,19.43933],[-99.2159,19.44208],[-99.21416,19.43889]]]}},{"id":"1322","type":"Feature","properties":{"CVEGEO":"090160001100A"},"geometry":{"type":"Polygon","coordinates":[[[-99.2044,19.42243],[-99.20544,19.42184],[-99.20731,19.42261],[-99.20624,19.42346],[-99.2044,19.42243]]]}},{"id":"1323","type":"Feature","properties":{"CVEGEO":"0901600010143"},"geometry":{"type":"Polygon","coordinates":[[[-99.19009,19.45295],[-99.19692,19.45447],[-99.19252,19.45752],[-99.18996,19.45694],[-99.19061,19.45432],[-99.1897,19.45409],[-99.19009,19.45295]]]}},{"id":"1324","type":"Feature","properties":{"CVEGEO":"0901600010887"},"geometry":{"type":"Polygon","coordinates":[[[-99.21377,19.42578],[-99.21471,19.42671],[-99.20991,19.42811],[-99.20781,19.4278],[-99.21377,19.42578]]]}},{"id":"1325","type":"Feature","properties":{"CVEGEO":"0901600010425"},"geometry":{"type":"Polygon","coordinates":[[[-99.21259,19.44449],[-99.2175,19.4447],[-99.21739,19.44572],[-99.21278,19.44767],[-99.21259,19.44449]]]}},{"id":"1326","type":"Feature","properties":{"CVEGEO":"0901600010764"},"geometry":{"type":"Polygon","coordinates":[[[-99.1958,19.43159],[-99.19603,19.42974],[-99.19792,19.43002],[-99.19755,19.43174],[-99.1958,19.43159]]]}},{"id":"1327","type":"Feature","properties":{"CVEGEO":"0901600010139"},"geometry":{"type":"Polygon","coordinates":[[[-99.19692,19.45447],[-99.19751,19.45463],[-99.19613,19.45908],[-99.1901,19.45956],[-99.19692,19.45447]]]}},{"id":"1328","type":"Feature","properties":{"CVEGEO":"0901600010158"},"geometry":{"type":"Polygon","coordinates":[[[-99.18563,19.4587],[-99.18735,19.45425],[-99.18662,19.45341],[-99.19061,19.45432],[-99.18996,19.45694],[-99.19252,19.45752],[-99.18965,19.45954],[-99.18563,19.4587]]]}},{"id":"1329","type":"Feature","properties":{"CVEGEO":"0901600010196"},"geometry":{"type":"Polygon","coordinates":[[[-99.17144,19.44875],[-99.17748,19.45017],[-99.17475,19.45236],[-99.17144,19.44875]]]}},{"id":"1330","type":"Feature","properties":{"CVEGEO":"0901600010478"},"geometry":{"type":"Polygon","coordinates":[[[-99.18358,19.43953],[-99.18485,19.43899],[-99.18962,19.43961],[-99.19203,19.44227],[-99.18699,19.44274],[-99.18628,19.44404],[-99.18523,19.44388],[-99.18266,19.44598],[-99.18358,19.43953]]]}},{"id":"1331","type":"Feature","properties":{"CVEGEO":"0901600010548"},"geometry":{"type":"Polygon","coordinates":[[[-99.20781,19.43864],[-99.20994,19.4387],[-99.20983,19.44114],[-99.21163,19.44182],[-99.21133,19.44462],[-99.2106,19.44511],[-99.21021,19.44439],[-99.20756,19.44428],[-99.20781,19.43864]]]}},{"id":"1332","type":"Feature","properties":{"CVEGEO":"0901600010482"},"geometry":{"type":"Polygon","coordinates":[[[-99.18135,19.44702],[-99.17604,19.44073],[-99.17938,19.43606],[-99.17938,19.43862],[-99.18356,19.43968],[-99.18271,19.44545],[-99.18135,19.44702]]]}},{"id":"1333","type":"Feature","properties":{"CVEGEO":"0901600010533"},"geometry":{"type":"Polygon","coordinates":[[[-99.20983,19.44114],[-99.20994,19.4387],[-99.21416,19.43889],[-99.2159,19.44208],[-99.20983,19.44114]]]}},{"id":"1334","type":"Feature","properties":{"CVEGEO":"0901600010035"},"geometry":{"type":"Polygon","coordinates":[[[-99.20165,19.46295],[-99.20212,19.4611],[-99.19834,19.46141],[-99.19877,19.45856],[-99.20153,19.45819],[-99.21014,19.46067],[-99.21263,19.46245],[-99.21087,19.46516],[-99.20903,19.46474],[-99.20825,19.4652],[-99.20165,19.46295]]]}},{"id":"1335","type":"Feature","properties":{"CVEGEO":"0901600010270"},"geometry":{"type":"Polygon","coordinates":[[[-99.18572,19.44782],[-99.19118,19.44838],[-99.1897,19.45409],[-99.18662,19.45341],[-99.18519,19.45162],[-99.18572,19.44782]]]}},{"id":"1336","type":"Feature","properties":{"CVEGEO":"0901600010336"},"geometry":{"type":"Polygon","coordinates":[[[-99.21294,19.45094],[-99.21121,19.44997],[-99.21251,19.44809],[-99.21435,19.44769],[-99.21294,19.45094]]]}},{"id":"1337","type":"Feature","properties":{"CVEGEO":"0901600010340"},"geometry":{"type":"Polygon","coordinates":[[[-99.20768,19.44675],[-99.20756,19.44428],[-99.21021,19.44439],[-99.21056,19.44716],[-99.21278,19.44767],[-99.21527,19.44706],[-99.21251,19.44809],[-99.21121,19.44997],[-99.206,19.44782],[-99.20768,19.44675]]]}},{"id":"1338","type":"Feature","properties":{"CVEGEO":"090160001036A"},"geometry":{"type":"Polygon","coordinates":[[[-99.20049,19.44729],[-99.19751,19.44545],[-99.20218,19.44557],[-99.20475,19.4467],[-99.2059,19.44791],[-99.20438,19.44886],[-99.20049,19.44729]]]}},{"id":"1339","type":"Feature","properties":{"CVEGEO":"0901600010374"},"geometry":{"type":"Polygon","coordinates":[[[-99.2004,19.44779],[-99.19963,19.45079],[-99.19472,19.44942],[-99.19527,19.44756],[-99.19722,19.44823],[-99.19784,19.44744],[-99.2004,19.44779]]]}},{"id":"1340","type":"Feature","properties":{"CVEGEO":"0901600010389"},"geometry":{"type":"Polygon","coordinates":[[[-99.19599,19.44534],[-99.19751,19.44545],[-99.20049,19.44729],[-99.2004,19.44779],[-99.19784,19.44744],[-99.19722,19.44823],[-99.19527,19.44756],[-99.19599,19.44534]]]}},{"id":"1341","type":"Feature","properties":{"CVEGEO":"090160001043A"},"geometry":{"type":"Polygon","coordinates":[[[-99.21259,19.44449],[-99.21278,19.44767],[-99.21056,19.44716],[-99.2106,19.44511],[-99.21259,19.44449]]]}},{"id":"1342","type":"Feature","properties":{"CVEGEO":"0901600010444"},"geometry":{"type":"Polygon","coordinates":[[[-99.19919,19.4443],[-99.20063,19.44138],[-99.20129,19.43601],[-99.20244,19.43607],[-99.20235,19.43837],[-99.20781,19.43864],[-99.20768,19.44675],[-99.2059,19.44791],[-99.205,19.44686],[-99.19919,19.4443]]]}},{"id":"1343","type":"Feature","properties":{"CVEGEO":"0901600010603"},"geometry":{"type":"Polygon","coordinates":[[[-99.17938,19.43606],[-99.17803,19.43826],[-99.17346,19.43555],[-99.17239,19.43648],[-99.17336,19.43861],[-99.16968,19.43633],[-99.17244,19.43238],[-99.17938,19.43606]]]}},{"id":"1344","type":"Feature","properties":{"CVEGEO":"0901600010641"},"geometry":{"type":"Polygon","coordinates":[[[-99.20089,19.4383],[-99.19634,19.43811],[-99.1963,19.43442],[-99.19555,19.43386],[-99.19652,19.43333],[-99.19666,19.43167],[-99.20191,19.4321],[-99.20089,19.4383]]]}},{"id":"1345","type":"Feature","properties":{"CVEGEO":"0901600010707"},"geometry":{"type":"Polygon","coordinates":[[[-99.17595,19.43438],[-99.1738,19.43313],[-99.17728,19.43223],[-99.18304,19.43713],[-99.17595,19.43438]]]}},{"id":"1346","type":"Feature","properties":{"CVEGEO":"0901600010745"},"geometry":{"type":"Polygon","coordinates":[[[-99.20008,19.43034],[-99.20037,19.42839],[-99.20494,19.43052],[-99.20434,19.43231],[-99.20191,19.4321],[-99.20008,19.43034]]]}},{"id":"1347","type":"Feature","properties":{"CVEGEO":"090160001075A"},"geometry":{"type":"Polygon","coordinates":[[[-99.19403,19.42871],[-99.19615,19.429],[-99.19651,19.42709],[-99.19741,19.42683],[-99.20037,19.42839],[-99.20008,19.43034],[-99.20191,19.4321],[-99.19755,19.43174],[-99.19792,19.43002],[-99.19386,19.42942],[-99.19403,19.42871]]]}},{"id":"1348","type":"Feature","properties":{"CVEGEO":"0901600010961"},"geometry":{"type":"Polygon","coordinates":[[[-99.20895,19.4248],[-99.20863,19.42343],[-99.20872,19.42269],[-99.2108,19.42216],[-99.21306,19.41669],[-99.2155,19.41531],[-99.21651,19.41612],[-99.21582,19.41775],[-99.21374,19.41849],[-99.2131,19.42047],[-99.21493,19.41999],[-99.21417,19.4235],[-99.20895,19.4248]]]}},{"id":"1349","type":"Feature","properties":{"CVEGEO":"0901600010976"},"geometry":{"type":"Polygon","coordinates":[[[-99.20704,19.42308],[-99.20796,19.42049],[-99.20858,19.4202],[-99.20905,19.42151],[-99.21155,19.4201],[-99.2108,19.42216],[-99.20704,19.42308]]]}},{"id":"1350","type":"Feature","properties":{"CVEGEO":"0901600010980"},"geometry":{"type":"Polygon","coordinates":[[[-99.21292,19.41529],[-99.21361,19.41627],[-99.21332,19.41701],[-99.21155,19.4201],[-99.20905,19.42151],[-99.20776,19.41828],[-99.20911,19.41675],[-99.21292,19.41529]]]}},{"id":"1351","type":"Feature","properties":{"CVEGEO":"0901600010995"},"geometry":{"type":"Polygon","coordinates":[[[-99.20718,19.41939],[-99.20776,19.41828],[-99.20858,19.4202],[-99.20794,19.42052],[-99.20753,19.4225],[-99.20544,19.42184],[-99.2044,19.42243],[-99.20464,19.42297],[-99.20624,19.42346],[-99.20721,19.42267],[-99.20704,19.42308],[-99.20872,19.42269],[-99.20895,19.4248],[-99.20398,19.42747],[-99.2032,19.427],[-99.20255,19.42355],[-99.20306,19.42224],[-99.20249,19.42226],[-99.20324,19.42115],[-99.20383,19.42181],[-99.20488,19.42027],[-99.20251,19.41934],[-99.2048,19.41801],[-99.20718,19.41939]]]}},{"id":"1352","type":"Feature","properties":{"CVEGEO":"0901600011207"},"geometry":{"type":"Polygon","coordinates":[[[-99.17461,19.40115],[-99.17561,19.39833],[-99.17823,19.39954],[-99.18496,19.39983],[-99.18482,19.40137],[-99.18341,19.4014],[-99.18332,19.40326],[-99.18162,19.40335],[-99.17461,19.40115]]]}},{"id":"1353","type":"Feature","properties":{"CVEGEO":"0901600010783"},"geometry":{"type":"Polygon","coordinates":[[[-99.19202,19.42584],[-99.19116,19.4315],[-99.18256,19.43134],[-99.1824,19.42979],[-99.19202,19.42584]]]}},{"id":"1354","type":"Feature","properties":{"CVEGEO":"0901600011122"},"geometry":{"type":"Polygon","coordinates":[[[-99.19716,19.4066],[-99.19722,19.40903],[-99.19383,19.41085],[-99.19412,19.40868],[-99.19332,19.40735],[-99.19716,19.4066]]]}},{"id":"1355","type":"Feature","properties":{"CVEGEO":"0901600010675"},"geometry":{"type":"Polygon","coordinates":[[[-99.18405,19.43529],[-99.18481,19.43531],[-99.18415,19.43137],[-99.19116,19.4315],[-99.18404,19.43722],[-99.18405,19.43529]]]}},{"id":"1356","type":"Feature","properties":{"CVEGEO":"0901600010779"},"geometry":{"type":"Polygon","coordinates":[[[-99.19116,19.4315],[-99.19198,19.42573],[-99.19734,19.42653],[-99.19651,19.42709],[-99.19615,19.429],[-99.19391,19.42874],[-99.19386,19.42942],[-99.19603,19.42974],[-99.1958,19.43159],[-99.19116,19.4315]]]}},{"id":"1357","type":"Feature","properties":{"CVEGEO":"0901600010834"},"geometry":{"type":"Polygon","coordinates":[[[-99.21123,19.42981],[-99.21708,19.4288],[-99.21672,19.4297],[-99.21227,19.43098],[-99.21136,19.43097],[-99.21123,19.42981]]]}},{"id":"1358","type":"Feature","properties":{"CVEGEO":"0901600011349"},"geometry":{"type":"Polygon","coordinates":[[[-99.1918,19.44477],[-99.19599,19.44534],[-99.19397,19.45191],[-99.19057,19.45106],[-99.1918,19.44477]]]}},{"id":"1359","type":"Feature","properties":{"CVEGEO":"0901600010872"},"geometry":{"type":"Polygon","coordinates":[[[-99.21075,19.42793],[-99.21471,19.42671],[-99.21377,19.42578],[-99.21013,19.42668],[-99.20895,19.4248],[-99.21655,19.4229],[-99.21782,19.42148],[-99.21906,19.42187],[-99.21871,19.42355],[-99.21734,19.42491],[-99.21698,19.42699],[-99.21631,19.42753],[-99.21695,19.42854],[-99.21472,19.42956],[-99.21123,19.42981],[-99.21075,19.42793]]]}},{"id":"1360","type":"Feature","properties":{"CVEGEO":"0901600010919"},"geometry":{"type":"Polygon","coordinates":[[[-99.21921,19.42201],[-99.21782,19.42148],[-99.21774,19.41941],[-99.21821,19.41802],[-99.22077,19.41716],[-99.21971,19.41902],[-99.22334,19.41985],[-99.22631,19.42257],[-99.22535,19.42362],[-99.22343,19.42272],[-99.22147,19.42284],[-99.21862,19.42565],[-99.21734,19.42491],[-99.21921,19.42201]]]}},{"id":"1361","type":"Feature","properties":{"CVEGEO":"0901600010251"},"geometry":{"type":"Polygon","coordinates":[[[-99.19692,19.45447],[-99.19342,19.4537],[-99.19472,19.44942],[-99.19963,19.45079],[-99.19948,19.45142],[-99.20093,19.4518],[-99.19692,19.45447]]]}},{"id":"1362","type":"Feature","properties":{"CVEGEO":"090160001132A"},"geometry":{"type":"Polygon","coordinates":[[[-99.20049,19.44729],[-99.20201,19.44785],[-99.20093,19.4518],[-99.19948,19.45142],[-99.20049,19.44729]]]}},{"id":"1363","type":"Feature","properties":{"CVEGEO":"090160001004A"},"geometry":{"type":"Polygon","coordinates":[[[-99.19076,19.46138],[-99.19149,19.45986],[-99.19877,19.45856],[-99.19786,19.4634],[-99.19723,19.46326],[-99.19683,19.4647],[-99.19263,19.46363],[-99.19076,19.46138]]]}},{"id":"1364","type":"Feature","properties":{"CVEGEO":"0901600010957"},"geometry":{"type":"Polygon","coordinates":[[[-99.2157,19.41799],[-99.21493,19.41999],[-99.2131,19.42047],[-99.21374,19.41849],[-99.2157,19.41799]]]}},{"id":"1365","type":"Feature","properties":{"CVEGEO":"0901600010410"},"geometry":{"type":"Polygon","coordinates":[[[-99.2175,19.4447],[-99.21136,19.44446],[-99.21163,19.44182],[-99.2159,19.44208],[-99.21985,19.44536],[-99.22012,19.449],[-99.21708,19.44855],[-99.2175,19.4447]]]}},{"id":"1366","type":"Feature","properties":{"CVEGEO":"0901600010162"},"geometry":{"type":"Polygon","coordinates":[[[-99.18409,19.45163],[-99.18538,19.45187],[-99.18735,19.45425],[-99.18563,19.4587],[-99.18296,19.4581],[-99.18409,19.45163]]]}},{"id":"1367","type":"Feature","properties":{"CVEGEO":"0901600010459"},"geometry":{"type":"Polygon","coordinates":[[[-99.19842,19.44398],[-99.19415,19.44297],[-99.19359,19.44074],[-99.20079,19.44053],[-99.19919,19.4443],[-99.20216,19.44569],[-99.19833,19.44548],[-99.19842,19.44398]]]}},{"id":"1368","type":"Feature","properties":{"CVEGEO":"090160001050A"},"geometry":{"type":"Polygon","coordinates":[[[-99.16968,19.43633],[-99.17275,19.4382],[-99.17247,19.44017],[-99.17176,19.43999],[-99.17107,19.44192],[-99.16742,19.44036],[-99.16968,19.43633]]]}},{"id":"1369","type":"Feature","properties":{"CVEGEO":"0901600010552"},"geometry":{"type":"Polygon","coordinates":[[[-99.20089,19.4383],[-99.20079,19.44053],[-99.19359,19.44074],[-99.1938,19.43812],[-99.20089,19.4383]]]}},{"id":"1370","type":"Feature","properties":{"CVEGEO":"0901600010393"},"geometry":{"type":"Polygon","coordinates":[[[-99.18356,19.44752],[-99.18142,19.44696],[-99.18523,19.44388],[-99.1918,19.44477],[-99.19118,19.44838],[-99.18572,19.44782],[-99.18546,19.44977],[-99.18342,19.44951],[-99.18356,19.44752]]]}},{"id":"1371","type":"Feature","properties":{"CVEGEO":"090160001082A"},"geometry":{"type":"Polygon","coordinates":[[[-99.21934,19.42935],[-99.21971,19.43145],[-99.21682,19.43283],[-99.21576,19.43099],[-99.21934,19.42935]]]}},{"id":"1372","type":"Feature","properties":{"CVEGEO":"0901600010317"},"geometry":{"type":"Polygon","coordinates":[[[-99.21637,19.45078],[-99.21578,19.45306],[-99.21294,19.45094],[-99.21364,19.44947],[-99.21637,19.45078]]]}},{"id":"1373","type":"Feature","properties":{"CVEGEO":"0901600010105"},"geometry":{"type":"Polygon","coordinates":[[[-99.21015,19.45858],[-99.21141,19.46009],[-99.21124,19.46125],[-99.20392,19.45891],[-99.20447,19.4572],[-99.20993,19.45561],[-99.21015,19.45858]]]}},{"id":"1374","type":"Feature","properties":{"CVEGEO":"090160001011A"},"geometry":{"type":"Polygon","coordinates":[[[-99.20487,19.45397],[-99.20471,19.4553],[-99.2054,19.4554],[-99.20392,19.45891],[-99.20083,19.45816],[-99.20189,19.45317],[-99.20487,19.45397]]]}},{"id":"1375","type":"Feature","properties":{"CVEGEO":"0901600010247"},"geometry":{"type":"Polygon","coordinates":[[[-99.19997,19.45259],[-99.20433,19.44886],[-99.20472,19.45145],[-99.21036,19.45292],[-99.20993,19.45561],[-99.20518,19.45699],[-99.20487,19.45397],[-99.19997,19.45259]]]}},{"id":"1376","type":"Feature","properties":{"CVEGEO":"0901600010321"},"geometry":{"type":"Polygon","coordinates":[[[-99.21695,19.4497],[-99.21608,19.4506],[-99.21381,19.44914],[-99.21516,19.44688],[-99.21719,19.44573],[-99.21695,19.4497]]]}},{"id":"1377","type":"Feature","properties":{"CVEGEO":"0901600010586"},"geometry":{"type":"Polygon","coordinates":[[[-99.17975,19.43625],[-99.18345,19.43741],[-99.18356,19.43968],[-99.17938,19.43862],[-99.17975,19.43625]]]}},{"id":"1378","type":"Feature","properties":{"CVEGEO":"0901600010590"},"geometry":{"type":"Polygon","coordinates":[[[-99.17239,19.43648],[-99.17346,19.43555],[-99.17803,19.43826],[-99.17604,19.44057],[-99.17336,19.43861],[-99.17239,19.43648]]]}},{"id":"1379","type":"Feature","properties":{"CVEGEO":"0901600011052"},"geometry":{"type":"Polygon","coordinates":[[[-99.2298,19.40614],[-99.22669,19.40917],[-99.22616,19.4087],[-99.2245,19.41024],[-99.22271,19.41275],[-99.22231,19.41456],[-99.21646,19.41154],[-99.21784,19.41018],[-99.21899,19.41082],[-99.22236,19.40632],[-99.22492,19.40537],[-99.22687,19.40557],[-99.22744,19.40497],[-99.2298,19.40614]]]}},{"id":"1380","type":"Feature","properties":{"CVEGEO":"0901600010923"},"geometry":{"type":"Polygon","coordinates":[[[-99.22302,19.41971],[-99.2211,19.41975],[-99.21971,19.41902],[-99.22077,19.41716],[-99.21821,19.41802],[-99.21992,19.4133],[-99.2228,19.41474],[-99.22682,19.414],[-99.23051,19.41416],[-99.22847,19.41863],[-99.22532,19.42131],[-99.22302,19.41971]]]}},{"id":"1381","type":"Feature","properties":{"CVEGEO":"0901600011048"},"geometry":{"type":"Polygon","coordinates":[[[-99.23222,19.4137],[-99.23221,19.41449],[-99.2296,19.41383],[-99.22229,19.41446],[-99.2245,19.41024],[-99.22616,19.4087],[-99.22669,19.40917],[-99.22922,19.40676],[-99.23055,19.40837],[-99.23005,19.40887],[-99.23084,19.41025],[-99.23042,19.41135],[-99.23103,19.4132],[-99.23222,19.4137]]]}},{"id":"1382","type":"Feature","properties":{"CVEGEO":"0901600011067"},"geometry":{"type":"Polygon","coordinates":[[[-99.21056,19.41354],[-99.21062,19.40976],[-99.21377,19.4079],[-99.21478,19.40858],[-99.21529,19.40812],[-99.21578,19.4088],[-99.21838,19.4088],[-99.22147,19.40582],[-99.22236,19.40632],[-99.21899,19.41082],[-99.21784,19.41018],[-99.21646,19.41154],[-99.21847,19.41254],[-99.21671,19.41435],[-99.21361,19.41627],[-99.21056,19.41354]]]}},{"id":"1383","type":"Feature","properties":{"CVEGEO":"0901600011014"},"geometry":{"type":"Polygon","coordinates":[[[-99.19555,19.42069],[-99.19536,19.41835],[-99.19341,19.41447],[-99.19383,19.41085],[-99.20291,19.4059],[-99.20318,19.41207],[-99.20388,19.41551],[-99.20512,19.41749],[-99.20251,19.41934],[-99.20488,19.42027],[-99.20383,19.42181],[-99.20324,19.42115],[-99.20249,19.42226],[-99.20306,19.42224],[-99.20255,19.42355],[-99.2032,19.427],[-99.20398,19.42747],[-99.20248,19.42788],[-99.20109,19.42711],[-99.20214,19.4269],[-99.19928,19.42323],[-99.19705,19.42238],[-99.19555,19.42069]]]}},{"id":"1384","type":"Feature","properties":{"CVEGEO":"0901600011194"},"geometry":{"type":"Polygon","coordinates":[[[-99.18687,19.40315],[-99.18332,19.40326],[-99.18341,19.4014],[-99.18482,19.40137],[-99.18506,19.39851],[-99.1878,19.39836],[-99.18813,19.39962],[-99.1888,19.39959],[-99.18687,19.40315]]]}},{"id":"1385","type":"Feature","properties":{"CVEGEO":"0901600011086"},"geometry":{"type":"Polygon","coordinates":[[[-99.20388,19.41551],[-99.20318,19.41207],[-99.20291,19.4059],[-99.21267,19.39976],[-99.21353,19.40099],[-99.21366,19.40338],[-99.21013,19.40676],[-99.21036,19.40817],[-99.20936,19.40947],[-99.21004,19.41032],[-99.20979,19.41497],[-99.20806,19.41605],[-99.20717,19.41522],[-99.20622,19.4166],[-99.20484,19.4168],[-99.20388,19.41551]]]}},{"id":"1386","type":"Feature","properties":{"CVEGEO":"0901600011141"},"geometry":{"type":"Polygon","coordinates":[[[-99.19206,19.40783],[-99.19216,19.4062],[-99.19412,19.40868],[-99.19383,19.41085],[-99.19153,19.41206],[-99.19002,19.40849],[-99.19206,19.40783]]]}},{"id":"1387","type":"Feature","properties":{"CVEGEO":"0901600011160"},"geometry":{"type":"Polygon","coordinates":[[[-99.19153,19.41206],[-99.18983,19.41285],[-99.18745,19.41198],[-99.18786,19.41098],[-99.18684,19.41067],[-99.18646,19.41163],[-99.18551,19.4113],[-99.18585,19.4103],[-99.18474,19.40986],[-99.18501,19.4093],[-99.18355,19.40932],[-99.1843,19.40783],[-99.18603,19.40777],[-99.186,19.40572],[-99.18539,19.40571],[-99.18634,19.40391],[-99.18775,19.40386],[-99.19153,19.41206]]]}},{"id":"1388","type":"Feature","properties":{"CVEGEO":"0901600011175"},"geometry":{"type":"Polygon","coordinates":[[[-99.18943,19.40231],[-99.18933,19.40388],[-99.18634,19.40391],[-99.18539,19.40571],[-99.186,19.40572],[-99.18603,19.40777],[-99.1843,19.40783],[-99.18442,19.40627],[-99.18299,19.40583],[-99.18323,19.40326],[-99.18687,19.40315],[-99.18721,19.40228],[-99.18943,19.40231]]]}},{"id":"1389","type":"Feature","properties":{"CVEGEO":"0901600011245"},"geometry":{"type":"Polygon","coordinates":[[[-99.23917,19.40525],[-99.24116,19.40293],[-99.24306,19.40224],[-99.24265,19.40358],[-99.24019,19.40631],[-99.24024,19.40792],[-99.23791,19.4091],[-99.23917,19.40525]]]}},{"id":"1390","type":"Feature","properties":{"CVEGEO":"0901600011353"},"geometry":{"type":"Polygon","coordinates":[[[-99.21909,19.43428],[-99.21831,19.43226],[-99.21944,19.43182],[-99.22029,19.43346],[-99.22203,19.43476],[-99.22115,19.43582],[-99.21909,19.43428]]]}},{"id":"1391","type":"Feature","properties":{"CVEGEO":"0901600011368"},"geometry":{"type":"Polygon","coordinates":[[[-99.21831,19.43226],[-99.21909,19.43428],[-99.22115,19.43582],[-99.2196,19.43771],[-99.21659,19.43563],[-99.21554,19.43358],[-99.21831,19.43226]]]}},{"id":"1392","type":"Feature","properties":{"CVEGEO":"0901600010181"},"geometry":{"type":"Polygon","coordinates":[[[-99.17475,19.45236],[-99.17764,19.45003],[-99.1784,19.44489],[-99.17899,19.44497],[-99.17906,19.44428],[-99.18141,19.44727],[-99.17929,19.4558],[-99.17475,19.45236]]]}},{"id":"1393","type":"Feature","properties":{"CVEGEO":"0901600011315"},"geometry":{"type":"Polygon","coordinates":[[[-99.20201,19.44785],[-99.20372,19.44847],[-99.20403,19.44948],[-99.2012,19.45162],[-99.20201,19.44785]]]}},{"id":"1394","type":"Feature","properties":{"CVEGEO":"0901600011334"},"geometry":{"type":"Polygon","coordinates":[[[-99.19397,19.45191],[-99.19342,19.4537],[-99.19009,19.45295],[-99.19056,19.45109],[-99.19397,19.45191]]]}},{"id":"1395","type":"Feature","properties":{"CVEGEO":"0901600010177"},"geometry":{"type":"Polygon","coordinates":[[[-99.18126,19.44709],[-99.18356,19.44752],[-99.18332,19.44938],[-99.18546,19.44977],[-99.18538,19.45187],[-99.18409,19.45163],[-99.18296,19.4581],[-99.17944,19.45587],[-99.18126,19.44709]]]}},{"id":"1396","type":"Feature","properties":{"CVEGEO":"0901600010209"},"geometry":{"type":"Polygon","coordinates":[[[-99.17177,19.45125],[-99.16721,19.45039],[-99.17121,19.4484],[-99.17321,19.4513],[-99.17475,19.45236],[-99.17369,19.45316],[-99.17147,19.45284],[-99.17177,19.45125]]]}},{"id":"1397","type":"Feature","properties":{"CVEGEO":"0901600010285"},"geometry":{"type":"Polygon","coordinates":[[[-99.17406,19.44429],[-99.17516,19.44445],[-99.17604,19.44057],[-99.17906,19.44428],[-99.17899,19.44497],[-99.1784,19.44489],[-99.17786,19.44875],[-99.17352,19.44814],[-99.17406,19.44429]]]}},{"id":"1398","type":"Feature","properties":{"CVEGEO":"0901600010637"},"geometry":{"type":"Polygon","coordinates":[[[-99.20191,19.4321],[-99.20434,19.43231],[-99.20492,19.43054],[-99.2082,19.43221],[-99.20836,19.43283],[-99.20957,19.43289],[-99.21183,19.43501],[-99.21089,19.43557],[-99.20811,19.43542],[-99.20845,19.43388],[-99.20798,19.43371],[-99.20598,19.43853],[-99.20235,19.43837],[-99.20244,19.43607],[-99.20129,19.43601],[-99.20191,19.4321]]]}},{"id":"1399","type":"Feature","properties":{"CVEGEO":"0901600010656"},"geometry":{"type":"Polygon","coordinates":[[[-99.19044,19.43785],[-99.19116,19.4315],[-99.19666,19.43167],[-99.19652,19.43333],[-99.19555,19.43386],[-99.1963,19.43442],[-99.19634,19.43811],[-99.19044,19.43785]]]}},{"id":"1400","type":"Feature","properties":{"CVEGEO":"0901600010660"},"geometry":{"type":"Polygon","coordinates":[[[-99.18404,19.43722],[-99.19116,19.4315],[-99.19044,19.43785],[-99.18404,19.43722]]]}},{"id":"1401","type":"Feature","properties":{"CVEGEO":"0901600010942"},"geometry":{"type":"Polygon","coordinates":[[[-99.21992,19.4133],[-99.21774,19.41941],[-99.21776,19.42168],[-99.21685,19.42277],[-99.21462,19.42339],[-99.21443,19.42128],[-99.21651,19.41612],[-99.2155,19.41531],[-99.21835,19.41263],[-99.21992,19.4133]]]}},{"id":"1402","type":"Feature","properties":{"CVEGEO":"0901600010124"},"geometry":{"type":"Polygon","coordinates":[[[-99.19997,19.45259],[-99.20189,19.45317],[-99.20083,19.45816],[-99.19613,19.45908],[-99.19751,19.45463],[-99.19692,19.45447],[-99.19997,19.45259]]]}},{"id":"1403","type":"Feature","properties":{"CVEGEO":"0901600011033"},"geometry":{"type":"Polygon","coordinates":[[[-99.23042,19.41135],[-99.23084,19.41025],[-99.23005,19.40887],[-99.23055,19.40837],[-99.22922,19.40676],[-99.2298,19.40614],[-99.2287,19.40564],[-99.22936,19.4049],[-99.23192,19.4056],[-99.23248,19.40679],[-99.23366,19.40671],[-99.23309,19.40843],[-99.23424,19.4107],[-99.23541,19.41057],[-99.23385,19.40842],[-99.23446,19.40735],[-99.23583,19.40745],[-99.23922,19.40968],[-99.23894,19.41145],[-99.23991,19.41219],[-99.2373,19.41236],[-99.23453,19.41553],[-99.23374,19.4151],[-99.23384,19.41352],[-99.23163,19.41271],[-99.23089,19.41331],[-99.23042,19.41135]]]}},{"id":"1404","type":"Feature","properties":{"CVEGEO":"0901600010904"},"geometry":{"type":"Polygon","coordinates":[[[-99.22847,19.41863],[-99.23051,19.41416],[-99.23221,19.41449],[-99.23211,19.41359],[-99.23089,19.41331],[-99.23126,19.41285],[-99.23384,19.41352],[-99.23422,19.41554],[-99.23593,19.4145],[-99.23438,19.41659],[-99.23361,19.41658],[-99.23297,19.4194],[-99.23182,19.41999],[-99.23084,19.42171],[-99.22969,19.42187],[-99.22858,19.42106],[-99.2281,19.42237],[-99.22753,19.42254],[-99.22793,19.42146],[-99.22693,19.42148],[-99.22631,19.42257],[-99.22532,19.42131],[-99.22847,19.41863]]]}},{"id":"1405","type":"Feature","properties":{"CVEGEO":"0901600010463"},"geometry":{"type":"Polygon","coordinates":[[[-99.18628,19.44404],[-99.18641,19.44302],[-99.19203,19.44227],[-99.19842,19.44398],[-99.19833,19.44548],[-99.18628,19.44404]]]}},{"id":"1406","type":"Feature","properties":{"CVEGEO":"0901600010571"},"geometry":{"type":"Polygon","coordinates":[[[-99.1889,19.43928],[-99.18485,19.43899],[-99.18358,19.43953],[-99.18345,19.43741],[-99.19375,19.43799],[-99.19352,19.44214],[-99.19417,19.4421],[-99.19415,19.44297],[-99.19203,19.44227],[-99.1889,19.43928]]]}},{"id":"1407","type":"Feature","properties":{"CVEGEO":"0901600010622"},"geometry":{"type":"Polygon","coordinates":[[[-99.20598,19.43853],[-99.20798,19.43371],[-99.20845,19.43388],[-99.20811,19.43542],[-99.21089,19.43557],[-99.21183,19.43501],[-99.21416,19.43889],[-99.20598,19.43853]]]}},{"id":"1408","type":"Feature","properties":{"CVEGEO":"0901600010849"},"geometry":{"type":"Polygon","coordinates":[[[-99.20265,19.42951],[-99.20308,19.42781],[-99.20895,19.4248],[-99.21013,19.42668],[-99.2077,19.42785],[-99.21075,19.42793],[-99.21123,19.42981],[-99.20891,19.43119],[-99.20852,19.43255],[-99.20265,19.42951]]]}},{"id":"1409","type":"Feature","properties":{"CVEGEO":"0901600010730"},"geometry":{"type":"Polygon","coordinates":[[[-99.20957,19.43289],[-99.20836,19.43283],[-99.20885,19.43126],[-99.21123,19.42981],[-99.21105,19.43058],[-99.21174,19.43104],[-99.21582,19.42995],[-99.21533,19.43052],[-99.21693,19.43306],[-99.21278,19.43462],[-99.21281,19.4351],[-99.21183,19.43501],[-99.20957,19.43289]]]}},{"id":"1410","type":"Feature","properties":{"CVEGEO":"0901600010618"},"geometry":{"type":"Polygon","coordinates":[[[-99.21416,19.43889],[-99.21213,19.43529],[-99.21554,19.43358],[-99.21659,19.43563],[-99.2196,19.43771],[-99.21823,19.43933],[-99.21416,19.43889]]]}},{"id":"1411","type":"Feature","properties":{"CVEGEO":"0901600010514"},"geometry":{"type":"Polygon","coordinates":[[[-99.22275,19.43385],[-99.22673,19.43125],[-99.22617,19.43397],[-99.22743,19.43494],[-99.22728,19.43587],[-99.22963,19.43737],[-99.22058,19.44368],[-99.21787,19.44405],[-99.2159,19.44208],[-99.22275,19.43385]]]}},{"id":"1412","type":"Feature","properties":{"CVEGEO":"0901600010497"},"geometry":{"type":"Polygon","coordinates":[[[-99.16908,19.44369],[-99.17107,19.44192],[-99.17176,19.43999],[-99.17247,19.44017],[-99.17275,19.4382],[-99.17604,19.44057],[-99.17516,19.44445],[-99.16908,19.44369]]]}},{"id":"1413","type":"Feature","properties":{"CVEGEO":"090160001029A"},"geometry":{"type":"Polygon","coordinates":[[[-99.16851,19.4452],[-99.16908,19.44369],[-99.17406,19.44429],[-99.17352,19.44814],[-99.17786,19.44875],[-99.17748,19.45017],[-99.17144,19.44875],[-99.16851,19.4452]]]}},{"id":"1414","type":"Feature","properties":{"CVEGEO":"0901600011279"},"geometry":{"type":"Polygon","coordinates":[[[-99.23596,19.39758],[-99.2372,19.39681],[-99.2379,19.39722],[-99.23911,19.39906],[-99.23725,19.40414],[-99.23508,19.40595],[-99.23273,19.40686],[-99.23192,19.4056],[-99.22936,19.4049],[-99.23596,19.39758]]]}},{"id":"1415","type":"Feature","properties":{"CVEGEO":"0901600011264"},"geometry":{"type":"Polygon","coordinates":[[[-99.23538,19.40574],[-99.23929,19.40119],[-99.24078,19.40089],[-99.24151,19.39986],[-99.2471,19.39971],[-99.24585,19.401],[-99.24638,19.40145],[-99.24024,19.40792],[-99.24019,19.40631],[-99.24265,19.40358],[-99.24306,19.40224],[-99.24116,19.40293],[-99.23917,19.40525],[-99.23796,19.40908],[-99.23583,19.40745],[-99.23426,19.4075],[-99.23385,19.40842],[-99.23541,19.41057],[-99.23369,19.4102],[-99.23309,19.40843],[-99.23375,19.4069],[-99.23324,19.40661],[-99.23538,19.40574]]]}},{"id":"1416","type":"Feature","properties":{"CVEGEO":"0901600011300"},"geometry":{"type":"Polygon","coordinates":[[[-99.23965,19.39444],[-99.239,19.39106],[-99.23993,19.38886],[-99.24268,19.38704],[-99.24548,19.38739],[-99.24765,19.38596],[-99.24853,19.39041],[-99.24695,19.39266],[-99.24704,19.39418],[-99.24925,19.39343],[-99.25256,19.39352],[-99.25475,19.39522],[-99.25436,19.39415],[-99.25484,19.39371],[-99.25925,19.3926],[-99.25585,19.39593],[-99.25009,19.39773],[-99.24638,19.40145],[-99.24585,19.401],[-99.24688,19.39958],[-99.24168,19.39982],[-99.24078,19.40089],[-99.23929,19.40119],[-99.23751,19.40327],[-99.23911,19.39906],[-99.2372,19.39681],[-99.23965,19.39444]]]}},{"id":"1417","type":"Feature","properties":{"CVEGEO":"0901300010885"},"geometry":{"type":"Polygon","coordinates":[[[-99.11693,19.18953],[-99.11893,19.19269],[-99.11954,19.19604],[-99.12147,19.20043],[-99.12106,19.20405],[-99.12028,19.20292],[-99.11386,19.20004],[-99.11379,19.19645],[-99.11503,19.18871],[-99.11693,19.18953]]]}},{"id":"1418","type":"Feature","properties":{"CVEGEO":"090130001057A"},"geometry":{"type":"Polygon","coordinates":[[[-99.00704,19.25161],[-99.00751,19.25078],[-99.00907,19.2503],[-99.00867,19.25226],[-99.00986,19.25453],[-99.00704,19.25161]]]}},{"id":"1419","type":"Feature","properties":{"CVEGEO":"0901300010565"},"geometry":{"type":"Polygon","coordinates":[[[-99.00986,19.25453],[-99.00867,19.25226],[-99.0098,19.24826],[-99.01089,19.24732],[-99.01114,19.24819],[-99.0129,19.2485],[-99.01321,19.25008],[-99.012,19.25353],[-99.013,19.25377],[-99.01199,19.25696],[-99.00986,19.25453]]]}},{"id":"1420","type":"Feature","properties":{"CVEGEO":"0901300010029"},"geometry":{"type":"Polygon","coordinates":[[[-99.12646,19.27988],[-99.13304,19.28068],[-99.13318,19.27961],[-99.1389,19.28224],[-99.13511,19.28246],[-99.125,19.28522],[-99.12517,19.28284],[-99.12646,19.27988]]]}},{"id":"1421","type":"Feature","properties":{"CVEGEO":"0901300011243"},"geometry":{"type":"Polygon","coordinates":[[[-99.10671,19.28496],[-99.11689,19.28083],[-99.11425,19.28894],[-99.11453,19.28956],[-99.10618,19.2931],[-99.10671,19.28496]]]}},{"id":"1422","type":"Feature","properties":{"CVEGEO":"0901300011224"},"geometry":{"type":"Polygon","coordinates":[[[-99.12289,19.28499],[-99.11628,19.28254],[-99.11742,19.27923],[-99.1245,19.28195],[-99.12517,19.28284],[-99.125,19.28522],[-99.11453,19.28956],[-99.11425,19.28894],[-99.12289,19.28499]]]}},{"id":"1423","type":"Feature","properties":{"CVEGEO":"0901300011205"},"geometry":{"type":"Polygon","coordinates":[[[-99.01089,19.24732],[-99.01014,19.24767],[-99.01119,19.24605],[-99.0123,19.24651],[-99.01257,19.24473],[-99.01392,19.24511],[-99.0129,19.2485],[-99.01114,19.24819],[-99.01089,19.24732]]]}},{"id":"1424","type":"Feature","properties":{"CVEGEO":"0901300011455"},"geometry":{"type":"Polygon","coordinates":[[[-99.13049,19.24218],[-99.12979,19.23774],[-99.13053,19.23231],[-99.1322,19.23246],[-99.1326,19.23191],[-99.13242,19.23359],[-99.13429,19.23354],[-99.13398,19.23519],[-99.13491,19.23538],[-99.13421,19.23608],[-99.13549,19.23638],[-99.13506,19.23786],[-99.13611,19.23873],[-99.13413,19.24093],[-99.13341,19.24397],[-99.13204,19.24441],[-99.12985,19.24368],[-99.13049,19.24218]]]}},{"id":"1425","type":"Feature","properties":{"CVEGEO":"090130001018A"},"geometry":{"type":"Polygon","coordinates":[[[-99.1197,19.26299],[-99.11818,19.26232],[-99.11943,19.25926],[-99.12103,19.25984],[-99.1197,19.26299]]]}},{"id":"1426","type":"Feature","properties":{"CVEGEO":"0901300010086"},"geometry":{"type":"Polygon","coordinates":[[[-99.12315,19.26768],[-99.11979,19.27349],[-99.11815,19.27081],[-99.11537,19.26606],[-99.12315,19.26768]]]}},{"id":"1427","type":"Feature","properties":{"CVEGEO":"0901300010160"},"geometry":{"type":"Polygon","coordinates":[[[-99.1114,19.25919],[-99.11084,19.2572],[-99.11241,19.25612],[-99.11396,19.25736],[-99.11602,19.26308],[-99.11896,19.26456],[-99.1265,19.26632],[-99.12739,19.26885],[-99.11535,19.26603],[-99.1114,19.25919]]]}},{"id":"1428","type":"Feature","properties":{"CVEGEO":"0901300010495"},"geometry":{"type":"Polygon","coordinates":[[[-99.11086,19.24382],[-99.11179,19.2407],[-99.11298,19.24126],[-99.11251,19.24306],[-99.11411,19.24413],[-99.11086,19.24382]]]}},{"id":"1429","type":"Feature","properties":{"CVEGEO":"090130001139A"},"geometry":{"type":"Polygon","coordinates":[[[-99.11108,19.28264],[-99.11166,19.2807],[-99.11109,19.2797],[-99.11402,19.27813],[-99.11449,19.27893],[-99.11417,19.28177],[-99.11108,19.28264]]]}},{"id":"1430","type":"Feature","properties":{"CVEGEO":"0901300010033"},"geometry":{"type":"Polygon","coordinates":[[[-99.13318,19.27961],[-99.13304,19.28068],[-99.12646,19.27988],[-99.13029,19.27406],[-99.13318,19.27961]]]}},{"id":"1431","type":"Feature","properties":{"CVEGEO":"0901300010315"},"geometry":{"type":"Polygon","coordinates":[[[-99.11617,19.25329],[-99.12067,19.25687],[-99.12038,19.2576],[-99.11468,19.25927],[-99.11396,19.25736],[-99.11241,19.25612],[-99.11617,19.25329]]]}},{"id":"1432","type":"Feature","properties":{"CVEGEO":"090130001032A"},"geometry":{"type":"Polygon","coordinates":[[[-99.10516,19.25541],[-99.10589,19.252],[-99.11318,19.2543],[-99.11351,19.25526],[-99.11084,19.2572],[-99.1114,19.25919],[-99.10953,19.25673],[-99.10516,19.25541]]]}},{"id":"1433","type":"Feature","properties":{"CVEGEO":"0901300011385"},"geometry":{"type":"Polygon","coordinates":[[[-99.11672,19.27668],[-99.11941,19.27477],[-99.11689,19.28083],[-99.11417,19.28177],[-99.11449,19.27893],[-99.11402,19.27813],[-99.11672,19.27668]]]}},{"id":"1434","type":"Feature","properties":{"CVEGEO":"0901300010688"},"geometry":{"type":"Polygon","coordinates":[[[-99.10534,19.27038],[-99.10774,19.26693],[-99.10796,19.26492],[-99.10701,19.26479],[-99.11218,19.26539],[-99.11165,19.27249],[-99.10892,19.27128],[-99.1091,19.27209],[-99.10813,19.27323],[-99.10534,19.27038]]]}},{"id":"1435","type":"Feature","properties":{"CVEGEO":"090130001107A"},"geometry":{"type":"Polygon","coordinates":[[[-99.12315,19.26768],[-99.12804,19.26926],[-99.13051,19.27408],[-99.12875,19.27628],[-99.12014,19.27237],[-99.12315,19.26768]]]}},{"id":"1436","type":"Feature","properties":{"CVEGEO":"0901300011050"},"geometry":{"type":"Polygon","coordinates":[[[-99.11218,19.26539],[-99.11537,19.26606],[-99.11535,19.27006],[-99.11438,19.27328],[-99.11165,19.27249],[-99.11218,19.26539]]]}},{"id":"1437","type":"Feature","properties":{"CVEGEO":"0901300011065"},"geometry":{"type":"Polygon","coordinates":[[[-99.12875,19.27628],[-99.12517,19.28284],[-99.12033,19.27466],[-99.11979,19.27349],[-99.12014,19.27237],[-99.12875,19.27628]]]}},{"id":"1438","type":"Feature","properties":{"CVEGEO":"090130001121A"},"geometry":{"type":"Polygon","coordinates":[[[-99.11918,19.28361],[-99.12289,19.28499],[-99.11425,19.28894],[-99.11628,19.28254],[-99.11918,19.28361]]]}},{"id":"1439","type":"Feature","properties":{"CVEGEO":"0901300011239"},"geometry":{"type":"Polygon","coordinates":[[[-99.11742,19.27923],[-99.11979,19.27349],[-99.1245,19.28195],[-99.11742,19.27923]]]}},{"id":"1440","type":"Feature","properties":{"CVEGEO":"0901300010194"},"geometry":{"type":"Polygon","coordinates":[[[-99.12067,19.25687],[-99.12187,19.25784],[-99.12103,19.25984],[-99.11943,19.25926],[-99.12067,19.25687]]]}},{"id":"1441","type":"Feature","properties":{"CVEGEO":"0901300010175"},"geometry":{"type":"Polygon","coordinates":[[[-99.11912,19.26444],[-99.12187,19.25784],[-99.12388,19.25945],[-99.12564,19.26288],[-99.1265,19.26632],[-99.11912,19.26444]]]}},{"id":"1442","type":"Feature","properties":{"CVEGEO":"0901300010211"},"geometry":{"type":"Polygon","coordinates":[[[-99.11046,19.25731],[-99.11537,19.26606],[-99.10799,19.26443],[-99.10953,19.25673],[-99.11046,19.25731]]]}},{"id":"1443","type":"Feature","properties":{"CVEGEO":"0901300010226"},"geometry":{"type":"Polygon","coordinates":[[[-99.10316,19.26414],[-99.10422,19.25931],[-99.10702,19.26113],[-99.10817,19.26457],[-99.10701,19.26479],[-99.10796,19.26492],[-99.10774,19.26693],[-99.10585,19.26522],[-99.10316,19.26414]]]}},{"id":"1444","type":"Feature","properties":{"CVEGEO":"0901300010230"},"geometry":{"type":"Polygon","coordinates":[[[-99.1051,19.2554],[-99.10953,19.25673],[-99.10832,19.26351],[-99.10785,19.26379],[-99.1066,19.26039],[-99.10422,19.25931],[-99.1051,19.2554]]]}},{"id":"1445","type":"Feature","properties":{"CVEGEO":"0901300011578"},"geometry":{"type":"Polygon","coordinates":[[[-99.05513,19.23998],[-99.05552,19.24008],[-99.05578,19.2415],[-99.0546,19.24116],[-99.05513,19.23998]]]}},{"id":"1446","type":"Feature","properties":{"CVEGEO":"0901300011262"},"geometry":{"type":"Polygon","coordinates":[[[-99.10782,19.28145],[-99.11109,19.2797],[-99.11166,19.2807],[-99.11124,19.28297],[-99.10632,19.28531],[-99.10612,19.28772],[-99.10503,19.28771],[-99.10562,19.2817],[-99.10782,19.28145]]]}},{"id":"1447","type":"Feature","properties":{"CVEGEO":"0901300010207"},"geometry":{"type":"Polygon","coordinates":[[[-99.11818,19.26232],[-99.1197,19.26299],[-99.11896,19.26456],[-99.11602,19.26308],[-99.11468,19.25927],[-99.12004,19.25771],[-99.11818,19.26232]]]}},{"id":"1448","type":"Feature","properties":{"CVEGEO":"0901300010705"},"geometry":{"type":"Polygon","coordinates":[[[-99.08342,19.26273],[-99.081,19.26214],[-99.08508,19.26112],[-99.08933,19.26205],[-99.09423,19.264],[-99.09372,19.26542],[-99.08342,19.26273]]]}},{"id":"1449","type":"Feature","properties":{"CVEGEO":"0901300011135"},"geometry":{"type":"Polygon","coordinates":[[[-99.08508,19.26112],[-99.081,19.26214],[-99.0746,19.26019],[-99.07566,19.25695],[-99.08781,19.25914],[-99.09604,19.26121],[-99.09626,19.26187],[-99.09613,19.26274],[-99.09433,19.26249],[-99.09443,19.262],[-99.09209,19.26282],[-99.08508,19.26112]]]}},{"id":"1450","type":"Feature","properties":{"CVEGEO":"0901300011046"},"geometry":{"type":"Polygon","coordinates":[[[-99.11438,19.27328],[-99.11559,19.26646],[-99.11979,19.27349],[-99.11924,19.27472],[-99.11438,19.27328]]]}},{"id":"1451","type":"Feature","properties":{"CVEGEO":"0901300011510"},"geometry":{"type":"Polygon","coordinates":[[[-99.11126,19.22283],[-99.1128,19.21958],[-99.11675,19.22119],[-99.11297,19.22494],[-99.11356,19.22301],[-99.11126,19.22283]]]}},{"id":"1452","type":"Feature","properties":{"CVEGEO":"0901300011474"},"geometry":{"type":"Polygon","coordinates":[[[-99.11044,19.19974],[-99.10966,19.20091],[-99.11061,19.20172],[-99.1096,19.20376],[-99.10694,19.20261],[-99.10558,19.2006],[-99.10225,19.20066],[-99.10473,19.19905],[-99.10474,19.19802],[-99.10629,19.19785],[-99.11044,19.19974]]]}},{"id":"1453","type":"Feature","properties":{"CVEGEO":"0901300011402"},"geometry":{"type":"Polygon","coordinates":[[[-99.08123,19.25103],[-99.08182,19.2492],[-99.08443,19.25061],[-99.08224,19.25832],[-99.07932,19.25771],[-99.08123,19.25103]]]}},{"id":"1454","type":"Feature","properties":{"CVEGEO":"0901300010461"},"geometry":{"type":"Polygon","coordinates":[[[-99.07889,19.24736],[-99.07924,19.24558],[-99.08016,19.24539],[-99.08075,19.24498],[-99.07782,19.24536],[-99.07642,19.24477],[-99.07571,19.24373],[-99.07622,19.24297],[-99.07584,19.24135],[-99.07889,19.24277],[-99.08111,19.24145],[-99.08696,19.24054],[-99.08714,19.2411],[-99.08668,19.24085],[-99.0858,19.2419],[-99.08555,19.24302],[-99.08726,19.24674],[-99.08917,19.24763],[-99.08593,19.24755],[-99.085,19.25085],[-99.07889,19.24736]]]}},{"id":"1455","type":"Feature","properties":{"CVEGEO":"0901300011328"},"geometry":{"type":"Polygon","coordinates":[[[-99.01826,19.25257],[-99.02037,19.25052],[-99.02145,19.24796],[-99.02411,19.24711],[-99.02553,19.2458],[-99.02622,19.24604],[-99.02626,19.24695],[-99.03089,19.249],[-99.0305,19.2508],[-99.03098,19.25114],[-99.02796,19.25275],[-99.026,19.25268],[-99.02575,19.25322],[-99.02174,19.25202],[-99.02151,19.25316],[-99.01826,19.25257]]]}},{"id":"1456","type":"Feature","properties":{"CVEGEO":"0901300010870"},"geometry":{"type":"Polygon","coordinates":[[[-99.01945,19.23915],[-99.02348,19.24022],[-99.01993,19.24654],[-99.01931,19.24529],[-99.01782,19.24516],[-99.01746,19.24452],[-99.01726,19.24232],[-99.01945,19.23915]]]}},{"id":"1457","type":"Feature","properties":{"CVEGEO":"0901300010866"},"geometry":{"type":"Polygon","coordinates":[[[-99.02989,19.24859],[-99.03117,19.24619],[-99.03338,19.2469],[-99.03397,19.24525],[-99.03834,19.24473],[-99.03862,19.24688],[-99.03098,19.25114],[-99.0305,19.2508],[-99.03089,19.249],[-99.02989,19.24859]]]}},{"id":"1458","type":"Feature","properties":{"CVEGEO":"0901300010813"},"geometry":{"type":"Polygon","coordinates":[[[-99.1384,19.23879],[-99.13719,19.23856],[-99.13858,19.23596],[-99.14117,19.23643],[-99.14377,19.23509],[-99.1442,19.2341],[-99.14752,19.24026],[-99.14668,19.24034],[-99.14612,19.23933],[-99.14401,19.23968],[-99.14426,19.24474],[-99.14201,19.24364],[-99.14038,19.24359],[-99.13892,19.24597],[-99.13776,19.24408],[-99.1384,19.23879]]]}},{"id":"1459","type":"Feature","properties":{"CVEGEO":"0901300010404"},"geometry":{"type":"Polygon","coordinates":[[[-99.10778,19.24517],[-99.11363,19.24666],[-99.11436,19.24592],[-99.11617,19.25329],[-99.11351,19.25526],[-99.11318,19.2543],[-99.10589,19.252],[-99.10778,19.24517]]]}},{"id":"1460","type":"Feature","properties":{"CVEGEO":"0901300010283"},"geometry":{"type":"Polygon","coordinates":[[[-99.13007,19.26065],[-99.13087,19.25688],[-99.12904,19.25655],[-99.12914,19.25597],[-99.13103,19.25624],[-99.13114,19.25581],[-99.1304,19.25421],[-99.1314,19.25221],[-99.13027,19.2509],[-99.13233,19.25086],[-99.13244,19.24991],[-99.13355,19.25001],[-99.13567,19.25216],[-99.13887,19.25314],[-99.13826,19.25642],[-99.13537,19.26017],[-99.13587,19.26084],[-99.13419,19.26045],[-99.13413,19.25784],[-99.13319,19.25765],[-99.13335,19.26149],[-99.13253,19.26288],[-99.12884,19.26221],[-99.13007,19.26065]]]}},{"id":"1461","type":"Feature","properties":{"CVEGEO":"0901300011296"},"geometry":{"type":"Polygon","coordinates":[[[-99.09112,19.23196],[-99.08922,19.23192],[-99.08949,19.23024],[-99.08748,19.22948],[-99.08749,19.22898],[-99.08912,19.22891],[-99.08907,19.22957],[-99.08975,19.22966],[-99.08994,19.22896],[-99.09091,19.22881],[-99.09411,19.23103],[-99.09712,19.23178],[-99.09631,19.23347],[-99.09502,19.23313],[-99.09331,19.23389],[-99.09274,19.23518],[-99.09126,19.23516],[-99.09076,19.23358],[-99.09112,19.23196]]]}},{"id":"1462","type":"Feature","properties":{"CVEGEO":"090130001025A"},"geometry":{"type":"Polygon","coordinates":[[[-99.10109,19.25898],[-99.09863,19.25746],[-99.10033,19.25458],[-99.10503,19.25572],[-99.10422,19.25931],[-99.10109,19.25898]]]}},{"id":"1463","type":"Feature","properties":{"CVEGEO":"0901300010442"},"geometry":{"type":"Polygon","coordinates":[[[-99.0935,19.24222],[-99.09722,19.24206],[-99.10119,19.24313],[-99.10106,19.24375],[-99.10178,19.24396],[-99.10125,19.24593],[-99.10242,19.24601],[-99.10142,19.24731],[-99.09837,19.2485],[-99.09614,19.24821],[-99.09389,19.24619],[-99.0935,19.24222]]]}},{"id":"1464","type":"Feature","properties":{"CVEGEO":"0901300010334"},"geometry":{"type":"Polygon","coordinates":[[[-99.09764,19.25521],[-99.09285,19.25375],[-99.09367,19.24912],[-99.0948,19.25022],[-99.09949,19.25124],[-99.10377,19.24726],[-99.10612,19.2503],[-99.10503,19.25572],[-99.10033,19.25458],[-99.09926,19.25631],[-99.09764,19.25521]]]}},{"id":"1465","type":"Feature","properties":{"CVEGEO":"0901300011309"},"geometry":{"type":"Polygon","coordinates":[[[-99.11152,19.23382],[-99.11374,19.2344],[-99.11365,19.23657],[-99.1124,19.23814],[-99.10958,19.23544],[-99.11152,19.23382]]]}},{"id":"1466","type":"Feature","properties":{"CVEGEO":"0901300010832"},"geometry":{"type":"Polygon","coordinates":[[[-99.11739,19.22763],[-99.11579,19.22722],[-99.11626,19.22643],[-99.11549,19.22418],[-99.11779,19.2223],[-99.11796,19.22103],[-99.11896,19.22074],[-99.11894,19.22308],[-99.11787,19.22598],[-99.11853,19.22866],[-99.11792,19.22931],[-99.11708,19.22912],[-99.11739,19.22763]]]}},{"id":"1467","type":"Feature","properties":{"CVEGEO":"0901300010724"},"geometry":{"type":"Polygon","coordinates":[[[-99.06158,19.257],[-99.06614,19.25926],[-99.06489,19.26448],[-99.06143,19.26277],[-99.06009,19.26373],[-99.06158,19.257]]]}},{"id":"1468","type":"Feature","properties":{"CVEGEO":"0901300011489"},"geometry":{"type":"Polygon","coordinates":[[[-99.05944,19.25827],[-99.06024,19.25773],[-99.06116,19.25953],[-99.06061,19.26221],[-99.06009,19.26373],[-99.05843,19.26353],[-99.05944,19.25827]]]}},{"id":"1469","type":"Feature","properties":{"CVEGEO":"0901300010809"},"geometry":{"type":"Polygon","coordinates":[[[-99.14445,19.23452],[-99.14307,19.23053],[-99.14335,19.22933],[-99.14529,19.23053],[-99.1501,19.23075],[-99.15084,19.22959],[-99.15186,19.23006],[-99.15062,19.23243],[-99.15068,19.23462],[-99.14929,19.23404],[-99.14813,19.2362],[-99.14836,19.23489],[-99.14644,19.23418],[-99.14445,19.23452]]]}},{"id":"1470","type":"Feature","properties":{"CVEGEO":"0901300011440"},"geometry":{"type":"Polygon","coordinates":[[[-99.08912,19.22891],[-99.0868,19.22959],[-99.08294,19.2282],[-99.08341,19.22431],[-99.08183,19.22268],[-99.08227,19.22237],[-99.08343,19.22327],[-99.08437,19.22243],[-99.08579,19.2227],[-99.08852,19.22165],[-99.08837,19.22259],[-99.08919,19.22359],[-99.09056,19.22401],[-99.09131,19.22312],[-99.09163,19.22451],[-99.09366,19.22506],[-99.09279,19.22738],[-99.09181,19.22808],[-99.09065,19.22792],[-99.08975,19.22966],[-99.08907,19.22957],[-99.08912,19.22891]]]}},{"id":"1471","type":"Feature","properties":{"CVEGEO":"090130001064A"},"geometry":{"type":"Polygon","coordinates":[[[-99.10341,19.21156],[-99.10414,19.21498],[-99.10544,19.21628],[-99.10653,19.21932],[-99.10282,19.2189],[-99.10271,19.2198],[-99.10093,19.21962],[-99.10037,19.22058],[-99.09897,19.21819],[-99.09675,19.21741],[-99.09653,19.21796],[-99.09644,19.2143],[-99.09739,19.21444],[-99.09724,19.21514],[-99.09993,19.21543],[-99.10078,19.21107],[-99.10205,19.21074],[-99.10341,19.21156]]]}},{"id":"1472","type":"Feature","properties":{"CVEGEO":"0901300011031"},"geometry":{"type":"Polygon","coordinates":[[[-99.08711,19.23895],[-99.08869,19.23857],[-99.08809,19.23683],[-99.08993,19.23703],[-99.09056,19.23536],[-99.09173,19.23605],[-99.09216,19.23816],[-99.0941,19.24007],[-99.0935,19.24121],[-99.09353,19.24453],[-99.09047,19.24457],[-99.09046,19.24602],[-99.08971,19.24691],[-99.08799,19.24727],[-99.08555,19.24302],[-99.0858,19.2419],[-99.08668,19.24085],[-99.08714,19.2411],[-99.08711,19.23895]]]}},{"id":"1473","type":"Feature","properties":{"CVEGEO":"090130001089A"},"geometry":{"type":"Polygon","coordinates":[[[-99.09158,19.22443],[-99.09175,19.22226],[-99.09034,19.21869],[-99.09185,19.21918],[-99.09227,19.21834],[-99.09142,19.21792],[-99.09236,19.21621],[-99.09418,19.21753],[-99.0949,19.22004],[-99.09843,19.22331],[-99.0984,19.22516],[-99.09158,19.22443]]]}},{"id":"1474","type":"Feature","properties":{"CVEGEO":"0901300010654"},"geometry":{"type":"Polygon","coordinates":[[[-99.09477,19.21984],[-99.09416,19.21748],[-99.09236,19.21621],[-99.09087,19.21105],[-99.09318,19.21093],[-99.09456,19.21154],[-99.09569,19.20863],[-99.09921,19.20815],[-99.10039,19.21007],[-99.10205,19.21074],[-99.10078,19.21107],[-99.09993,19.21543],[-99.09724,19.21514],[-99.09739,19.21444],[-99.09644,19.2143],[-99.09643,19.21761],[-99.09897,19.21819],[-99.10037,19.22058],[-99.09943,19.22211],[-99.09761,19.22053],[-99.09727,19.22241],[-99.09477,19.21984]]]}},{"id":"1475","type":"Feature","properties":{"CVEGEO":"090130001146A"},"geometry":{"type":"Polygon","coordinates":[[[-99.12439,19.21902],[-99.12832,19.21487],[-99.12827,19.21293],[-99.13069,19.20954],[-99.13218,19.20927],[-99.13412,19.21142],[-99.1327,19.21469],[-99.12951,19.21702],[-99.12939,19.2185],[-99.12747,19.2206],[-99.12731,19.22188],[-99.12537,19.22354],[-99.12367,19.22251],[-99.12283,19.2244],[-99.1223,19.22428],[-99.12439,19.21902]]]}},{"id":"1476","type":"Feature","properties":{"CVEGEO":"0901300011173"},"geometry":{"type":"Polygon","coordinates":[[[-99.11875,19.22942],[-99.11975,19.22682],[-99.12224,19.2234],[-99.12245,19.22528],[-99.12439,19.22701],[-99.1244,19.22831],[-99.12329,19.22838],[-99.12332,19.22903],[-99.12461,19.22958],[-99.12515,19.2306],[-99.12584,19.23063],[-99.12586,19.23008],[-99.1294,19.23148],[-99.12927,19.23199],[-99.12238,19.23163],[-99.12143,19.23472],[-99.12003,19.23619],[-99.11875,19.22942]]]}},{"id":"1477","type":"Feature","properties":{"CVEGEO":"0901300011525"},"geometry":{"type":"Polygon","coordinates":[[[-99.11169,19.23065],[-99.11255,19.23001],[-99.11689,19.23131],[-99.11657,19.23225],[-99.11437,19.23172],[-99.11481,19.23256],[-99.11424,19.23247],[-99.11374,19.2344],[-99.11152,19.23382],[-99.11169,19.23065]]]}},{"id":"1478","type":"Feature","properties":{"CVEGEO":"0901300011417"},"geometry":{"type":"Polygon","coordinates":[[[-99.07883,19.25143],[-99.07996,19.24793],[-99.08182,19.2492],[-99.0797,19.25652],[-99.07932,19.25771],[-99.07718,19.25727],[-99.07883,19.25143]]]}},{"id":"1479","type":"Feature","properties":{"CVEGEO":"0901300010423"},"geometry":{"type":"Polygon","coordinates":[[[-99.09283,19.24807],[-99.09157,19.24793],[-99.09179,19.24601],[-99.09354,19.24599],[-99.09692,19.24844],[-99.09867,19.24847],[-99.10118,19.24745],[-99.10242,19.24601],[-99.10377,19.24726],[-99.09949,19.25124],[-99.0948,19.25022],[-99.09379,19.24891],[-99.09289,19.25277],[-99.09162,19.25269],[-99.09283,19.24807]]]}},{"id":"1480","type":"Feature","properties":{"CVEGEO":"0901300011027"},"geometry":{"type":"Polygon","coordinates":[[[-99.08593,19.24755],[-99.08917,19.24763],[-99.09046,19.24602],[-99.09047,19.24457],[-99.09353,19.24453],[-99.09354,19.24599],[-99.09179,19.24601],[-99.09157,19.24793],[-99.09283,19.24807],[-99.09162,19.25269],[-99.085,19.25085],[-99.08593,19.24755]]]}},{"id":"1481","type":"Feature","properties":{"CVEGEO":"090130001114A"},"geometry":{"type":"Polygon","coordinates":[[[-99.08224,19.25832],[-99.08443,19.25061],[-99.09162,19.25269],[-99.09285,19.25375],[-99.09911,19.25581],[-99.09863,19.25746],[-99.09654,19.25769],[-99.09604,19.26121],[-99.08224,19.25832]]]}},{"id":"1482","type":"Feature","properties":{"CVEGEO":"0901300011544"},"geometry":{"type":"Polygon","coordinates":[[[-99.0963,19.22514],[-99.0962,19.2273],[-99.09574,19.22644],[-99.0963,19.22514]]]}},{"id":"1483","type":"Feature","properties":{"CVEGEO":"0901300010090"},"geometry":{"type":"Polygon","coordinates":[[[-99.10615,19.27352],[-99.10837,19.2731],[-99.10892,19.27128],[-99.11924,19.27472],[-99.10809,19.28132],[-99.10655,19.28185],[-99.10553,19.28137],[-99.10615,19.27352]]]}},{"id":"1484","type":"Feature","properties":{"CVEGEO":"0901300010052"},"geometry":{"type":"Polygon","coordinates":[[[-99.10246,19.28051],[-99.10219,19.27465],[-99.10534,19.27038],[-99.10813,19.27323],[-99.10615,19.27352],[-99.10558,19.27632],[-99.10503,19.28771],[-99.10612,19.28772],[-99.10618,19.2931],[-99.10136,19.2952],[-99.10246,19.28051]]]}},{"id":"1485","type":"Feature","properties":{"CVEGEO":"0901300011366"},"geometry":{"type":"Polygon","coordinates":[[[-99.06729,19.25639],[-99.06593,19.25679],[-99.06655,19.255],[-99.06588,19.25501],[-99.06925,19.25279],[-99.07123,19.24974],[-99.07261,19.25016],[-99.07317,19.25129],[-99.07671,19.25229],[-99.07734,19.25098],[-99.07883,19.25143],[-99.07718,19.25727],[-99.06993,19.25573],[-99.0688,19.25974],[-99.06636,19.2593],[-99.06729,19.25639]]]}},{"id":"1486","type":"Feature","properties":{"CVEGEO":"090130001071A"},"geometry":{"type":"Polygon","coordinates":[[[-99.0688,19.25974],[-99.06993,19.25573],[-99.07566,19.25695],[-99.0746,19.26019],[-99.07496,19.2607],[-99.07247,19.25982],[-99.0688,19.25974]]]}},{"id":"1487","type":"Feature","properties":{"CVEGEO":"0901300010758"},"geometry":{"type":"Polygon","coordinates":[[[-99.09948,19.23859],[-99.09927,19.23709],[-99.10015,19.23555],[-99.09926,19.23455],[-99.10058,19.23299],[-99.10267,19.2275],[-99.10449,19.22731],[-99.10479,19.22635],[-99.1096,19.22987],[-99.11255,19.23001],[-99.11169,19.23065],[-99.11194,19.23286],[-99.11126,19.23431],[-99.11038,19.23426],[-99.10958,19.23544],[-99.10981,19.23754],[-99.10889,19.23787],[-99.10815,19.24124],[-99.1057,19.23912],[-99.10652,19.23382],[-99.10561,19.23301],[-99.10443,19.23311],[-99.10249,19.23769],[-99.10232,19.24043],[-99.09948,19.23859]]]}},{"id":"1488","type":"Feature","properties":{"CVEGEO":"0901300010508"},"geometry":{"type":"Polygon","coordinates":[[[-99.10284,19.24348],[-99.10195,19.24327],[-99.10249,19.23769],[-99.10443,19.23311],[-99.10561,19.23301],[-99.10652,19.23382],[-99.1057,19.23912],[-99.10671,19.23947],[-99.10744,19.24089],[-99.10815,19.24124],[-99.10889,19.23787],[-99.10981,19.23754],[-99.10958,19.23544],[-99.11201,19.23753],[-99.11294,19.23998],[-99.11247,19.24094],[-99.11179,19.2407],[-99.11117,19.24416],[-99.10782,19.24416],[-99.10743,19.24464],[-99.10428,19.24395],[-99.10254,19.24521],[-99.10284,19.24348]]]}},{"id":"1489","type":"Feature","properties":{"CVEGEO":"0901300011192"},"geometry":{"type":"Polygon","coordinates":[[[-99.01541,19.25333],[-99.01553,19.25285],[-99.01407,19.25242],[-99.01546,19.25083],[-99.0129,19.24948],[-99.01417,19.244],[-99.01574,19.24055],[-99.01818,19.24096],[-99.01726,19.24232],[-99.01746,19.24452],[-99.01782,19.24516],[-99.01931,19.24529],[-99.01977,19.24656],[-99.02031,19.24575],[-99.02224,19.24545],[-99.02448,19.24378],[-99.02586,19.24431],[-99.02463,19.24683],[-99.02145,19.24796],[-99.02037,19.25052],[-99.01846,19.25209],[-99.01762,19.25386],[-99.01706,19.25366],[-99.01752,19.25283],[-99.01541,19.25333]]]}},{"id":"1490","type":"Feature","properties":{"CVEGEO":"0901300010550"},"geometry":{"type":"Polygon","coordinates":[[[-99.013,19.25377],[-99.012,19.25353],[-99.01321,19.25008],[-99.01546,19.25083],[-99.01407,19.25242],[-99.01553,19.25285],[-99.01541,19.25333],[-99.01727,19.25271],[-99.01706,19.25366],[-99.01762,19.25386],[-99.01826,19.25257],[-99.02022,19.25314],[-99.01936,19.25329],[-99.01904,19.25431],[-99.01832,19.25408],[-99.01809,19.25544],[-99.01542,19.25519],[-99.01538,19.25641],[-99.01392,19.25858],[-99.01199,19.25696],[-99.013,19.25377]]]}},{"id":"1491","type":"Feature","properties":{"CVEGEO":"0901300011169"},"geometry":{"type":"Polygon","coordinates":[[[-99.05678,19.24918],[-99.05652,19.24676],[-99.05387,19.24349],[-99.0546,19.24116],[-99.0557,19.24158],[-99.05645,19.24035],[-99.05743,19.24086],[-99.06034,19.24397],[-99.06014,19.24489],[-99.06237,19.24482],[-99.06212,19.24612],[-99.06375,19.24615],[-99.06431,19.24505],[-99.06331,19.24414],[-99.06463,19.24221],[-99.06379,19.24045],[-99.06413,19.2392],[-99.06321,19.23864],[-99.07101,19.23371],[-99.07547,19.23387],[-99.0751,19.235],[-99.07256,19.23535],[-99.07101,19.23698],[-99.07191,19.23873],[-99.07208,19.24156],[-99.07085,19.24248],[-99.06961,19.24245],[-99.06851,19.24416],[-99.06676,19.24531],[-99.06692,19.24678],[-99.07103,19.24846],[-99.07043,19.25074],[-99.06864,19.25337],[-99.06588,19.25501],[-99.06476,19.25499],[-99.06031,19.25205],[-99.05769,19.24901],[-99.05678,19.24918]]]}},{"id":"1492","type":"Feature","properties":{"CVEGEO":"0901300011154"},"geometry":{"type":"Polygon","coordinates":[[[-99.06692,19.24678],[-99.06676,19.24531],[-99.06851,19.24416],[-99.06961,19.24245],[-99.07085,19.24248],[-99.07208,19.24156],[-99.07191,19.23873],[-99.07099,19.23738],[-99.07155,19.23611],[-99.07323,19.23513],[-99.0751,19.235],[-99.07547,19.23387],[-99.07774,19.23342],[-99.0774,19.23553],[-99.07576,19.23846],[-99.07628,19.2399],[-99.07509,19.23987],[-99.07624,19.24229],[-99.07571,19.24373],[-99.07749,19.24532],[-99.08074,19.24504],[-99.07924,19.24558],[-99.07889,19.24736],[-99.0777,19.24646],[-99.07564,19.24648],[-99.07291,19.24775],[-99.07043,19.25074],[-99.07103,19.24846],[-99.06692,19.24678]]]}},{"id":"1493","type":"Feature","properties":{"CVEGEO":"0901300011188"},"geometry":{"type":"Polygon","coordinates":[[[-99.11229,19.23845],[-99.11367,19.23651],[-99.11424,19.23247],[-99.11487,19.2322],[-99.11437,19.23172],[-99.11657,19.23225],[-99.11689,19.23131],[-99.11745,19.23146],[-99.11708,19.22912],[-99.11792,19.22931],[-99.11853,19.22866],[-99.11787,19.22598],[-99.11894,19.22308],[-99.11896,19.22074],[-99.12032,19.22041],[-99.12121,19.21754],[-99.1218,19.21769],[-99.12159,19.21833],[-99.12267,19.21853],[-99.12291,19.21765],[-99.1241,19.21712],[-99.12253,19.22084],[-99.12337,19.22099],[-99.11875,19.22942],[-99.11985,19.23481],[-99.11727,19.23581],[-99.11443,19.24002],[-99.11294,19.23998],[-99.11229,19.23845]]]}},{"id":"1494","type":"Feature","properties":{"CVEGEO":"0901300010847"},"geometry":{"type":"Polygon","coordinates":[[[-99.11681,19.21842],[-99.11336,19.21834],[-99.1187,19.21578],[-99.11946,19.21449],[-99.12025,19.21515],[-99.1208,19.21419],[-99.11977,19.21316],[-99.11995,19.21159],[-99.11849,19.20894],[-99.11905,19.20687],[-99.12009,19.20687],[-99.12027,19.20603],[-99.12241,19.20631],[-99.12243,19.20442],[-99.12458,19.20507],[-99.12739,19.21049],[-99.12832,19.21487],[-99.12439,19.21902],[-99.12337,19.22099],[-99.12253,19.22084],[-99.1241,19.21712],[-99.12291,19.21765],[-99.12267,19.21853],[-99.12159,19.21833],[-99.1218,19.21769],[-99.12121,19.21754],[-99.1201,19.22055],[-99.1195,19.22033],[-99.11784,19.22147],[-99.11681,19.21842]]]}},{"id":"1495","type":"Feature","properties":{"CVEGEO":"0901300010669"},"geometry":{"type":"Polygon","coordinates":[[[-99.12135,19.19983],[-99.12031,19.19832],[-99.11906,19.19328],[-99.1198,19.19322],[-99.12036,19.18906],[-99.12095,19.18909],[-99.1228,19.19429],[-99.12415,19.19394],[-99.12657,19.1964],[-99.12718,19.20028],[-99.12601,19.20084],[-99.1237,19.20474],[-99.12243,19.20442],[-99.12222,19.20555],[-99.12128,19.20435],[-99.12135,19.19983]]]}},{"id":"1496","type":"Feature","properties":{"CVEGEO":"0901300010851"},"geometry":{"type":"Polygon","coordinates":[[[-99.12478,19.20633],[-99.12475,19.20519],[-99.1237,19.20474],[-99.12601,19.20084],[-99.12715,19.20052],[-99.12657,19.1964],[-99.12732,19.19477],[-99.12902,19.19563],[-99.12994,19.19536],[-99.13043,19.1961],[-99.12927,19.198],[-99.12931,19.203],[-99.1303,19.20318],[-99.13008,19.20385],[-99.13243,19.20648],[-99.13292,19.20986],[-99.13102,19.20928],[-99.12827,19.21293],[-99.12741,19.21202],[-99.12739,19.21049],[-99.12478,19.20633]]]}},{"id":"1497","type":"Feature","properties":{"CVEGEO":"0901300011563"},"geometry":{"type":"Polygon","coordinates":[[[-99.0175,19.23832],[-99.01945,19.23954],[-99.01818,19.24096],[-99.01574,19.24055],[-99.0175,19.23832]]]}},{"id":"1498","type":"Feature","properties":{"CVEGEO":"0901300010777"},"geometry":{"type":"Polygon","coordinates":[[[-99.10181,19.2254],[-99.10031,19.2254],[-99.09948,19.22319],[-99.09755,19.22233],[-99.09761,19.22053],[-99.09955,19.2221],[-99.10077,19.2197],[-99.10271,19.2198],[-99.10595,19.22694],[-99.10479,19.22635],[-99.10449,19.22731],[-99.10359,19.22705],[-99.10224,19.22821],[-99.10181,19.2254]]]}},{"id":"1499","type":"Feature","properties":{"CVEGEO":"0901300010601"},"geometry":{"type":"Polygon","coordinates":[[[-99.10271,19.2198],[-99.10282,19.2189],[-99.10586,19.21909],[-99.10771,19.22042],[-99.10876,19.22009],[-99.10994,19.22095],[-99.11087,19.21821],[-99.1128,19.21958],[-99.11126,19.22283],[-99.11358,19.22296],[-99.11217,19.22702],[-99.10946,19.22943],[-99.10614,19.22779],[-99.10271,19.2198]]]}},{"id":"1500","type":"Feature","properties":{"CVEGEO":"0901300010762"},"geometry":{"type":"Polygon","coordinates":[[[-99.09844,19.22521],[-99.09843,19.22331],[-99.09755,19.22233],[-99.09941,19.22312],[-99.10031,19.2254],[-99.10181,19.2254],[-99.10213,19.22633],[-99.10195,19.22974],[-99.1005,19.23314],[-99.09933,19.23422],[-99.10015,19.23555],[-99.09967,19.23707],[-99.09764,19.23396],[-99.09722,19.23179],[-99.09844,19.22521]]]}},{"id":"1501","type":"Feature","properties":{"CVEGEO":"0901300010438"},"geometry":{"type":"Polygon","coordinates":[[[-99.09792,19.23815],[-99.0994,19.23815],[-99.10225,19.23997],[-99.10195,19.24327],[-99.1029,19.2436],[-99.10239,19.24594],[-99.10125,19.24593],[-99.10178,19.24396],[-99.10106,19.24375],[-99.10119,19.24313],[-99.09722,19.24206],[-99.09792,19.23815]]]}},{"id":"1502","type":"Feature","properties":{"CVEGEO":"0901300011436"},"geometry":{"type":"Polygon","coordinates":[[[-99.09411,19.23103],[-99.09397,19.23045],[-99.08986,19.2286],[-99.09279,19.22738],[-99.09366,19.22506],[-99.09593,19.22508],[-99.0962,19.2273],[-99.0963,19.22514],[-99.0984,19.22516],[-99.09712,19.23178],[-99.09411,19.23103]]]}},{"id":"1503","type":"Feature","properties":{"CVEGEO":"0901300010743"},"geometry":{"type":"Polygon","coordinates":[[[-99.0935,19.24222],[-99.0941,19.24007],[-99.09216,19.23816],[-99.09176,19.23609],[-99.09294,19.2357],[-99.09304,19.23409],[-99.09502,19.23313],[-99.09631,19.23347],[-99.09722,19.23179],[-99.0994,19.23815],[-99.09746,19.23871],[-99.09722,19.24206],[-99.0935,19.24222]]]}},{"id":"1504","type":"Feature","properties":{"CVEGEO":"0901300010014"},"geometry":{"type":"Polygon","coordinates":[[[-99.13765,19.28122],[-99.13413,19.28033],[-99.13258,19.27905],[-99.13051,19.27408],[-99.1322,19.27361],[-99.13275,19.27496],[-99.13309,19.2745],[-99.13697,19.27561],[-99.13817,19.27525],[-99.13883,19.27312],[-99.14209,19.27394],[-99.14106,19.28253],[-99.1389,19.28224],[-99.13765,19.28122]]]}},{"id":"1505","type":"Feature","properties":{"CVEGEO":"0901300010067"},"geometry":{"type":"Polygon","coordinates":[[[-99.13309,19.2745],[-99.13275,19.27496],[-99.1322,19.27361],[-99.13051,19.27408],[-99.12661,19.26657],[-99.1284,19.26805],[-99.12931,19.26742],[-99.13633,19.26624],[-99.13618,19.26694],[-99.13715,19.26803],[-99.13795,19.26808],[-99.1383,19.26718],[-99.13971,19.26758],[-99.14005,19.26671],[-99.14492,19.26745],[-99.14395,19.26954],[-99.14214,19.27069],[-99.14114,19.27373],[-99.13883,19.27312],[-99.13817,19.27525],[-99.13697,19.27561],[-99.13309,19.2745]]]}},{"id":"1506","type":"Feature","properties":{"CVEGEO":"0901300010122"},"geometry":{"type":"Polygon","coordinates":[[[-99.10316,19.26414],[-99.10509,19.26454],[-99.10774,19.26693],[-99.10579,19.26956],[-99.10218,19.26828],[-99.10316,19.26414]]]}},{"id":"1507","type":"Feature","properties":{"CVEGEO":"0901300010137"},"geometry":{"type":"Polygon","coordinates":[[[-99.09992,19.26587],[-99.09836,19.26471],[-99.09898,19.2618],[-99.10358,19.26245],[-99.10213,19.26854],[-99.09992,19.26587]]]}},{"id":"1508","type":"Feature","properties":{"CVEGEO":"0901300010245"},"geometry":{"type":"Polygon","coordinates":[[[-99.09982,19.25807],[-99.10109,19.25898],[-99.10422,19.25931],[-99.10358,19.26245],[-99.09898,19.2618],[-99.09982,19.25807]]]}},{"id":"1509","type":"Feature","properties":{"CVEGEO":"0901300010279"},"geometry":{"type":"Polygon","coordinates":[[[-99.04283,19.25617],[-99.04931,19.25454],[-99.06159,19.25582],[-99.06636,19.25511],[-99.06593,19.25679],[-99.06729,19.25639],[-99.06636,19.2593],[-99.06158,19.257],[-99.06094,19.25936],[-99.06086,19.25807],[-99.05997,19.25766],[-99.05944,19.25827],[-99.05955,19.25676],[-99.05171,19.25579],[-99.05011,19.25789],[-99.04876,19.25739],[-99.04841,19.25897],[-99.04222,19.26107],[-99.04283,19.25617]]]}},{"id":"1510","type":"Feature","properties":{"CVEGEO":"0901300010298"},"geometry":{"type":"Polygon","coordinates":[[[-99.12,19.2517],[-99.12137,19.25079],[-99.12603,19.25082],[-99.12824,19.25332],[-99.13124,19.25501],[-99.13103,19.25624],[-99.12914,19.25597],[-99.12904,19.25655],[-99.13087,19.25688],[-99.13007,19.26065],[-99.12806,19.26392],[-99.12732,19.26194],[-99.12388,19.25945],[-99.12,19.2517]]]}},{"id":"1511","type":"Feature","properties":{"CVEGEO":"0901300010300"},"geometry":{"type":"Polygon","coordinates":[[[-99.117,19.25415],[-99.11617,19.25329],[-99.12,19.2517],[-99.12388,19.25945],[-99.117,19.25415]]]}},{"id":"1512","type":"Feature","properties":{"CVEGEO":"0901300010353"},"geometry":{"type":"Polygon","coordinates":[[[-99.05678,19.24918],[-99.05769,19.24901],[-99.06218,19.25349],[-99.06476,19.25499],[-99.06655,19.255],[-99.06267,19.25583],[-99.05594,19.25518],[-99.05678,19.24918]]]}},{"id":"1513","type":"Feature","properties":{"CVEGEO":"0901300010368"},"geometry":{"type":"Polygon","coordinates":[[[-99.04362,19.24404],[-99.05193,19.23944],[-99.0546,19.24116],[-99.05387,19.24349],[-99.05659,19.24697],[-99.0569,19.24856],[-99.05594,19.25518],[-99.04931,19.25454],[-99.04283,19.25617],[-99.04362,19.24404]]]}},{"id":"1514","type":"Feature","properties":{"CVEGEO":"0901300010372"},"geometry":{"type":"Polygon","coordinates":[[[-99.12603,19.25082],[-99.12294,19.25085],[-99.12289,19.2452],[-99.12334,19.24419],[-99.12511,19.2431],[-99.1271,19.24342],[-99.1258,19.24628],[-99.1283,19.24512],[-99.12956,19.24355],[-99.13261,19.24529],[-99.13264,19.24598],[-99.13018,19.24713],[-99.12998,19.24777],[-99.13187,19.24838],[-99.13137,19.24977],[-99.13244,19.24991],[-99.13233,19.25086],[-99.13027,19.2509],[-99.1314,19.25221],[-99.1304,19.25421],[-99.12824,19.25332],[-99.12603,19.25082]]]}},{"id":"1515","type":"Feature","properties":{"CVEGEO":"0901300010387"},"geometry":{"type":"Polygon","coordinates":[[[-99.11653,19.24389],[-99.11918,19.24121],[-99.12028,19.23586],[-99.12147,19.23849],[-99.12124,19.24233],[-99.1223,19.243],[-99.123,19.24487],[-99.12294,19.25085],[-99.12137,19.25079],[-99.12,19.2517],[-99.11653,19.24389]]]}},{"id":"1516","type":"Feature","properties":{"CVEGEO":"0901300010391"},"geometry":{"type":"Polygon","coordinates":[[[-99.11385,19.24445],[-99.11653,19.24389],[-99.12,19.2517],[-99.11617,19.25329],[-99.11385,19.24445]]]}},{"id":"1517","type":"Feature","properties":{"CVEGEO":"0901300010419"},"geometry":{"type":"Polygon","coordinates":[[[-99.10224,19.2457],[-99.10333,19.24426],[-99.10743,19.24464],[-99.10782,19.24416],[-99.11257,19.24398],[-99.11399,19.24462],[-99.11436,19.24592],[-99.11363,19.24666],[-99.10778,19.24517],[-99.10612,19.2503],[-99.10224,19.2457]]]}},{"id":"1518","type":"Feature","properties":{"CVEGEO":"0901300010480"},"geometry":{"type":"Polygon","coordinates":[[[-99.11255,19.24318],[-99.11272,19.24018],[-99.11443,19.24002],[-99.11727,19.23581],[-99.11985,19.23481],[-99.11969,19.2394],[-99.11878,19.24188],[-99.11624,19.24409],[-99.11411,19.24413],[-99.11255,19.24318]]]}},{"id":"1519","type":"Feature","properties":{"CVEGEO":"0901300010527"},"geometry":{"type":"Polygon","coordinates":[[[-99.02226,19.25806],[-99.03041,19.25979],[-99.03093,19.25825],[-99.03309,19.25847],[-99.04289,19.25532],[-99.04222,19.26107],[-99.03929,19.26186],[-99.03486,19.26538],[-99.03327,19.26538],[-99.03267,19.26669],[-99.02982,19.2626],[-99.02151,19.26112],[-99.02226,19.25806]]]}},{"id":"1520","type":"Feature","properties":{"CVEGEO":"0901300010599"},"geometry":{"type":"Polygon","coordinates":[[[-99.12137,19.23895],[-99.12028,19.23586],[-99.12143,19.23472],[-99.12238,19.23163],[-99.13055,19.23217],[-99.12979,19.23774],[-99.12422,19.23708],[-99.12417,19.23879],[-99.12283,19.23944],[-99.12137,19.23895]]]}},{"id":"1521","type":"Feature","properties":{"CVEGEO":"0901300010692"},"geometry":{"type":"Polygon","coordinates":[[[-99.02557,19.25429],[-99.04362,19.24404],[-99.04289,19.25532],[-99.03309,19.25847],[-99.03093,19.25825],[-99.03041,19.25979],[-99.02293,19.25823],[-99.02557,19.25429]]]}},{"id":"1522","type":"Feature","properties":{"CVEGEO":"0901300010739"},"geometry":{"type":"Polygon","coordinates":[[[-99.08444,19.2392],[-99.08474,19.23772],[-99.0841,19.23719],[-99.08531,19.23489],[-99.08445,19.2343],[-99.08382,19.2333],[-99.08685,19.23526],[-99.0881,19.23337],[-99.0878,19.2317],[-99.09112,19.23196],[-99.09081,19.23457],[-99.09138,19.23525],[-99.09295,19.2351],[-99.09294,19.2357],[-99.09176,19.23609],[-99.09056,19.23536],[-99.08993,19.23703],[-99.08809,19.23683],[-99.08869,19.23857],[-99.08711,19.23895],[-99.08683,19.24048],[-99.08016,19.24198],[-99.07959,19.24047],[-99.08444,19.2392]]]}},{"id":"1523","type":"Feature","properties":{"CVEGEO":"0901300010828"},"geometry":{"type":"Polygon","coordinates":[[[-99.1271,19.24342],[-99.12511,19.2431],[-99.12284,19.24483],[-99.1223,19.243],[-99.12118,19.24212],[-99.12137,19.23895],[-99.12319,19.23953],[-99.12344,19.23882],[-99.12417,19.23879],[-99.12422,19.23708],[-99.13013,19.23754],[-99.13039,19.24286],[-99.1283,19.24512],[-99.1258,19.24628],[-99.1271,19.24342]]]}},{"id":"1524","type":"Feature","properties":{"CVEGEO":"0901300010917"},"geometry":{"type":"Polygon","coordinates":[[[-99.13633,19.26624],[-99.13569,19.26635],[-99.13313,19.26105],[-99.13298,19.25853],[-99.13319,19.25765],[-99.13413,19.25784],[-99.13412,19.26034],[-99.13587,19.26084],[-99.13539,19.26013],[-99.13826,19.25642],[-99.13909,19.25389],[-99.1408,19.257],[-99.14017,19.25786],[-99.14237,19.26023],[-99.1424,19.26662],[-99.14333,19.26652],[-99.14322,19.26723],[-99.14005,19.26671],[-99.13971,19.26758],[-99.13823,19.26723],[-99.13795,19.26808],[-99.13653,19.26764],[-99.13633,19.26624]]]}},{"id":"1525","type":"Feature","properties":{"CVEGEO":"0901300011084"},"geometry":{"type":"Polygon","coordinates":[[[-99.10218,19.26828],[-99.10579,19.26956],[-99.10219,19.27465],[-99.10143,19.26904],[-99.10218,19.26828]]]}},{"id":"1526","type":"Feature","properties":{"CVEGEO":"0901300011099"},"geometry":{"type":"Polygon","coordinates":[[[-99.09708,19.27481],[-99.09904,19.27028],[-99.09969,19.26563],[-99.10156,19.26803],[-99.10219,19.27465],[-99.09877,19.27774],[-99.09687,19.27718],[-99.09708,19.27481]]]}},{"id":"1527","type":"Feature","properties":{"CVEGEO":"0901300011101"},"geometry":{"type":"Polygon","coordinates":[[[-99.09003,19.27212],[-99.09108,19.27158],[-99.09197,19.26908],[-99.09088,19.26877],[-99.09174,19.26648],[-99.09263,19.26666],[-99.09303,19.26522],[-99.09372,19.26542],[-99.09403,19.26466],[-99.0982,19.26537],[-99.09836,19.26471],[-99.09893,19.26485],[-99.09969,19.26563],[-99.09937,19.26888],[-99.09708,19.27481],[-99.09687,19.27718],[-99.09418,19.27641],[-99.09504,19.27407],[-99.09003,19.27212]]]}},{"id":"1528","type":"Feature","properties":{"CVEGEO":"0901300011116"},"geometry":{"type":"Polygon","coordinates":[[[-99.09521,19.26499],[-99.09403,19.26466],[-99.09423,19.264],[-99.09179,19.26323],[-99.09443,19.262],[-99.09433,19.26249],[-99.09869,19.26324],[-99.0982,19.26537],[-99.09543,19.26454],[-99.09521,19.26499]]]}},{"id":"1529","type":"Feature","properties":{"CVEGEO":"0901300011120"},"geometry":{"type":"Polygon","coordinates":[[[-99.09659,19.2576],[-99.09851,19.25741],[-99.09982,19.25807],[-99.09869,19.26324],[-99.09613,19.26274],[-99.09659,19.2576]]]}},{"id":"1530","type":"Feature","properties":{"CVEGEO":"0901300011277"},"geometry":{"type":"Polygon","coordinates":[[[-99.08317,19.29965],[-99.08423,19.29867],[-99.08535,19.29872],[-99.08851,19.30252],[-99.09163,19.29733],[-99.09136,19.29508],[-99.09304,19.2933],[-99.09257,19.29179],[-99.09537,19.28835],[-99.09562,19.28578],[-99.10187,19.28635],[-99.10177,19.29347],[-99.10107,19.29495],[-99.09929,19.32045],[-99.0988,19.32045],[-99.09869,19.31867],[-99.09771,19.31717],[-99.08317,19.29965]]]}},{"id":"1531","type":"Feature","properties":{"CVEGEO":"0901300011313"},"geometry":{"type":"Polygon","coordinates":[[[-99.01392,19.25858],[-99.01538,19.25641],[-99.01542,19.25519],[-99.01809,19.25544],[-99.01832,19.25408],[-99.01904,19.25431],[-99.01951,19.25324],[-99.02151,19.25316],[-99.02174,19.25202],[-99.02575,19.25322],[-99.026,19.25268],[-99.02796,19.25275],[-99.02498,19.25479],[-99.02293,19.25823],[-99.02226,19.25806],[-99.02151,19.26112],[-99.01907,19.2609],[-99.01392,19.25858]]]}},{"id":"1532","type":"Feature","properties":{"CVEGEO":"0901300011332"},"geometry":{"type":"Polygon","coordinates":[[[-99.12884,19.26221],[-99.13253,19.26288],[-99.13335,19.26149],[-99.13569,19.26635],[-99.12931,19.26742],[-99.1284,19.26805],[-99.12747,19.26677],[-99.12884,19.26221]]]}},{"id":"1533","type":"Feature","properties":{"CVEGEO":"0901300011347"},"geometry":{"type":"Polygon","coordinates":[[[-99.12564,19.26288],[-99.12388,19.25945],[-99.1278,19.26257],[-99.12747,19.26677],[-99.12661,19.26657],[-99.12564,19.26288]]]}},{"id":"1534","type":"Feature","properties":{"CVEGEO":"0901300011370"},"geometry":{"type":"Polygon","coordinates":[[[-99.07291,19.24775],[-99.07564,19.24648],[-99.07782,19.2465],[-99.07996,19.24793],[-99.07883,19.25143],[-99.07734,19.25098],[-99.07697,19.25225],[-99.07317,19.25129],[-99.07261,19.25016],[-99.07123,19.24974],[-99.07291,19.24775]]]}},{"id":"1535","type":"Feature","properties":{"CVEGEO":"0901300011421"},"geometry":{"type":"Polygon","coordinates":[[[-99.13137,19.24977],[-99.13187,19.24838],[-99.12996,19.24787],[-99.13015,19.24715],[-99.13235,19.24624],[-99.13376,19.24481],[-99.13698,19.2457],[-99.13726,19.24638],[-99.13628,19.24602],[-99.13557,19.24689],[-99.13412,19.24641],[-99.1332,19.24736],[-99.1341,19.24801],[-99.13329,19.24994],[-99.13137,19.24977]]]}},{"id":"1536","type":"Feature","properties":{"CVEGEO":"0901300011493"},"geometry":{"type":"Polygon","coordinates":[[[-99.02812,19.24553],[-99.02614,19.24511],[-99.02786,19.24295],[-99.03156,19.24465],[-99.03021,19.24834],[-99.02742,19.24735],[-99.02812,19.24553]]]}},{"id":"1537","type":"Feature","properties":{"CVEGEO":"0901300011506"},"geometry":{"type":"Polygon","coordinates":[[[-99.11235,19.22991],[-99.10974,19.22993],[-99.10951,19.2291],[-99.11183,19.22756],[-99.11253,19.22593],[-99.11458,19.22662],[-99.11593,19.22617],[-99.11579,19.22722],[-99.11739,19.22763],[-99.11691,19.22907],[-99.11745,19.23146],[-99.11235,19.22991]]]}},{"id":"1538","type":"Feature","properties":{"CVEGEO":"0901300011559"},"geometry":{"type":"Polygon","coordinates":[[[-99.02586,19.24431],[-99.02498,19.24363],[-99.02224,19.24545],[-99.02089,19.24552],[-99.02366,19.2398],[-99.02675,19.24065],[-99.0289,19.2387],[-99.03253,19.23981],[-99.03053,19.24128],[-99.03012,19.244],[-99.02899,19.2438],[-99.02917,19.24316],[-99.02834,19.24284],[-99.02672,19.24415],[-99.02614,19.24511],[-99.02812,19.24553],[-99.02759,19.2473],[-99.02626,19.24695],[-99.02622,19.24604],[-99.02553,19.2458],[-99.02586,19.24431]]]}},{"id":"1539","type":"Feature","properties":{"CVEGEO":"0900400010119"},"geometry":{"type":"Polygon","coordinates":[[[-99.29993,19.34421],[-99.29823,19.34432],[-99.29777,19.34367],[-99.30021,19.34319],[-99.30092,19.34372],[-99.30256,19.33999],[-99.30796,19.34009],[-99.30926,19.33822],[-99.31115,19.33913],[-99.31028,19.34088],[-99.30824,19.34228],[-99.30595,19.34903],[-99.29689,19.35123],[-99.29477,19.35264],[-99.29547,19.35112],[-99.29523,19.34947],[-99.2978,19.3469],[-99.29754,19.34514],[-99.29993,19.34421]]]}},{"id":"1540","type":"Feature","properties":{"CVEGEO":"0900400200388"},"geometry":{"type":"Polygon","coordinates":[[[-99.32278,19.34008],[-99.3239,19.33922],[-99.32187,19.3378],[-99.32428,19.33792],[-99.32661,19.33308],[-99.32711,19.3353],[-99.32779,19.33578],[-99.32733,19.33809],[-99.32903,19.34027],[-99.32637,19.34069],[-99.32519,19.34235],[-99.3239,19.34186],[-99.32371,19.34341],[-99.32318,19.34329],[-99.32278,19.34008]]]}},{"id":"1541","type":"Feature","properties":{"CVEGEO":"090040001002A"},"geometry":{"type":"Polygon","coordinates":[[[-99.2887,19.37413],[-99.28864,19.37511],[-99.28767,19.37668],[-99.2857,19.37644],[-99.28507,19.378],[-99.28496,19.37647],[-99.28315,19.37636],[-99.28144,19.37444],[-99.28358,19.3737],[-99.2887,19.37413]]]}},{"id":"1542","type":"Feature","properties":{"CVEGEO":"0900400010053"},"geometry":{"type":"Polygon","coordinates":[[[-99.2887,19.37413],[-99.28358,19.3737],[-99.29182,19.36963],[-99.29402,19.36992],[-99.29323,19.37192],[-99.29118,19.37349],[-99.29061,19.37502],[-99.28864,19.37511],[-99.2887,19.37413]]]}},{"id":"1543","type":"Feature","properties":{"CVEGEO":"0900400010180"},"geometry":{"type":"Polygon","coordinates":[[[-99.25083,19.393],[-99.25255,19.39005],[-99.26321,19.38188],[-99.26438,19.38035],[-99.26682,19.38042],[-99.26638,19.38363],[-99.26402,19.38481],[-99.26243,19.38878],[-99.26002,19.38978],[-99.25925,19.3926],[-99.25484,19.39371],[-99.25436,19.39415],[-99.25475,19.39522],[-99.25288,19.39357],[-99.24959,19.39355],[-99.25083,19.393]]]}},{"id":"1544","type":"Feature","properties":{"CVEGEO":"090040001034A"},"geometry":{"type":"Polygon","coordinates":[[[-99.29059,19.37017],[-99.28584,19.36958],[-99.28699,19.36743],[-99.29071,19.36708],[-99.29059,19.37017]]]}},{"id":"1545","type":"Feature","properties":{"CVEGEO":"090040001041A"},"geometry":{"type":"Polygon","coordinates":[[[-99.27878,19.37033],[-99.27949,19.36752],[-99.28232,19.3689],[-99.28497,19.36922],[-99.2846,19.37117],[-99.28336,19.3709],[-99.28298,19.3722],[-99.28203,19.37265],[-99.27913,19.37345],[-99.27734,19.37257],[-99.27878,19.37033]]]}},{"id":"1546","type":"Feature","properties":{"CVEGEO":"0900400010104"},"geometry":{"type":"Polygon","coordinates":[[[-99.2823,19.36025],[-99.28354,19.35983],[-99.28366,19.36041],[-99.28716,19.35818],[-99.28848,19.35809],[-99.28757,19.35597],[-99.28985,19.35527],[-99.29132,19.35372],[-99.29599,19.35553],[-99.29197,19.36037],[-99.28835,19.36203],[-99.28857,19.36094],[-99.28705,19.36238],[-99.27892,19.3641],[-99.27887,19.36304],[-99.28086,19.36202],[-99.28079,19.36133],[-99.28211,19.36134],[-99.2823,19.36025]]]}},{"id":"1547","type":"Feature","properties":{"CVEGEO":"0900400010072"},"geometry":{"type":"Polygon","coordinates":[[[-99.29022,19.36589],[-99.29279,19.36485],[-99.29259,19.36839],[-99.29405,19.36987],[-99.29414,19.37005],[-99.29255,19.36946],[-99.29073,19.37003],[-99.29027,19.36763],[-99.29071,19.36708],[-99.29022,19.36589]]]}},{"id":"1548","type":"Feature","properties":{"CVEGEO":"090040001027A"},"geometry":{"type":"Polygon","coordinates":[[[-99.2846,19.37117],[-99.28543,19.36728],[-99.28699,19.36743],[-99.28584,19.36958],[-99.29059,19.37017],[-99.28358,19.3737],[-99.28374,19.371],[-99.2846,19.37117]]]}},{"id":"1549","type":"Feature","properties":{"CVEGEO":"0900400010354"},"geometry":{"type":"Polygon","coordinates":[[[-99.27949,19.36752],[-99.28069,19.36421],[-99.28157,19.36351],[-99.28705,19.36238],[-99.28857,19.36094],[-99.28835,19.36203],[-99.2937,19.35892],[-99.29279,19.36485],[-99.29022,19.36589],[-99.29046,19.36712],[-99.28543,19.36728],[-99.28497,19.36922],[-99.27949,19.36752]]]}},{"id":"1550","type":"Feature","properties":{"CVEGEO":"0900400200246"},"geometry":{"type":"Polygon","coordinates":[[[-99.32733,19.33809],[-99.32779,19.33578],[-99.32711,19.3353],[-99.32661,19.33308],[-99.32428,19.33792],[-99.32223,19.33749],[-99.3205,19.33818],[-99.32073,19.33664],[-99.31946,19.33551],[-99.32002,19.33147],[-99.31892,19.3271],[-99.31902,19.32647],[-99.32477,19.32412],[-99.32605,19.32272],[-99.32765,19.32501],[-99.3299,19.32165],[-99.33168,19.32051],[-99.33363,19.3214],[-99.33352,19.32246],[-99.33287,19.32252],[-99.33324,19.32583],[-99.3325,19.32646],[-99.33303,19.32785],[-99.33171,19.32936],[-99.33185,19.3303],[-99.33054,19.33251],[-99.33182,19.33554],[-99.33115,19.33978],[-99.3302,19.34112],[-99.32733,19.33809]]]}},{"id":"1551","type":"Feature","properties":{"CVEGEO":"0900400200316"},"geometry":{"type":"Polygon","coordinates":[[[-99.3247,19.31989],[-99.32556,19.31673],[-99.32746,19.31436],[-99.32783,19.30707],[-99.32603,19.30402],[-99.33128,19.3031],[-99.33271,19.30154],[-99.33415,19.30124],[-99.33799,19.30415],[-99.34025,19.30423],[-99.34121,19.30363],[-99.3422,19.30628],[-99.34185,19.3074],[-99.34306,19.30909],[-99.34039,19.31162],[-99.33664,19.3202],[-99.33406,19.32143],[-99.33168,19.32051],[-99.3299,19.32165],[-99.32752,19.32507],[-99.32605,19.32272],[-99.32216,19.32558],[-99.31794,19.3269],[-99.31669,19.32917],[-99.31705,19.3271],[-99.31947,19.3222],[-99.32149,19.31962],[-99.3247,19.31989]]]}},{"id":"1552","type":"Feature","properties":{"CVEGEO":"0900400010301"},"geometry":{"type":"Polygon","coordinates":[[[-99.29321,19.36208],[-99.29681,19.36158],[-99.29774,19.36317],[-99.29627,19.36505],[-99.29629,19.36705],[-99.29477,19.36986],[-99.29414,19.37005],[-99.29259,19.36839],[-99.29321,19.36208]]]}},{"id":"1553","type":"Feature","properties":{"CVEGEO":"0900400010227"},"geometry":{"type":"Polygon","coordinates":[[[-99.31044,19.35782],[-99.31131,19.35744],[-99.31136,19.35632],[-99.3122,19.35559],[-99.3119,19.35483],[-99.31486,19.35195],[-99.31455,19.35137],[-99.31527,19.35045],[-99.3167,19.34964],[-99.3173,19.34629],[-99.3186,19.34555],[-99.31809,19.3482],[-99.3194,19.34877],[-99.32257,19.34787],[-99.32302,19.34715],[-99.32482,19.35008],[-99.32494,19.35164],[-99.32648,19.3527],[-99.32678,19.35371],[-99.32376,19.35795],[-99.32222,19.35866],[-99.32011,19.35772],[-99.31813,19.35816],[-99.31712,19.35763],[-99.31511,19.35941],[-99.31384,19.35964],[-99.31326,19.35861],[-99.31249,19.35968],[-99.31051,19.35879],[-99.31044,19.35782]]]}},{"id":"1554","type":"Feature","properties":{"CVEGEO":"0900400010392"},"geometry":{"type":"Polygon","coordinates":[[[-99.31867,19.34466],[-99.31989,19.34466],[-99.31996,19.34537],[-99.32074,19.34468],[-99.31969,19.34699],[-99.32109,19.34799],[-99.32302,19.34715],[-99.32138,19.34836],[-99.31827,19.3484],[-99.31867,19.34466]]]}},{"id":"1555","type":"Feature","properties":{"CVEGEO":"0900400010208"},"geometry":{"type":"Polygon","coordinates":[[[-99.29902,19.36752],[-99.29951,19.36218],[-99.30167,19.3618],[-99.30227,19.35858],[-99.3034,19.35857],[-99.30343,19.35716],[-99.3076,19.35755],[-99.3091,19.35461],[-99.31004,19.35448],[-99.31042,19.35353],[-99.31196,19.35362],[-99.31493,19.35136],[-99.3134,19.35376],[-99.3119,19.35483],[-99.3122,19.35559],[-99.31136,19.35632],[-99.31131,19.35744],[-99.31044,19.35782],[-99.31051,19.35879],[-99.30977,19.3594],[-99.30947,19.35905],[-99.30867,19.36023],[-99.30615,19.36045],[-99.30526,19.36162],[-99.30476,19.36085],[-99.30464,19.36333],[-99.30538,19.36545],[-99.3043,19.36631],[-99.30405,19.36869],[-99.30239,19.37012],[-99.30229,19.36711],[-99.30058,19.36906],[-99.29902,19.36752]]]}},{"id":"1556","type":"Feature","properties":{"CVEGEO":"0900400010299"},"geometry":{"type":"Polygon","coordinates":[[[-99.29627,19.36505],[-99.29774,19.36317],[-99.29681,19.36158],[-99.29321,19.36208],[-99.2937,19.35892],[-99.29599,19.35553],[-99.30147,19.35753],[-99.30109,19.3583],[-99.30207,19.35933],[-99.30167,19.3618],[-99.29951,19.36218],[-99.29947,19.36585],[-99.29844,19.36888],[-99.29747,19.36941],[-99.29559,19.36908],[-99.29627,19.36505]]]}},{"id":"1557","type":"Feature","properties":{"CVEGEO":"0900400010123"},"geometry":{"type":"Polygon","coordinates":[[[-99.28973,19.35368],[-99.28751,19.35201],[-99.28511,19.3519],[-99.28345,19.34804],[-99.28651,19.34698],[-99.28729,19.34758],[-99.2915,19.34494],[-99.2932,19.34505],[-99.29758,19.34359],[-99.29823,19.34432],[-99.29993,19.34421],[-99.29754,19.34514],[-99.2978,19.3469],[-99.29514,19.34969],[-99.29547,19.35112],[-99.29477,19.35264],[-99.29689,19.35123],[-99.29809,19.35218],[-99.29746,19.35321],[-99.29519,19.35516],[-99.28973,19.35368]]]}},{"id":"1558","type":"Feature","properties":{"CVEGEO":"0900400010369"},"geometry":{"type":"Polygon","coordinates":[[[-99.26683,19.36355],[-99.26126,19.36104],[-99.26025,19.35649],[-99.26814,19.3558],[-99.27053,19.35338],[-99.27749,19.35208],[-99.28099,19.34839],[-99.28345,19.34804],[-99.28451,19.35006],[-99.28389,19.35013],[-99.28446,19.3519],[-99.28369,19.35351],[-99.28628,19.35482],[-99.28436,19.35755],[-99.28248,19.35882],[-99.28211,19.36134],[-99.28079,19.36133],[-99.28086,19.36202],[-99.27887,19.36304],[-99.27892,19.3641],[-99.27308,19.36566],[-99.26988,19.36893],[-99.26978,19.37144],[-99.26838,19.37181],[-99.26827,19.37042],[-99.26911,19.36906],[-99.26816,19.36872],[-99.26549,19.37204],[-99.26507,19.37175],[-99.26678,19.36752],[-99.26683,19.36355]]]}},{"id":"1559","type":"Feature","properties":{"CVEGEO":"0900400010212"},"geometry":{"type":"Polygon","coordinates":[[[-99.28248,19.35882],[-99.28436,19.35755],[-99.28628,19.35482],[-99.28369,19.35351],[-99.28435,19.35081],[-99.28525,19.35197],[-99.28751,19.35201],[-99.28973,19.35368],[-99.29132,19.35372],[-99.28985,19.35527],[-99.28757,19.35597],[-99.28848,19.35809],[-99.28716,19.35818],[-99.28366,19.36041],[-99.28354,19.35983],[-99.2823,19.36025],[-99.28248,19.35882]]]}},{"id":"1560","type":"Feature","properties":{"CVEGEO":"0900400010049"},"geometry":{"type":"Polygon","coordinates":[[[-99.26148,19.3785],[-99.26494,19.37629],[-99.26479,19.37546],[-99.26157,19.37591],[-99.2598,19.37703],[-99.26103,19.37603],[-99.26298,19.37504],[-99.26643,19.37444],[-99.26758,19.37337],[-99.26992,19.3732],[-99.26965,19.36942],[-99.27315,19.36561],[-99.28157,19.36351],[-99.28069,19.36421],[-99.27878,19.37033],[-99.27714,19.3724],[-99.2775,19.37413],[-99.27659,19.37652],[-99.27503,19.3774],[-99.2756,19.38047],[-99.27477,19.38233],[-99.27338,19.38257],[-99.27319,19.38121],[-99.27189,19.37992],[-99.27316,19.37809],[-99.27261,19.37713],[-99.26148,19.3785]]]}},{"id":"1561","type":"Feature","properties":{"CVEGEO":"0900400010195"},"geometry":{"type":"Polygon","coordinates":[[[-99.24695,19.39266],[-99.24853,19.39041],[-99.24765,19.38596],[-99.2598,19.37703],[-99.26157,19.37591],[-99.26479,19.37546],[-99.26494,19.37629],[-99.26148,19.3785],[-99.26733,19.37769],[-99.26912,19.37859],[-99.26933,19.38001],[-99.26826,19.38034],[-99.26719,19.3823],[-99.26668,19.38263],[-99.26682,19.38042],[-99.26473,19.38015],[-99.25255,19.39005],[-99.25083,19.393],[-99.24723,19.39425],[-99.24695,19.39266]]]}},{"id":"1562","type":"Feature","properties":{"CVEGEO":"0900400010091"},"geometry":{"type":"Polygon","coordinates":[[[-99.30109,19.3583],[-99.30147,19.35753],[-99.29519,19.35516],[-99.29804,19.35234],[-99.29689,19.35123],[-99.30204,19.34998],[-99.30477,19.35393],[-99.30576,19.35428],[-99.31042,19.35353],[-99.31004,19.35448],[-99.3091,19.35461],[-99.3076,19.35755],[-99.30343,19.35716],[-99.3034,19.35857],[-99.30227,19.35858],[-99.30207,19.35933],[-99.30109,19.3583]]]}},{"id":"1563","type":"Feature","properties":{"CVEGEO":"0900400010231"},"geometry":{"type":"Polygon","coordinates":[[[-99.30615,19.34882],[-99.30813,19.34248],[-99.31028,19.34088],[-99.31115,19.33913],[-99.3132,19.34016],[-99.31241,19.34558],[-99.31733,19.34731],[-99.3167,19.34964],[-99.31149,19.35382],[-99.30477,19.35393],[-99.30204,19.34998],[-99.30615,19.34882]]]}},{"id":"1564","type":"Feature","properties":{"CVEGEO":"0900400010138"},"geometry":{"type":"Polygon","coordinates":[[[-99.26916,19.34195],[-99.2785,19.33773],[-99.28116,19.33743],[-99.28005,19.33625],[-99.2803,19.3352],[-99.28433,19.33668],[-99.28459,19.33779],[-99.28573,19.33805],[-99.28541,19.34137],[-99.28268,19.34442],[-99.2804,19.34441],[-99.28045,19.34498],[-99.27966,19.34523],[-99.27859,19.34332],[-99.27534,19.34488],[-99.27472,19.34446],[-99.27482,19.34291],[-99.27039,19.34299],[-99.26916,19.34195]]]}},{"id":"1565","type":"Feature","properties":{"CVEGEO":"0900400010320"},"geometry":{"type":"Polygon","coordinates":[[[-99.28649,19.34277],[-99.28572,19.34257],[-99.28268,19.34442],[-99.28541,19.34137],[-99.28573,19.33805],[-99.28824,19.33744],[-99.29027,19.33774],[-99.29227,19.33379],[-99.2954,19.33301],[-99.29328,19.33461],[-99.29224,19.33662],[-99.29306,19.33777],[-99.29157,19.34016],[-99.29253,19.34171],[-99.28998,19.34325],[-99.29061,19.34435],[-99.28816,19.3452],[-99.28547,19.34777],[-99.28222,19.3482],[-99.28418,19.34672],[-99.28649,19.34277]]]}},{"id":"1566","type":"Feature","properties":{"CVEGEO":"0900400010373"},"geometry":{"type":"Polygon","coordinates":[[[-99.25931,19.35012],[-99.25821,19.34976],[-99.26113,19.34783],[-99.259,19.34806],[-99.26306,19.34684],[-99.26498,19.34468],[-99.26678,19.34407],[-99.26842,19.34189],[-99.27032,19.34318],[-99.27482,19.34291],[-99.27472,19.34446],[-99.27534,19.34488],[-99.27859,19.34332],[-99.27966,19.34523],[-99.28045,19.34498],[-99.2804,19.34441],[-99.28308,19.3444],[-99.28572,19.34257],[-99.28649,19.34277],[-99.28469,19.34638],[-99.28099,19.34839],[-99.27844,19.35164],[-99.27104,19.35317],[-99.26927,19.35409],[-99.26814,19.3558],[-99.26025,19.35649],[-99.25931,19.35012]]]}},{"id":"1567","type":"Feature","properties":{"CVEGEO":"0900400010250"},"geometry":{"type":"Polygon","coordinates":[[[-99.28433,19.33668],[-99.28512,19.33627],[-99.2875,19.33115],[-99.2867,19.32977],[-99.28832,19.33067],[-99.28796,19.33348],[-99.29126,19.32916],[-99.29078,19.32665],[-99.29174,19.32421],[-99.29048,19.32157],[-99.29332,19.32034],[-99.29458,19.31701],[-99.29547,19.31756],[-99.29646,19.31723],[-99.29643,19.31823],[-99.2984,19.31944],[-99.29974,19.32174],[-99.29774,19.32185],[-99.29484,19.32073],[-99.29428,19.31984],[-99.29402,19.32383],[-99.29601,19.32594],[-99.29684,19.32604],[-99.296,19.33218],[-99.29543,19.33307],[-99.29227,19.33379],[-99.29027,19.33774],[-99.28824,19.33744],[-99.28573,19.33805],[-99.28448,19.33759],[-99.28433,19.33668]]]}},{"id":"1568","type":"Feature","properties":{"CVEGEO":"0900400010176"},"geometry":{"type":"Polygon","coordinates":[[[-99.25689,19.40048],[-99.25581,19.40357],[-99.25525,19.39868],[-99.25635,19.39651],[-99.25963,19.39431],[-99.25925,19.3926],[-99.25978,19.39015],[-99.26243,19.38878],[-99.26402,19.38481],[-99.2662,19.38385],[-99.26791,19.38075],[-99.26933,19.38001],[-99.26843,19.3778],[-99.27261,19.37713],[-99.27316,19.37809],[-99.27187,19.37981],[-99.27319,19.38121],[-99.27338,19.38257],[-99.27477,19.38233],[-99.27494,19.38314],[-99.27662,19.38317],[-99.27497,19.38331],[-99.27498,19.38504],[-99.2742,19.38486],[-99.27278,19.38938],[-99.26957,19.39038],[-99.26948,19.39136],[-99.26816,19.39245],[-99.2671,19.39207],[-99.26172,19.39599],[-99.26114,19.39965],[-99.25907,19.40146],[-99.25883,19.40375],[-99.25788,19.40484],[-99.25827,19.40268],[-99.25689,19.40048]]]}},{"id":"1569","type":"Feature","properties":{"CVEGEO":"0900400010405"},"geometry":{"type":"Polygon","coordinates":[[[-99.2756,19.38047],[-99.27503,19.3774],[-99.27659,19.37652],[-99.2775,19.37413],[-99.27734,19.37257],[-99.27913,19.37345],[-99.28298,19.3722],[-99.28374,19.371],[-99.28358,19.3737],[-99.28144,19.37444],[-99.28315,19.37636],[-99.28496,19.37647],[-99.28511,19.37887],[-99.28457,19.37969],[-99.28381,19.37967],[-99.28283,19.3814],[-99.28004,19.38227],[-99.27369,19.38704],[-99.2742,19.38486],[-99.27498,19.38504],[-99.27497,19.38331],[-99.27662,19.38321],[-99.27494,19.38314],[-99.2756,19.38047]]]}},{"id":"1570","type":"Feature","properties":{"CVEGEO":"0900800010086"},"geometry":{"type":"Polygon","coordinates":[[[-99.21247,19.32723],[-99.21435,19.32532],[-99.22047,19.32108],[-99.22319,19.32287],[-99.22358,19.325],[-99.22232,19.3252],[-99.22265,19.32704],[-99.2186,19.32811],[-99.21965,19.32989],[-99.21906,19.33066],[-99.21373,19.33325],[-99.21403,19.332],[-99.21291,19.33158],[-99.21125,19.33182],[-99.20937,19.33328],[-99.21247,19.32723]]]}},{"id":"1571","type":"Feature","properties":{"CVEGEO":"0900800010387"},"geometry":{"type":"Polygon","coordinates":[[[-99.25892,19.31333],[-99.26161,19.31085],[-99.26296,19.31139],[-99.26437,19.31315],[-99.26599,19.31257],[-99.26605,19.31345],[-99.26177,19.31769],[-99.26037,19.32057],[-99.25808,19.32239],[-99.25792,19.31834],[-99.25863,19.31711],[-99.2569,19.31643],[-99.25892,19.31333]]]}},{"id":"1572","type":"Feature","properties":{"CVEGEO":"0900800010438"},"geometry":{"type":"Polygon","coordinates":[[[-99.26703,19.30783],[-99.26607,19.30846],[-99.26571,19.30679],[-99.26843,19.30512],[-99.27001,19.30577],[-99.2712,19.30722],[-99.27006,19.31152],[-99.27054,19.31194],[-99.26953,19.31356],[-99.26844,19.31401],[-99.26605,19.31345],[-99.26703,19.30783]]]}},{"id":"1573","type":"Feature","properties":{"CVEGEO":"0900800010527"},"geometry":{"type":"Polygon","coordinates":[[[-99.24999,19.321],[-99.24822,19.32052],[-99.24742,19.31947],[-99.24777,19.31863],[-99.24954,19.31862],[-99.25182,19.32011],[-99.25301,19.32002],[-99.25343,19.31978],[-99.25191,19.3184],[-99.25128,19.31655],[-99.25635,19.31657],[-99.25566,19.31916],[-99.25626,19.32095],[-99.25461,19.32393],[-99.25326,19.32373],[-99.25363,19.32687],[-99.25138,19.32708],[-99.25213,19.32529],[-99.25079,19.32581],[-99.24988,19.32539],[-99.24999,19.321]]]}},{"id":"1574","type":"Feature","properties":{"CVEGEO":"0900800010508"},"geometry":{"type":"Polygon","coordinates":[[[-99.22993,19.30601],[-99.23095,19.30734],[-99.22796,19.30917],[-99.22734,19.31018],[-99.22502,19.31034],[-99.22761,19.30806],[-99.22759,19.30719],[-99.22993,19.30601]]]}},{"id":"1575","type":"Feature","properties":{"CVEGEO":"0900800010194"},"geometry":{"type":"Polygon","coordinates":[[[-99.22169,19.32191],[-99.22047,19.32108],[-99.22147,19.3193],[-99.22116,19.31705],[-99.22593,19.31614],[-99.22808,19.32038],[-99.22564,19.32225],[-99.22508,19.32052],[-99.22169,19.32191]]]}},{"id":"1576","type":"Feature","properties":{"CVEGEO":"0900800010476"},"geometry":{"type":"Polygon","coordinates":[[[-99.24346,19.27565],[-99.24461,19.2729],[-99.24347,19.26979],[-99.24589,19.26767],[-99.24593,19.26651],[-99.2522,19.26695],[-99.25302,19.27023],[-99.25222,19.27063],[-99.2524,19.2715],[-99.25124,19.2715],[-99.25082,19.2726],[-99.24812,19.27373],[-99.24582,19.27595],[-99.24446,19.27621],[-99.24346,19.27565]]]}},{"id":"1577","type":"Feature","properties":{"CVEGEO":"0900800010052"},"geometry":{"type":"Polygon","coordinates":[[[-99.22021,19.33121],[-99.2186,19.32811],[-99.22398,19.32682],[-99.22476,19.32771],[-99.22632,19.32772],[-99.22605,19.32893],[-99.22378,19.33001],[-99.22548,19.33058],[-99.22615,19.33163],[-99.22133,19.33382],[-99.22004,19.33394],[-99.21899,19.33234],[-99.22021,19.33121]]]}},{"id":"1578","type":"Feature","properties":{"CVEGEO":"0900800010090"},"geometry":{"type":"Polygon","coordinates":[[[-99.24682,19.32512],[-99.24617,19.3225],[-99.25,19.32229],[-99.2498,19.32527],[-99.25079,19.32581],[-99.25217,19.32536],[-99.25138,19.32708],[-99.24503,19.32843],[-99.24682,19.32512]]]}},{"id":"1579","type":"Feature","properties":{"CVEGEO":"0900800010103"},"geometry":{"type":"Polygon","coordinates":[[[-99.242,19.32476],[-99.24233,19.32402],[-99.24682,19.32512],[-99.24503,19.32843],[-99.24423,19.32856],[-99.24277,19.328],[-99.24086,19.32495],[-99.242,19.32476]]]}},{"id":"1580","type":"Feature","properties":{"CVEGEO":"0900800010334"},"geometry":{"type":"Polygon","coordinates":[[[-99.22993,19.30601],[-99.2319,19.30504],[-99.23397,19.30598],[-99.23413,19.30979],[-99.23041,19.31003],[-99.2319,19.30837],[-99.22993,19.30601]]]}},{"id":"1581","type":"Feature","properties":{"CVEGEO":"0900800010118"},"geometry":{"type":"Polygon","coordinates":[[[-99.22744,19.32585],[-99.22685,19.3245],[-99.23363,19.31939],[-99.23543,19.32311],[-99.23694,19.32191],[-99.23823,19.32454],[-99.23349,19.32723],[-99.2312,19.32984],[-99.22716,19.3316],[-99.22615,19.33163],[-99.22548,19.33058],[-99.22378,19.33001],[-99.22605,19.32893],[-99.22744,19.32585]]]}},{"id":"1582","type":"Feature","properties":{"CVEGEO":"0900800010156"},"geometry":{"type":"Polygon","coordinates":[[[-99.23823,19.32454],[-99.23766,19.32351],[-99.2411,19.32053],[-99.24218,19.32403],[-99.242,19.32476],[-99.23823,19.32454]]]}},{"id":"1583","type":"Feature","properties":{"CVEGEO":"0900800010283"},"geometry":{"type":"Polygon","coordinates":[[[-99.22071,19.31113],[-99.22493,19.3106],[-99.22868,19.3141],[-99.22842,19.31488],[-99.22561,19.31534],[-99.22593,19.31614],[-99.22116,19.31705],[-99.21993,19.31226],[-99.22071,19.31113]]]}},{"id":"1584","type":"Feature","properties":{"CVEGEO":"0900800010512"},"geometry":{"type":"Polygon","coordinates":[[[-99.25326,19.32373],[-99.25461,19.32393],[-99.25626,19.32095],[-99.25566,19.31916],[-99.25635,19.31657],[-99.25827,19.31687],[-99.25808,19.32239],[-99.25518,19.32656],[-99.25363,19.32687],[-99.25326,19.32373]]]}},{"id":"1585","type":"Feature","properties":{"CVEGEO":"0900800010175"},"geometry":{"type":"Polygon","coordinates":[[[-99.23105,19.3174],[-99.23092,19.3192],[-99.23191,19.32077],[-99.22617,19.32462],[-99.22564,19.32225],[-99.23105,19.3174]]]}},{"id":"1586","type":"Feature","properties":{"CVEGEO":"090080001018A"},"geometry":{"type":"Polygon","coordinates":[[[-99.22888,19.31653],[-99.23105,19.3174],[-99.22808,19.32038],[-99.22561,19.31534],[-99.22837,19.31489],[-99.22888,19.31653]]]}},{"id":"1587","type":"Feature","properties":{"CVEGEO":"0900800010207"},"geometry":{"type":"Polygon","coordinates":[[[-99.24358,19.31705],[-99.24176,19.31596],[-99.24148,19.31539],[-99.24244,19.31454],[-99.24286,19.31523],[-99.24544,19.31459],[-99.24918,19.31608],[-99.2487,19.31716],[-99.24506,19.31917],[-99.24358,19.31705]]]}},{"id":"1588","type":"Feature","properties":{"CVEGEO":"0900800010211"},"geometry":{"type":"Polygon","coordinates":[[[-99.23465,19.31607],[-99.23716,19.31529],[-99.24138,19.3116],[-99.24087,19.31394],[-99.24164,19.31573],[-99.24358,19.31705],[-99.24522,19.31944],[-99.2411,19.32053],[-99.23465,19.31607]]]}},{"id":"1589","type":"Feature","properties":{"CVEGEO":"0900800010245"},"geometry":{"type":"Polygon","coordinates":[[[-99.24126,19.31075],[-99.24333,19.31007],[-99.24271,19.3109],[-99.2433,19.31173],[-99.24428,19.31054],[-99.24641,19.31226],[-99.24534,19.31288],[-99.24595,19.31319],[-99.24544,19.31459],[-99.24286,19.31523],[-99.24244,19.31454],[-99.24148,19.31539],[-99.24087,19.31394],[-99.24126,19.31075]]]}},{"id":"1590","type":"Feature","properties":{"CVEGEO":"090080001025A"},"geometry":{"type":"Polygon","coordinates":[[[-99.2402,19.30746],[-99.24138,19.30971],[-99.24117,19.31156],[-99.23763,19.3149],[-99.23694,19.31214],[-99.23554,19.31292],[-99.23413,19.30979],[-99.2402,19.30746]]]}},{"id":"1591","type":"Feature","properties":{"CVEGEO":"0900800010264"},"geometry":{"type":"Polygon","coordinates":[[[-99.2289,19.31245],[-99.22962,19.31283],[-99.23315,19.31163],[-99.23317,19.31003],[-99.23413,19.30979],[-99.23554,19.31292],[-99.23694,19.31214],[-99.23763,19.3149],[-99.23269,19.31634],[-99.23105,19.3174],[-99.22878,19.31642],[-99.22868,19.3141],[-99.22788,19.31338],[-99.2289,19.31245]]]}},{"id":"1592","type":"Feature","properties":{"CVEGEO":"0900800010298"},"geometry":{"type":"Polygon","coordinates":[[[-99.24796,19.30721],[-99.24788,19.30662],[-99.25289,19.30487],[-99.25154,19.3062],[-99.25219,19.30655],[-99.25202,19.30821],[-99.24796,19.30721]]]}},{"id":"1593","type":"Feature","properties":{"CVEGEO":"090080001032A"},"geometry":{"type":"Polygon","coordinates":[[[-99.23572,19.30504],[-99.23904,19.3045],[-99.24041,19.30582],[-99.2402,19.30746],[-99.23413,19.30979],[-99.23397,19.30598],[-99.23572,19.30504]]]}},{"id":"1594","type":"Feature","properties":{"CVEGEO":"0900800010531"},"geometry":{"type":"Polygon","coordinates":[[[-99.25452,19.312],[-99.25396,19.31205],[-99.25401,19.31323],[-99.25183,19.31414],[-99.25075,19.31334],[-99.25104,19.30892],[-99.25161,19.31022],[-99.25452,19.312]]]}},{"id":"1595","type":"Feature","properties":{"CVEGEO":"0900800010546"},"geometry":{"type":"Polygon","coordinates":[[[-99.24777,19.31533],[-99.24824,19.31432],[-99.25095,19.31463],[-99.25401,19.31323],[-99.25396,19.31205],[-99.25808,19.31496],[-99.25635,19.31657],[-99.25128,19.31655],[-99.24777,19.31533]]]}},{"id":"1596","type":"Feature","properties":{"CVEGEO":"0900800010071"},"geometry":{"type":"Polygon","coordinates":[[[-99.21674,19.33162],[-99.21822,19.33117],[-99.21803,19.33308],[-99.21708,19.33383],[-99.21589,19.33244],[-99.21674,19.33162]]]}},{"id":"1597","type":"Feature","properties":{"CVEGEO":"0900800010495"},"geometry":{"type":"Polygon","coordinates":[[[-99.22502,19.31034],[-99.22734,19.31018],[-99.22796,19.30917],[-99.23095,19.30734],[-99.2319,19.30837],[-99.23041,19.31003],[-99.23317,19.31003],[-99.23315,19.31163],[-99.22962,19.31283],[-99.2289,19.31245],[-99.22788,19.31338],[-99.22502,19.31034]]]}},{"id":"1598","type":"Feature","properties":{"CVEGEO":"0900800010067"},"geometry":{"type":"Polygon","coordinates":[[[-99.21946,19.33031],[-99.22021,19.33121],[-99.21803,19.33308],[-99.21822,19.33117],[-99.21946,19.33031]]]}},{"id":"1599","type":"Feature","properties":{"CVEGEO":"0900800010029"},"geometry":{"type":"Polygon","coordinates":[[[-99.21147,19.33317],[-99.21075,19.33317],[-99.21056,19.33246],[-99.21108,19.33191],[-99.21398,19.33192],[-99.21373,19.33325],[-99.2115,19.33414],[-99.21147,19.33317]]]}},{"id":"1600","type":"Feature","properties":{"CVEGEO":"0900800010033"},"geometry":{"type":"Polygon","coordinates":[[[-99.21034,19.33414],[-99.20893,19.33391],[-99.21021,19.3324],[-99.21147,19.33317],[-99.21162,19.33447],[-99.21164,19.33547],[-99.21033,19.33567],[-99.21034,19.33414]]]}},{"id":"1601","type":"Feature","properties":{"CVEGEO":"0900800010137"},"geometry":{"type":"Polygon","coordinates":[[[-99.2487,19.31716],[-99.24918,19.31608],[-99.25126,19.31629],[-99.25191,19.3184],[-99.25343,19.31978],[-99.25189,19.32013],[-99.24954,19.31862],[-99.24803,19.3185],[-99.24742,19.31947],[-99.24822,19.32052],[-99.24999,19.321],[-99.25,19.32229],[-99.24617,19.3225],[-99.24522,19.31944],[-99.2487,19.31716]]]}},{"id":"1602","type":"Feature","properties":{"CVEGEO":"0900800010122"},"geometry":{"type":"Polygon","coordinates":[[[-99.22476,19.32771],[-99.22398,19.32682],[-99.22265,19.32704],[-99.22232,19.3252],[-99.22358,19.325],[-99.22319,19.32287],[-99.22169,19.32191],[-99.22196,19.32157],[-99.22515,19.32054],[-99.22617,19.32462],[-99.22685,19.3245],[-99.22744,19.32547],[-99.22632,19.32772],[-99.22476,19.32771]]]}},{"id":"1603","type":"Feature","properties":{"CVEGEO":"0900800010141"},"geometry":{"type":"Polygon","coordinates":[[[-99.24218,19.32403],[-99.2411,19.32053],[-99.24522,19.31944],[-99.24681,19.32503],[-99.24218,19.32403]]]}},{"id":"1604","type":"Feature","properties":{"CVEGEO":"0900800010160"},"geometry":{"type":"Polygon","coordinates":[[[-99.23543,19.32311],[-99.23363,19.31939],[-99.23191,19.32077],[-99.23092,19.3192],[-99.23105,19.3174],[-99.23269,19.31634],[-99.23465,19.31607],[-99.2411,19.32053],[-99.23769,19.32349],[-99.23695,19.32193],[-99.23543,19.32311]]]}},{"id":"1605","type":"Feature","properties":{"CVEGEO":"0900800010226"},"geometry":{"type":"Polygon","coordinates":[[[-99.24894,19.30956],[-99.24796,19.30721],[-99.25103,19.30835],[-99.25075,19.31334],[-99.25183,19.31414],[-99.25062,19.31471],[-99.24858,19.31447],[-99.24894,19.30956]]]}},{"id":"1606","type":"Feature","properties":{"CVEGEO":"0900800010404"},"geometry":{"type":"Polygon","coordinates":[[[-99.2596,19.3126],[-99.25924,19.31062],[-99.26153,19.30634],[-99.26108,19.30568],[-99.26416,19.30414],[-99.26579,19.30671],[-99.26607,19.30846],[-99.26703,19.30783],[-99.26599,19.31257],[-99.26437,19.31315],[-99.26296,19.31139],[-99.26172,19.31095],[-99.2596,19.3126]]]}},{"id":"1607","type":"Feature","properties":{"CVEGEO":"0900800010423"},"geometry":{"type":"Polygon","coordinates":[[[-99.25078,19.30324],[-99.25078,19.30167],[-99.25351,19.30178],[-99.25705,19.2997],[-99.25756,19.29864],[-99.25864,19.29856],[-99.25918,19.29928],[-99.25923,19.29819],[-99.26046,19.29708],[-99.26205,19.29752],[-99.26023,19.30034],[-99.25878,19.30487],[-99.25674,19.304],[-99.25189,19.30514],[-99.25241,19.30424],[-99.25078,19.30324]]]}},{"id":"1608","type":"Feature","properties":{"CVEGEO":"0900800010550"},"geometry":{"type":"Polygon","coordinates":[[[-99.25105,19.30988],[-99.25085,19.30806],[-99.25202,19.30821],[-99.25218,19.3065],[-99.25673,19.30705],[-99.25996,19.30823],[-99.25924,19.31062],[-99.25984,19.31227],[-99.25808,19.31496],[-99.25105,19.30988]]]}},{"id":"1609","type":"Feature","properties":{"CVEGEO":"0900800010565"},"geometry":{"type":"Polygon","coordinates":[[[-99.25292,19.30697],[-99.25154,19.3062],[-99.25289,19.30487],[-99.25674,19.304],[-99.25907,19.30568],[-99.26156,19.3061],[-99.26014,19.30868],[-99.25687,19.3072],[-99.25292,19.30697]]]}},{"id":"1610","type":"Feature","properties":{"CVEGEO":"0900800010315"},"geometry":{"type":"Polygon","coordinates":[[[-99.24022,19.3053],[-99.23904,19.3045],[-99.237,19.30492],[-99.23976,19.30367],[-99.23988,19.30262],[-99.23908,19.30191],[-99.24328,19.30181],[-99.24332,19.30229],[-99.24794,19.29993],[-99.24823,19.3004],[-99.24932,19.30018],[-99.24952,19.30196],[-99.24882,19.30266],[-99.24541,19.30378],[-99.24546,19.30287],[-99.24291,19.30597],[-99.24022,19.30731],[-99.24022,19.3053]]]}},{"id":"1611","type":"Feature","properties":{"CVEGEO":"0900800010014"},"geometry":{"type":"Polygon","coordinates":[[[-99.21379,19.3351],[-99.21164,19.33547],[-99.21187,19.33416],[-99.21589,19.33244],[-99.21705,19.33382],[-99.21899,19.33234],[-99.21954,19.33298],[-99.22004,19.33394],[-99.21415,19.33633],[-99.21379,19.3351]]]}},{"id":"1612","type":"Feature","properties":{"CVEGEO":"0900800010048"},"geometry":{"type":"Polygon","coordinates":[[[-99.20867,19.33598],[-99.20666,19.33622],[-99.20893,19.33391],[-99.21034,19.33414],[-99.21035,19.33572],[-99.21379,19.3351],[-99.2142,19.3365],[-99.21148,19.3362],[-99.20752,19.33781],[-99.20867,19.33598]]]}},{"id":"1613","type":"Feature","properties":{"CVEGEO":"090080001057A"},"geometry":{"type":"Polygon","coordinates":[[[-99.25968,19.3033],[-99.26023,19.30034],[-99.26258,19.2967],[-99.26506,19.29521],[-99.2653,19.29929],[-99.26692,19.30049],[-99.26699,19.30243],[-99.26108,19.30568],[-99.25928,19.30576],[-99.25834,19.30509],[-99.25968,19.3033]]]}},{"id":"1614","type":"Feature","properties":{"CVEGEO":"0900800010457"},"geometry":{"type":"Polygon","coordinates":[[[-99.24932,19.30018],[-99.24472,19.30056],[-99.24469,19.29934],[-99.2469,19.29864],[-99.24672,19.2973],[-99.25142,19.29637],[-99.25424,19.29491],[-99.2592,19.28923],[-99.26098,19.28867],[-99.25799,19.29211],[-99.25717,19.29462],[-99.25521,19.29515],[-99.25168,19.2976],[-99.25034,19.29894],[-99.25011,19.30012],[-99.25215,19.30004],[-99.25554,19.2986],[-99.26148,19.29432],[-99.26202,19.29271],[-99.26219,19.29327],[-99.2628,19.2931],[-99.26256,19.29417],[-99.2631,19.29391],[-99.26506,19.29521],[-99.26305,19.29621],[-99.26205,19.29752],[-99.26046,19.29708],[-99.25923,19.29819],[-99.25918,19.29928],[-99.25864,19.29856],[-99.25756,19.29864],[-99.25705,19.2997],[-99.25351,19.30178],[-99.24952,19.30196],[-99.24932,19.30018]]]}},{"id":"1615","type":"Feature","properties":{"CVEGEO":"0900800010353"},"geometry":{"type":"Polygon","coordinates":[[[-99.2319,19.30504],[-99.23297,19.30181],[-99.23223,19.30147],[-99.2334,19.30082],[-99.23249,19.29774],[-99.23512,19.29526],[-99.23532,19.29579],[-99.23377,19.29678],[-99.23362,19.29784],[-99.23746,19.30122],[-99.23959,19.3022],[-99.23993,19.30325],[-99.23926,19.30409],[-99.23397,19.30598],[-99.2319,19.30504]]]}},{"id":"1616","type":"Feature","properties":{"CVEGEO":"0900800010349"},"geometry":{"type":"Polygon","coordinates":[[[-99.23908,19.30191],[-99.23773,19.3014],[-99.23394,19.29828],[-99.23363,19.29699],[-99.23532,19.29579],[-99.23512,19.29526],[-99.2361,19.29511],[-99.23597,19.29446],[-99.24077,19.29419],[-99.24148,19.29393],[-99.24155,19.29286],[-99.24225,19.2929],[-99.24287,19.29409],[-99.24429,19.294],[-99.24407,19.29717],[-99.2452,19.29669],[-99.24672,19.2973],[-99.2469,19.29864],[-99.24469,19.29934],[-99.24463,19.30053],[-99.2476,19.30017],[-99.24378,19.30216],[-99.23908,19.30191]]]}},{"id":"1617","type":"Feature","properties":{"CVEGEO":"0900800010599"},"geometry":{"type":"Polygon","coordinates":[[[-99.24399,19.28483],[-99.24202,19.2829],[-99.24577,19.28135],[-99.24577,19.2826],[-99.24664,19.28244],[-99.24775,19.28067],[-99.24933,19.28125],[-99.24956,19.28193],[-99.24885,19.28249],[-99.25006,19.2841],[-99.24659,19.28467],[-99.24452,19.28617],[-99.24358,19.28566],[-99.24399,19.28483]]]}},{"id":"1618","type":"Feature","properties":{"CVEGEO":"0900800010461"},"geometry":{"type":"Polygon","coordinates":[[[-99.24407,19.29717],[-99.24429,19.294],[-99.24287,19.29409],[-99.24225,19.2929],[-99.243,19.29144],[-99.24276,19.28936],[-99.24108,19.28807],[-99.24081,19.28699],[-99.24297,19.28414],[-99.24399,19.28483],[-99.24354,19.28606],[-99.24756,19.28632],[-99.24789,19.28924],[-99.24847,19.28848],[-99.2503,19.28877],[-99.25117,19.29067],[-99.24868,19.29251],[-99.24992,19.29362],[-99.24996,19.29554],[-99.25074,19.2961],[-99.25434,19.29417],[-99.25463,19.29457],[-99.25128,19.29642],[-99.24672,19.2973],[-99.24648,19.29685],[-99.24407,19.29717]]]}},{"id":"1619","type":"Feature","properties":{"CVEGEO":"0900800010584"},"geometry":{"type":"Polygon","coordinates":[[[-99.2667,19.30274],[-99.26718,19.30117],[-99.26935,19.30086],[-99.27222,19.30246],[-99.26579,19.30671],[-99.26416,19.30414],[-99.2667,19.30274]]]}},{"id":"1620","type":"Feature","properties":{"CVEGEO":"0900800010230"},"geometry":{"type":"Polygon","coordinates":[[[-99.24554,19.31502],[-99.24595,19.31319],[-99.24534,19.31288],[-99.24641,19.31226],[-99.24428,19.31054],[-99.2433,19.31173],[-99.24271,19.3109],[-99.24349,19.31038],[-99.24317,19.30991],[-99.24566,19.30909],[-99.24603,19.308],[-99.2478,19.30671],[-99.24894,19.30956],[-99.24766,19.31523],[-99.24554,19.31502]]]}},{"id":"1621","type":"Feature","properties":{"CVEGEO":"0900800010300"},"geometry":{"type":"Polygon","coordinates":[[[-99.24012,19.30792],[-99.24072,19.30685],[-99.24291,19.30597],[-99.24546,19.30287],[-99.24541,19.30378],[-99.25078,19.30167],[-99.25078,19.30324],[-99.25241,19.30424],[-99.25189,19.30514],[-99.24882,19.30591],[-99.24479,19.3095],[-99.24126,19.31075],[-99.24138,19.30971],[-99.24012,19.30792]]]}},{"id":"1622","type":"Feature","properties":{"CVEGEO":"0900903000647"},"geometry":{"type":"Polygon","coordinates":[[[-98.96723,19.20625],[-98.96933,19.20455],[-98.97042,19.20507],[-98.97102,19.20468],[-98.97243,19.20603],[-98.9719,19.20706],[-98.97129,19.20681],[-98.9706,19.20753],[-98.97166,19.20863],[-98.96998,19.21128],[-98.96684,19.20901],[-98.96723,19.20625]]]}},{"id":"1623","type":"Feature","properties":{"CVEGEO":"0900900330488"},"geometry":{"type":"Polygon","coordinates":[[[-99.09589,19.20751],[-99.09469,19.20566],[-99.09512,19.20409],[-99.09454,19.20121],[-99.09847,19.20061],[-99.10053,19.20136],[-99.10212,19.20105],[-99.10178,19.20472],[-99.10012,19.20625],[-99.09983,19.2075],[-99.09911,19.20818],[-99.09556,19.20868],[-99.09589,19.20751]]]}},{"id":"1624","type":"Feature","properties":{"CVEGEO":"0900900330350"},"geometry":{"type":"Polygon","coordinates":[[[-99.0972,19.20091],[-99.09756,19.19999],[-99.09634,19.19483],[-99.09361,19.1941],[-99.09161,19.19263],[-99.08416,19.19075],[-99.08545,19.18679],[-99.08778,19.18618],[-99.09211,19.18663],[-99.09309,19.1846],[-99.09401,19.18427],[-99.09428,19.18595],[-99.09637,19.18676],[-99.09836,19.18667],[-99.09826,19.19027],[-99.09994,19.19056],[-99.09969,19.19396],[-99.10081,19.19495],[-99.10242,19.19516],[-99.1034,19.19809],[-99.10485,19.19877],[-99.10212,19.20105],[-99.0972,19.20091]]]}},{"id":"1625","type":"Feature","properties":{"CVEGEO":"0900900360223"},"geometry":{"type":"Polygon","coordinates":[[[-98.9986,19.18412],[-98.99534,19.18326],[-98.99349,19.18383],[-98.99377,19.18012],[-98.99306,19.18054],[-98.99293,19.17984],[-98.98988,19.17972],[-98.98965,19.17755],[-98.9909,19.17775],[-98.99147,19.17696],[-98.99284,19.17735],[-98.9935,19.17567],[-98.99528,19.17486],[-98.99774,19.17565],[-99.00035,19.17748],[-99.0048,19.17888],[-99.00705,19.18119],[-99.00998,19.18183],[-99.01044,19.18358],[-99.00916,19.18422],[-99.00853,19.18303],[-99.00612,19.18319],[-99.00519,19.18293],[-99.0053,19.18211],[-99.00341,19.18192],[-99.00077,19.18223],[-99.00055,19.18464],[-98.99871,19.18354],[-98.9986,19.18412]]]}},{"id":"1626","type":"Feature","properties":{"CVEGEO":"0900900240577"},"geometry":{"type":"Polygon","coordinates":[[[-99.07173,19.18052],[-99.07107,19.17491],[-99.07222,19.16992],[-99.07202,19.1683],[-99.07395,19.16964],[-99.07314,19.17056],[-99.074,19.17282],[-99.07307,19.17406],[-99.07222,19.17366],[-99.07187,19.1742],[-99.07268,19.17483],[-99.07212,19.17529],[-99.07267,19.1756],[-99.07256,19.17675],[-99.07626,19.17782],[-99.07445,19.18147],[-99.07173,19.18052]]]}},{"id":"1627","type":"Feature","properties":{"CVEGEO":"0900900240581"},"geometry":{"type":"Polygon","coordinates":[[[-99.0612,19.18284],[-99.06431,19.18408],[-99.06219,19.18559],[-99.06023,19.18523],[-99.0612,19.18284]]]}},{"id":"1628","type":"Feature","properties":{"CVEGEO":"0900900010562"},"geometry":{"type":"Polygon","coordinates":[[[-99.03003,19.19347],[-99.03338,19.19462],[-99.0336,19.19403],[-99.03528,19.19378],[-99.03515,19.19513],[-99.03612,19.19574],[-99.03529,19.19897],[-99.02989,19.19487],[-99.03003,19.19347]]]}},{"id":"1629","type":"Feature","properties":{"CVEGEO":"0900900010312"},"geometry":{"type":"Polygon","coordinates":[[[-99.02754,19.19222],[-99.02459,19.19203],[-99.02497,19.18996],[-99.02401,19.18963],[-99.0242,19.18785],[-99.02518,19.18771],[-99.02663,19.18408],[-99.02637,19.18298],[-99.0274,19.18166],[-99.02719,19.18266],[-99.02854,19.18292],[-99.02911,19.18167],[-99.0301,19.18138],[-99.0349,19.18589],[-99.03491,19.18815],[-99.03325,19.18818],[-99.03118,19.19033],[-99.03097,19.19175],[-99.03222,19.19219],[-99.03165,19.19341],[-99.0336,19.19403],[-99.03338,19.19462],[-99.02754,19.19222]]]}},{"id":"1630","type":"Feature","properties":{"CVEGEO":"090090029044A"},"geometry":{"type":"Polygon","coordinates":[[[-99.04869,19.20055],[-99.05534,19.20082],[-99.05785,19.20165],[-99.05688,19.20175],[-99.05529,19.20336],[-99.05332,19.20361],[-99.05174,19.20506],[-99.05067,19.20506],[-99.05085,19.2058],[-99.04947,19.20763],[-99.04949,19.20971],[-99.0504,19.21094],[-99.0528,19.21168],[-99.0511,19.21303],[-99.05191,19.21641],[-99.04898,19.21171],[-99.04869,19.20055]]]}},{"id":"1631","type":"Feature","properties":{"CVEGEO":"0900900330346"},"geometry":{"type":"Polygon","coordinates":[[[-99.08877,19.19976],[-99.08487,19.19809],[-99.08235,19.19552],[-99.08306,19.19477],[-99.08117,19.19394],[-99.08103,19.19288],[-99.08299,19.1935],[-99.08397,19.19253],[-99.0815,19.19106],[-99.08149,19.18985],[-99.08832,19.19215],[-99.09161,19.19263],[-99.09361,19.1941],[-99.09634,19.19483],[-99.09756,19.19999],[-99.0972,19.20091],[-99.09644,19.20013],[-99.08877,19.19976]]]}},{"id":"1632","type":"Feature","properties":{"CVEGEO":"0900900010308"},"geometry":{"type":"Polygon","coordinates":[[[-99.03052,19.20152],[-99.02898,19.19945],[-99.02658,19.19853],[-99.02632,19.20004],[-99.02323,19.19947],[-99.02344,19.1966],[-99.02419,19.19663],[-99.02459,19.19203],[-99.02754,19.19222],[-99.03016,19.19323],[-99.02956,19.19448],[-99.03005,19.19506],[-99.03511,19.19868],[-99.03481,19.20121],[-99.036,19.20172],[-99.03669,19.203],[-99.03412,19.203],[-99.03052,19.20152]]]}},{"id":"1633","type":"Feature","properties":{"CVEGEO":"0900900010327"},"geometry":{"type":"Polygon","coordinates":[[[-99.0173,19.19697],[-99.01943,19.19638],[-99.01947,19.19441],[-99.01663,19.19502],[-99.01729,19.19236],[-99.018,19.19241],[-99.01823,19.19064],[-99.02161,19.19099],[-99.02152,19.19265],[-99.02212,19.19272],[-99.02176,19.1965],[-99.02102,19.19639],[-99.02095,19.19711],[-99.02012,19.1973],[-99.01951,19.20088],[-99.01633,19.20102],[-99.0173,19.19697]]]}},{"id":"1634","type":"Feature","properties":{"CVEGEO":"0900900110543"},"geometry":{"type":"Polygon","coordinates":[[[-99.00179,19.22219],[-99.00623,19.2215],[-99.00537,19.22298],[-99.00179,19.22219]]]}},{"id":"1635","type":"Feature","properties":{"CVEGEO":"0900900240651"},"geometry":{"type":"Polygon","coordinates":[[[-99.07311,19.19136],[-99.07345,19.19052],[-99.07597,19.19196],[-99.07563,19.19251],[-99.07311,19.19136]]]}},{"id":"1636","type":"Feature","properties":{"CVEGEO":"090090011051A"},"geometry":{"type":"Polygon","coordinates":[[[-98.9817,19.20746],[-98.98293,19.20678],[-98.9833,19.20497],[-98.98438,19.20525],[-98.98433,19.20658],[-98.98662,19.20719],[-98.987,19.20957],[-98.98502,19.2095],[-98.98453,19.21062],[-98.9817,19.20746]]]}},{"id":"1637","type":"Feature","properties":{"CVEGEO":"0900903000632"},"geometry":{"type":"Polygon","coordinates":[[[-98.97435,19.21444],[-98.96998,19.21128],[-98.97166,19.20863],[-98.9706,19.20753],[-98.97129,19.20681],[-98.9719,19.20706],[-98.97273,19.20638],[-98.9734,19.20778],[-98.97481,19.20814],[-98.97468,19.21207],[-98.97404,19.21323],[-98.97503,19.21326],[-98.97651,19.21472],[-98.979,19.21496],[-98.97945,19.21395],[-98.97994,19.21407],[-98.97948,19.21533],[-98.97435,19.21444]]]}},{"id":"1638","type":"Feature","properties":{"CVEGEO":"0900901520628"},"geometry":{"type":"Polygon","coordinates":[[[-99.02804,19.17571],[-99.02803,19.1747],[-99.02968,19.17472],[-99.03012,19.17062],[-99.03129,19.17044],[-99.03123,19.17099],[-99.03251,19.17137],[-99.03295,19.17048],[-99.03525,19.17081],[-99.03511,19.17249],[-99.0369,19.17151],[-99.03675,19.17212],[-99.03887,19.17233],[-99.03673,19.17503],[-99.03509,19.17538],[-99.0344,19.17669],[-99.02804,19.17571]]]}},{"id":"1639","type":"Feature","properties":{"CVEGEO":"0900900290473"},"geometry":{"type":"Polygon","coordinates":[[[-99.04205,19.2012],[-99.04307,19.19891],[-99.04369,19.1988],[-99.04442,19.19699],[-99.04465,19.19742],[-99.04518,19.19684],[-99.04614,19.19709],[-99.04637,19.19576],[-99.04799,19.19513],[-99.04734,19.19328],[-99.0481,19.19193],[-99.04815,19.18917],[-99.0503,19.18928],[-99.05088,19.18985],[-99.04968,19.19467],[-99.04956,19.20057],[-99.04869,19.20055],[-99.04855,19.20188],[-99.04688,19.20183],[-99.04671,19.20257],[-99.04205,19.2012]]]}},{"id":"1640","type":"Feature","properties":{"CVEGEO":"0900900010026"},"geometry":{"type":"Polygon","coordinates":[[[-99.02184,19.20198],[-99.01938,19.20164],[-99.02012,19.1973],[-99.02095,19.19711],[-99.02102,19.19639],[-99.02176,19.1965],[-99.02187,19.19559],[-99.02179,19.18689],[-99.02091,19.18621],[-99.02214,19.18329],[-99.02626,19.18125],[-99.02586,19.18189],[-99.02676,19.18223],[-99.02663,19.18408],[-99.02518,19.18771],[-99.0242,19.18785],[-99.02403,19.18925],[-99.02497,19.18996],[-99.02419,19.19663],[-99.02344,19.1966],[-99.02323,19.19947],[-99.02389,19.20245],[-99.02232,19.20221],[-99.02252,19.20121],[-99.02184,19.20198]]]}},{"id":"1641","type":"Feature","properties":{"CVEGEO":"0900900010331"},"geometry":{"type":"Polygon","coordinates":[[[-99.0125,19.18892],[-99.01529,19.18692],[-99.01369,19.18534],[-99.01405,19.18366],[-99.01654,19.18453],[-99.02102,19.1826],[-99.02176,19.18414],[-99.02091,19.18621],[-99.02179,19.18689],[-99.02147,19.19098],[-99.0125,19.18892]]]}},{"id":"1642","type":"Feature","properties":{"CVEGEO":"0900901520613"},"geometry":{"type":"Polygon","coordinates":[[[-99.03136,19.18288],[-99.03003,19.18134],[-99.02911,19.18167],[-99.02854,19.18292],[-99.02719,19.18266],[-99.0274,19.18166],[-99.02921,19.1801],[-99.02758,19.17901],[-99.02811,19.17581],[-99.0344,19.17669],[-99.03509,19.17538],[-99.03841,19.17433],[-99.03946,19.17555],[-99.04095,19.17559],[-99.03837,19.17824],[-99.04027,19.17926],[-99.0397,19.18027],[-99.03862,19.1804],[-99.03612,19.18335],[-99.03136,19.18288]]]}},{"id":"1643","type":"Feature","properties":{"CVEGEO":"0900900010505"},"geometry":{"type":"Polygon","coordinates":[[[-99.01565,19.2051],[-99.01499,19.20386],[-99.01629,19.20107],[-99.01772,19.20056],[-99.01939,19.20106],[-99.01919,19.20421],[-99.01817,19.20404],[-99.01789,19.2051],[-99.01565,19.2051]]]}},{"id":"1644","type":"Feature","properties":{"CVEGEO":"0900900290469"},"geometry":{"type":"Polygon","coordinates":[[[-99.04956,19.20057],[-99.04968,19.19467],[-99.05088,19.18985],[-99.05234,19.19058],[-99.05178,19.192],[-99.05277,19.19272],[-99.05216,19.19394],[-99.05324,19.19428],[-99.05307,19.19475],[-99.05396,19.19426],[-99.05562,19.19487],[-99.05689,19.19457],[-99.05499,19.19606],[-99.05475,19.19755],[-99.05544,19.19702],[-99.05854,19.19762],[-99.05891,19.19844],[-99.06084,19.19904],[-99.06035,19.19976],[-99.05878,19.19984],[-99.05881,19.20094],[-99.05785,19.20165],[-99.04956,19.20057]]]}},{"id":"1645","type":"Feature","properties":{"CVEGEO":"0900900360238"},"geometry":{"type":"Polygon","coordinates":[[[-98.99921,19.17201],[-99.00121,19.17046],[-99.00109,19.16994],[-99.00601,19.17188],[-99.00531,19.17267],[-99.0066,19.17326],[-99.00733,19.1728],[-99.00725,19.17451],[-99.00942,19.17566],[-99.00774,19.1775],[-99.00763,19.17887],[-99.00945,19.17919],[-99.00998,19.18183],[-99.00705,19.18119],[-99.0048,19.17888],[-99.00035,19.17748],[-98.99774,19.17565],[-98.99921,19.17201]]]}},{"id":"1646","type":"Feature","properties":{"CVEGEO":"0900900240191"},"geometry":{"type":"Polygon","coordinates":[[[-99.07345,19.19052],[-99.07309,19.19235],[-99.06853,19.19017],[-99.06749,19.18986],[-99.06679,19.19057],[-99.06447,19.18962],[-99.0638,19.19003],[-99.06397,19.18886],[-99.05875,19.18776],[-99.06023,19.18523],[-99.06394,19.18578],[-99.06574,19.18544],[-99.06993,19.18708],[-99.07086,19.18519],[-99.08149,19.18985],[-99.08123,19.1921],[-99.07947,19.19127],[-99.07812,19.194],[-99.07345,19.19052]]]}},{"id":"1647","type":"Feature","properties":{"CVEGEO":"0900900170365"},"geometry":{"type":"Polygon","coordinates":[[[-99.00457,19.20151],[-99.00744,19.1925],[-99.01029,19.19334],[-99.01696,19.19362],[-99.01698,19.19515],[-99.01947,19.19441],[-99.01943,19.19638],[-99.0173,19.19697],[-99.01505,19.20446],[-99.01403,19.20408],[-99.01423,19.20298],[-99.01197,19.20282],[-99.01187,19.20325],[-99.01011,19.20266],[-99.00984,19.20173],[-99.00797,19.20173],[-99.00737,19.20393],[-99.00514,19.20566],[-99.00294,19.20511],[-99.00226,19.20429],[-99.00457,19.20151]]]}},{"id":"1648","type":"Feature","properties":{"CVEGEO":"0900900240596"},"geometry":{"type":"Polygon","coordinates":[[[-99.08285,19.18484],[-99.08553,19.18685],[-99.08416,19.19075],[-99.0803,19.18944],[-99.08264,19.18699],[-99.08209,19.18539],[-99.08285,19.18484]]]}},{"id":"1649","type":"Feature","properties":{"CVEGEO":"090090015012A"},"geometry":{"type":"Polygon","coordinates":[[[-99.06302,19.21286],[-99.06382,19.21061],[-99.06535,19.2108],[-99.06554,19.21016],[-99.06649,19.21077],[-99.06605,19.20918],[-99.06317,19.20923],[-99.06282,19.20775],[-99.062,19.20748],[-99.06241,19.207],[-99.06132,19.20657],[-99.06238,19.20542],[-99.06468,19.20681],[-99.06523,19.20619],[-99.06303,19.20533],[-99.06373,19.20424],[-99.06291,19.20402],[-99.0633,19.20329],[-99.06219,19.20322],[-99.06618,19.2025],[-99.0681,19.20016],[-99.07361,19.20193],[-99.07632,19.2051],[-99.07424,19.20693],[-99.07426,19.20991],[-99.07265,19.21139],[-99.0723,19.21065],[-99.07125,19.21027],[-99.07051,19.21084],[-99.06945,19.20952],[-99.0681,19.20925],[-99.06718,19.21211],[-99.06773,19.21561],[-99.06557,19.21493],[-99.06302,19.21286]]]}},{"id":"1650","type":"Feature","properties":{"CVEGEO":"0900900290609"},"geometry":{"type":"Polygon","coordinates":[[[-99.0569,19.20175],[-99.05904,19.20146],[-99.0584,19.20277],[-99.0571,19.20238],[-99.05612,19.20328],[-99.0561,19.20229],[-99.0569,19.20175]]]}},{"id":"1651","type":"Feature","properties":{"CVEGEO":"0900900110416"},"geometry":{"type":"Polygon","coordinates":[[[-98.97755,19.21591],[-98.97781,19.21507],[-98.98853,19.21686],[-98.994,19.217],[-98.99399,19.21765],[-98.99309,19.21764],[-98.99326,19.22494],[-98.99124,19.22479],[-98.99056,19.22578],[-98.9843,19.22024],[-98.98271,19.22129],[-98.97755,19.21591]]]}},{"id":"1652","type":"Feature","properties":{"CVEGEO":"0900900010492"},"geometry":{"type":"Polygon","coordinates":[[[-99.02687,19.20327],[-99.0273,19.20175],[-99.02645,19.20102],[-99.02658,19.19853],[-99.02898,19.19945],[-99.03052,19.20152],[-99.03313,19.20295],[-99.03201,19.20429],[-99.0321,19.20542],[-99.03036,19.20466],[-99.02951,19.20638],[-99.02687,19.20327]]]}},{"id":"1653","type":"Feature","properties":{"CVEGEO":"0900900110401"},"geometry":{"type":"Polygon","coordinates":[[[-98.99718,19.22747],[-98.99746,19.22649],[-98.99643,19.22619],[-98.99638,19.22521],[-98.99579,19.22504],[-98.99526,19.22751],[-98.99373,19.22747],[-98.99293,19.22298],[-98.99309,19.21764],[-98.99399,19.21765],[-98.994,19.217],[-98.99593,19.21713],[-98.99611,19.21616],[-98.99991,19.21689],[-99.00329,19.2163],[-99.00246,19.21806],[-99.0034,19.2191],[-99.00282,19.2203],[-99.00567,19.21987],[-99.00676,19.22019],[-99.00651,19.22112],[-99.00564,19.2219],[-99.00405,19.2216],[-99.00179,19.22219],[-99.0027,19.22278],[-99.00235,19.22365],[-99.0018,19.22346],[-99.00146,19.22452],[-99.00036,19.22444],[-99.0001,19.22639],[-99.00313,19.22706],[-99.00299,19.22757],[-98.99985,19.22678],[-98.9988,19.22769],[-98.99718,19.22747]]]}},{"id":"1654","type":"Feature","properties":{"CVEGEO":"0900900170384"},"geometry":{"type":"Polygon","coordinates":[[[-98.99931,19.19316],[-98.99779,19.19026],[-98.99836,19.18694],[-98.99926,19.1869],[-98.99984,19.18765],[-99.00146,19.187],[-99.00178,19.18761],[-99.00337,19.18739],[-99.00359,19.18612],[-99.00583,19.18631],[-99.00634,19.18688],[-99.00782,19.18624],[-99.01005,19.18668],[-99.0101,19.18783],[-99.01289,19.18867],[-99.0125,19.18892],[-99.01823,19.19064],[-99.01714,19.19362],[-99.01029,19.19334],[-99.00437,19.19195],[-99.00247,19.19211],[-99.00211,19.19342],[-98.99931,19.19316]]]}},{"id":"1655","type":"Feature","properties":{"CVEGEO":"0900900110435"},"geometry":{"type":"Polygon","coordinates":[[[-98.98175,19.20757],[-98.98431,19.21058],[-98.98502,19.2095],[-98.98611,19.20983],[-98.98633,19.21102],[-98.98778,19.21116],[-98.98935,19.21309],[-98.99093,19.21327],[-98.9915,19.21285],[-98.99056,19.2112],[-98.99111,19.21037],[-98.9895,19.20882],[-98.9919,19.20956],[-98.99199,19.20877],[-98.99352,19.20824],[-98.99256,19.21404],[-98.99326,19.21451],[-98.99314,19.21701],[-98.98853,19.21686],[-98.97948,19.21533],[-98.98175,19.20757]]]}},{"id":"1656","type":"Feature","properties":{"CVEGEO":"0900900110420"},"geometry":{"type":"Polygon","coordinates":[[[-98.99315,19.21699],[-98.99326,19.21451],[-98.99256,19.21404],[-98.99357,19.20894],[-98.99441,19.20867],[-98.99485,19.20745],[-98.99895,19.20923],[-98.99975,19.20887],[-99.00027,19.20672],[-99.00013,19.20795],[-99.00277,19.20814],[-99.00235,19.2088],[-99.00295,19.20891],[-99.003,19.21061],[-99.00193,19.2135],[-99.0033,19.21386],[-99.00187,19.21693],[-98.99611,19.21616],[-98.99593,19.21713],[-98.99315,19.21699]]]}},{"id":"1657","type":"Feature","properties":{"CVEGEO":"0900900360242"},"geometry":{"type":"Polygon","coordinates":[[[-98.99345,19.16507],[-98.99466,19.16676],[-98.99672,19.16746],[-98.99678,19.16605],[-98.99996,19.16643],[-99.00078,19.16589],[-99.00053,19.16809],[-99.00245,19.16854],[-98.99921,19.17201],[-98.99774,19.17565],[-98.99484,19.1748],[-98.99328,19.17591],[-98.99284,19.17735],[-98.99147,19.17696],[-98.9909,19.17775],[-98.98905,19.17791],[-98.98831,19.16868],[-98.98945,19.1682],[-98.99032,19.16931],[-98.99345,19.16507]]]}},{"id":"1658","type":"Feature","properties":{"CVEGEO":"0900900170558"},"geometry":{"type":"Polygon","coordinates":[[[-98.99622,19.19167],[-98.99817,19.19324],[-98.99645,19.19399],[-98.99541,19.19261],[-98.99622,19.19167]]]}},{"id":"1659","type":"Feature","properties":{"CVEGEO":"0900900240204"},"geometry":{"type":"Polygon","coordinates":[[[-99.07559,19.17888],[-99.08041,19.18085],[-99.08043,19.18245],[-99.08139,19.18288],[-99.08103,19.18523],[-99.0821,19.18549],[-99.08269,19.18664],[-99.0803,19.18944],[-99.0719,19.18567],[-99.07559,19.17888]]]}},{"id":"1660","type":"Feature","properties":{"CVEGEO":"0900900240219"},"geometry":{"type":"Polygon","coordinates":[[[-99.06574,19.18544],[-99.06255,19.18537],[-99.06431,19.18408],[-99.06119,19.18275],[-99.06257,19.18263],[-99.06364,19.18023],[-99.06569,19.181],[-99.06649,19.17912],[-99.06704,19.17921],[-99.06977,19.17597],[-99.07034,19.17363],[-99.07127,19.17262],[-99.07173,19.18052],[-99.07368,19.18153],[-99.07361,19.18223],[-99.0719,19.18567],[-99.07086,19.18519],[-99.06993,19.18708],[-99.06574,19.18544]]]}},{"id":"1661","type":"Feature","properties":{"CVEGEO":"0900900290454"},"geometry":{"type":"Polygon","coordinates":[[[-99.04205,19.2012],[-99.04533,19.20247],[-99.04874,19.20189],[-99.04892,19.21131],[-99.05191,19.21641],[-99.05209,19.21711],[-99.05131,19.21779],[-99.04947,19.21526],[-99.04571,19.20632],[-99.04428,19.20499],[-99.04081,19.20393],[-99.03996,19.20272],[-99.04205,19.2012]]]}},{"id":"1662","type":"Feature","properties":{"CVEGEO":"090090017037A"},"geometry":{"type":"Polygon","coordinates":[[[-98.99797,19.20594],[-98.998,19.2021],[-98.99999,19.19948],[-98.99769,19.19755],[-98.99645,19.19399],[-98.99817,19.19324],[-99.00211,19.19342],[-99.00247,19.19211],[-99.00704,19.19241],[-99.00457,19.20151],[-99.00027,19.20672],[-98.99797,19.20594]]]}},{"id":"1663","type":"Feature","properties":{"CVEGEO":"0900900170399"},"geometry":{"type":"Polygon","coordinates":[[[-98.99537,19.19265],[-98.99426,19.19222],[-98.99303,19.18959],[-98.99209,19.18944],[-98.99243,19.18639],[-98.99153,19.18424],[-98.99199,19.18276],[-98.99349,19.18383],[-98.99534,19.18326],[-98.9986,19.18412],[-98.99768,19.18993],[-98.99931,19.19316],[-98.99738,19.19296],[-98.99629,19.19171],[-98.99537,19.19265]]]}},{"id":"1664","type":"Feature","properties":{"CVEGEO":"0901500011074"},"geometry":{"type":"Polygon","coordinates":[[[-99.12714,19.42038],[-99.12815,19.41344],[-99.13066,19.41333],[-99.12922,19.42328],[-99.12601,19.42287],[-99.12714,19.42038]]]}},{"id":"1665","type":"Feature","properties":{"CVEGEO":"0901500010127"},"geometry":{"type":"Polygon","coordinates":[[[-99.12378,19.45603],[-99.12925,19.45735],[-99.12755,19.46153],[-99.12224,19.45978],[-99.12378,19.45603]]]}},{"id":"1666","type":"Feature","properties":{"CVEGEO":"0901500010589"},"geometry":{"type":"Polygon","coordinates":[[[-99.12311,19.44266],[-99.12376,19.4375],[-99.12546,19.43763],[-99.1251,19.44017],[-99.12762,19.4402],[-99.12747,19.44197],[-99.13091,19.44228],[-99.1308,19.44322],[-99.12311,19.44266]]]}},{"id":"1667","type":"Feature","properties":{"CVEGEO":"0901500010358"},"geometry":{"type":"Polygon","coordinates":[[[-99.12593,19.44762],[-99.12311,19.44266],[-99.12875,19.44309],[-99.12664,19.45234],[-99.12478,19.45201],[-99.12593,19.44762]]]}},{"id":"1668","type":"Feature","properties":{"CVEGEO":"0901500011464"},"geometry":{"type":"Polygon","coordinates":[[[-99.16229,19.40241],[-99.16319,19.40613],[-99.15969,19.4063],[-99.15899,19.40341],[-99.16229,19.40241]]]}},{"id":"1669","type":"Feature","properties":{"CVEGEO":"0901500011479"},"geometry":{"type":"Polygon","coordinates":[[[-99.1554,19.40406],[-99.15899,19.40341],[-99.15991,19.40719],[-99.15518,19.40744],[-99.1554,19.40406]]]}},{"id":"1670","type":"Feature","properties":{"CVEGEO":"0901500010038"},"geometry":{"type":"Polygon","coordinates":[[[-99.12755,19.46153],[-99.1285,19.45941],[-99.1315,19.4604],[-99.13049,19.46304],[-99.12755,19.46153]]]}},{"id":"1671","type":"Feature","properties":{"CVEGEO":"0901500010911"},"geometry":{"type":"Polygon","coordinates":[[[-99.12559,19.42555],[-99.12885,19.42605],[-99.12827,19.43017],[-99.12494,19.42978],[-99.12559,19.42555]]]}},{"id":"1672","type":"Feature","properties":{"CVEGEO":"0901500010023"},"geometry":{"type":"Polygon","coordinates":[[[-99.13334,19.46485],[-99.13043,19.4632],[-99.1315,19.4604],[-99.135,19.46142],[-99.13493,19.46489],[-99.13334,19.46485]]]}},{"id":"1673","type":"Feature","properties":{"CVEGEO":"0901500010466"},"geometry":{"type":"Polygon","coordinates":[[[-99.16143,19.45323],[-99.15705,19.45249],[-99.15772,19.44885],[-99.16433,19.44998],[-99.16382,19.45582],[-99.16104,19.45535],[-99.16143,19.45323]]]}},{"id":"1674","type":"Feature","properties":{"CVEGEO":"0901500010926"},"geometry":{"type":"Polygon","coordinates":[[[-99.1745,19.42582],[-99.17651,19.42483],[-99.17221,19.4324],[-99.16987,19.428],[-99.1745,19.42582]]]}},{"id":"1675","type":"Feature","properties":{"CVEGEO":"0901500011229"},"geometry":{"type":"Polygon","coordinates":[[[-99.15148,19.40672],[-99.15102,19.40675],[-99.15122,19.40467],[-99.15007,19.40465],[-99.15021,19.40405],[-99.1554,19.40406],[-99.15474,19.41297],[-99.15127,19.41479],[-99.14984,19.41468],[-99.15148,19.40672]]]}},{"id":"1676","type":"Feature","properties":{"CVEGEO":"0901500011290"},"geometry":{"type":"Polygon","coordinates":[[[-99.12717,19.40901],[-99.12782,19.40888],[-99.13503,19.4132],[-99.12815,19.41344],[-99.12717,19.40901]]]}},{"id":"1677","type":"Feature","properties":{"CVEGEO":"0901500011303"},"geometry":{"type":"Polygon","coordinates":[[[-99.17947,19.40997],[-99.18215,19.41149],[-99.17975,19.41555],[-99.17714,19.41415],[-99.17947,19.40997]]]}},{"id":"1678","type":"Feature","properties":{"CVEGEO":"0901500011411"},"geometry":{"type":"Polygon","coordinates":[[[-99.17559,19.4081],[-99.17713,19.40545],[-99.1843,19.40783],[-99.18215,19.41149],[-99.17559,19.4081]]]}},{"id":"1679","type":"Feature","properties":{"CVEGEO":"0901500011430"},"geometry":{"type":"Polygon","coordinates":[[[-99.17036,19.4002],[-99.17174,19.4058],[-99.16848,19.4059],[-99.17036,19.4002]]]}},{"id":"1680","type":"Feature","properties":{"CVEGEO":"090150001145A"},"geometry":{"type":"Polygon","coordinates":[[[-99.16648,19.40088],[-99.16776,19.40592],[-99.16319,19.40613],[-99.16229,19.40241],[-99.16648,19.40088]]]}},{"id":"1681","type":"Feature","properties":{"CVEGEO":"0901500011498"},"geometry":{"type":"Polygon","coordinates":[[[-99.14498,19.40388],[-99.14464,19.40718],[-99.13584,19.40802],[-99.13655,19.40309],[-99.14498,19.40388]]]}},{"id":"1682","type":"Feature","properties":{"CVEGEO":"0901500011500"},"geometry":{"type":"Polygon","coordinates":[[[-99.13198,19.40315],[-99.13542,19.40336],[-99.13659,19.40281],[-99.13579,19.40834],[-99.13137,19.40862],[-99.13198,19.40315]]]}},{"id":"1683","type":"Feature","properties":{"CVEGEO":"0901500011515"},"geometry":{"type":"Polygon","coordinates":[[[-99.13198,19.40315],[-99.13137,19.40862],[-99.12989,19.40866],[-99.12873,19.40687],[-99.12884,19.40355],[-99.13198,19.40315]]]}},{"id":"1684","type":"Feature","properties":{"CVEGEO":"090150001152A"},"geometry":{"type":"Polygon","coordinates":[[[-99.1257,19.40433],[-99.12884,19.40355],[-99.12873,19.40687],[-99.12999,19.40872],[-99.12674,19.40882],[-99.1257,19.40433]]]}},{"id":"1685","type":"Feature","properties":{"CVEGEO":"0901500010945"},"geometry":{"type":"Polygon","coordinates":[[[-99.16413,19.42648],[-99.17444,19.42159],[-99.17568,19.42334],[-99.16809,19.42684],[-99.16751,19.42661],[-99.16506,19.42828],[-99.16413,19.42648]]]}},{"id":"1686","type":"Feature","properties":{"CVEGEO":"0901500010983"},"geometry":{"type":"Polygon","coordinates":[[[-99.17546,19.42093],[-99.17642,19.42084],[-99.17551,19.42272],[-99.17444,19.42159],[-99.16808,19.4246],[-99.16714,19.42278],[-99.17546,19.42093]]]}},{"id":"1687","type":"Feature","properties":{"CVEGEO":"0901500011089"},"geometry":{"type":"Polygon","coordinates":[[[-99.17091,19.41892],[-99.17499,19.418],[-99.17674,19.42023],[-99.17642,19.42084],[-99.1716,19.42168],[-99.17091,19.41892]]]}},{"id":"1688","type":"Feature","properties":{"CVEGEO":"0901500010042"},"geometry":{"type":"Polygon","coordinates":[[[-99.15526,19.45449],[-99.15666,19.45471],[-99.15596,19.45846],[-99.1627,19.45964],[-99.15865,19.46392],[-99.15362,19.4633],[-99.15526,19.45449]]]}},{"id":"1689","type":"Feature","properties":{"CVEGEO":"0901500010057"},"geometry":{"type":"Polygon","coordinates":[[[-99.14798,19.45886],[-99.15422,19.46012],[-99.15362,19.4633],[-99.14849,19.46299],[-99.14798,19.45886]]]}},{"id":"1690","type":"Feature","properties":{"CVEGEO":"0901500010061"},"geometry":{"type":"Polygon","coordinates":[[[-99.14717,19.45867],[-99.14798,19.45886],[-99.14801,19.46238],[-99.14874,19.46334],[-99.14312,19.46506],[-99.14329,19.46382],[-99.14717,19.45867]]]}},{"id":"1691","type":"Feature","properties":{"CVEGEO":"0901500010080"},"geometry":{"type":"Polygon","coordinates":[[[-99.14193,19.46582],[-99.13859,19.46516],[-99.13908,19.45806],[-99.13804,19.4562],[-99.13836,19.45473],[-99.14355,19.45593],[-99.14177,19.46308],[-99.14341,19.46431],[-99.14193,19.46582]]]}},{"id":"1692","type":"Feature","properties":{"CVEGEO":"0901500010165"},"geometry":{"type":"Polygon","coordinates":[[[-99.12478,19.45201],[-99.13107,19.45314],[-99.12925,19.45735],[-99.12378,19.45603],[-99.12478,19.45201]]]}},{"id":"1693","type":"Feature","properties":{"CVEGEO":"090150001017A"},"geometry":{"type":"Polygon","coordinates":[[[-99.15666,19.45471],[-99.16382,19.45582],[-99.16283,19.45949],[-99.15596,19.45846],[-99.15666,19.45471]]]}},{"id":"1694","type":"Feature","properties":{"CVEGEO":"0901500010555"},"geometry":{"type":"Polygon","coordinates":[[[-99.15846,19.44522],[-99.16504,19.4467],[-99.16433,19.44998],[-99.15772,19.44885],[-99.15846,19.44522]]]}},{"id":"1695","type":"Feature","properties":{"CVEGEO":"0901500010593"},"geometry":{"type":"Polygon","coordinates":[[[-99.15951,19.44137],[-99.16578,19.44365],[-99.16504,19.4467],[-99.15846,19.44522],[-99.15951,19.44137]]]}},{"id":"1696","type":"Feature","properties":{"CVEGEO":"0901500010663"},"geometry":{"type":"Polygon","coordinates":[[[-99.12376,19.4375],[-99.12433,19.43392],[-99.12768,19.43432],[-99.12747,19.436],[-99.12951,19.43628],[-99.12925,19.43805],[-99.12376,19.4375]]]}},{"id":"1697","type":"Feature","properties":{"CVEGEO":"0901500010930"},"geometry":{"type":"Polygon","coordinates":[[[-99.16751,19.42661],[-99.16809,19.42684],[-99.17568,19.42334],[-99.17764,19.4236],[-99.17666,19.42518],[-99.16591,19.42987],[-99.16506,19.42828],[-99.16751,19.42661]]]}},{"id":"1698","type":"Feature","properties":{"CVEGEO":"0901500011178"},"geometry":{"type":"Polygon","coordinates":[[[-99.17714,19.41415],[-99.17975,19.41555],[-99.17699,19.42013],[-99.17499,19.418],[-99.17714,19.41415]]]}},{"id":"1699","type":"Feature","properties":{"CVEGEO":"0901500010678"},"geometry":{"type":"Polygon","coordinates":[[[-99.16483,19.43435],[-99.16968,19.43633],[-99.16578,19.44365],[-99.16262,19.44255],[-99.16483,19.43435]]]}},{"id":"1700","type":"Feature","properties":{"CVEGEO":"0901500011549"},"geometry":{"type":"Polygon","coordinates":[[[-99.15042,19.41943],[-99.15418,19.41972],[-99.15398,19.42256],[-99.14995,19.42215],[-99.15042,19.41943]]]}},{"id":"1701","type":"Feature","properties":{"CVEGEO":"0901500010112"},"geometry":{"type":"Polygon","coordinates":[[[-99.13276,19.45709],[-99.1315,19.4604],[-99.1285,19.45941],[-99.12978,19.45599],[-99.13276,19.45709]]]}},{"id":"1702","type":"Feature","properties":{"CVEGEO":"0901500010254"},"geometry":{"type":"Polygon","coordinates":[[[-99.14246,19.4537],[-99.14367,19.45392],[-99.14318,19.45585],[-99.14214,19.45509],[-99.14246,19.4537]]]}},{"id":"1703","type":"Feature","properties":{"CVEGEO":"0901500010216"},"geometry":{"type":"Polygon","coordinates":[[[-99.1479,19.45514],[-99.14749,19.45463],[-99.14912,19.45502],[-99.14875,19.45639],[-99.14967,19.45663],[-99.1488,19.4572],[-99.14707,19.4566],[-99.1479,19.45514]]]}},{"id":"1704","type":"Feature","properties":{"CVEGEO":"0901500010451"},"geometry":{"type":"Polygon","coordinates":[[[-99.13362,19.45071],[-99.13287,19.45058],[-99.13529,19.44778],[-99.13537,19.4485],[-99.13647,19.44901],[-99.13606,19.45047],[-99.1348,19.4502],[-99.1343,19.45156],[-99.13347,19.45137],[-99.13362,19.45071]]]}},{"id":"1705","type":"Feature","properties":{"CVEGEO":"0901500011286"},"geometry":{"type":"Polygon","coordinates":[[[-99.12982,19.41002],[-99.12782,19.40888],[-99.13351,19.40849],[-99.1329,19.41192],[-99.12982,19.41002]]]}},{"id":"1706","type":"Feature","properties":{"CVEGEO":"0901500011055"},"geometry":{"type":"Polygon","coordinates":[[[-99.13334,19.42374],[-99.1343,19.41796],[-99.13826,19.41835],[-99.13758,19.42409],[-99.13334,19.42374]]]}},{"id":"1707","type":"Feature","properties":{"CVEGEO":"0901500010377"},"geometry":{"type":"Polygon","coordinates":[[[-99.14578,19.45246],[-99.14759,19.45301],[-99.14744,19.45367],[-99.14669,19.45351],[-99.14669,19.45487],[-99.14536,19.45425],[-99.14578,19.45246]]]}},{"id":"1708","type":"Feature","properties":{"CVEGEO":"0901500010146"},"geometry":{"type":"Polygon","coordinates":[[[-99.13656,19.45658],[-99.1359,19.45824],[-99.13276,19.45709],[-99.13376,19.45448],[-99.13656,19.45658]]]}},{"id":"1709","type":"Feature","properties":{"CVEGEO":"0901500010184"},"geometry":{"type":"Polygon","coordinates":[[[-99.15526,19.45449],[-99.15422,19.46012],[-99.14717,19.45867],[-99.15162,19.45524],[-99.15182,19.45415],[-99.15526,19.45449]]]}},{"id":"1710","type":"Feature","properties":{"CVEGEO":"0901500010752"},"geometry":{"type":"Polygon","coordinates":[[[-99.14062,19.43606],[-99.14031,19.43774],[-99.12747,19.436],[-99.12768,19.43432],[-99.13113,19.43428],[-99.14062,19.43606]]]}},{"id":"1711","type":"Feature","properties":{"CVEGEO":"0901500010536"},"geometry":{"type":"Polygon","coordinates":[[[-99.13529,19.44778],[-99.13482,19.44753],[-99.13535,19.44076],[-99.13988,19.44089],[-99.13873,19.44392],[-99.13951,19.4443],[-99.13529,19.44778]]]}},{"id":"1712","type":"Feature","properties":{"CVEGEO":"0901500010362"},"geometry":{"type":"Polygon","coordinates":[[[-99.14669,19.45351],[-99.14848,19.45329],[-99.14812,19.45478],[-99.14665,19.45501],[-99.14669,19.45351]]]}},{"id":"1713","type":"Feature","properties":{"CVEGEO":"0901500010413"},"geometry":{"type":"Polygon","coordinates":[[[-99.14124,19.45116],[-99.14082,19.45389],[-99.13969,19.45346],[-99.1403,19.45205],[-99.13969,19.45191],[-99.14124,19.45116]]]}},{"id":"1714","type":"Feature","properties":{"CVEGEO":"0901500010432"},"geometry":{"type":"Polygon","coordinates":[[[-99.13679,19.45262],[-99.1354,19.45226],[-99.13647,19.44901],[-99.13841,19.44993],[-99.13835,19.45306],[-99.13668,19.45315],[-99.13679,19.45262]]]}},{"id":"1715","type":"Feature","properties":{"CVEGEO":"0901500010447"},"geometry":{"type":"Polygon","coordinates":[[[-99.13422,19.45198],[-99.1348,19.4502],[-99.13606,19.45047],[-99.13544,19.45206],[-99.13422,19.45198]]]}},{"id":"1716","type":"Feature","properties":{"CVEGEO":"0901500010470"},"geometry":{"type":"Polygon","coordinates":[[[-99.15227,19.4517],[-99.16143,19.45323],[-99.16104,19.45535],[-99.15187,19.45404],[-99.15227,19.4517]]]}},{"id":"1717","type":"Feature","properties":{"CVEGEO":"0901500010485"},"geometry":{"type":"Polygon","coordinates":[[[-99.15396,19.44443],[-99.15846,19.44522],[-99.15705,19.45249],[-99.15227,19.4517],[-99.15396,19.44443]]]}},{"id":"1718","type":"Feature","properties":{"CVEGEO":"0901500010697"},"geometry":{"type":"Polygon","coordinates":[[[-99.16259,19.43377],[-99.16047,19.44176],[-99.15569,19.43981],[-99.159,19.43229],[-99.16259,19.43377]]]}},{"id":"1719","type":"Feature","properties":{"CVEGEO":"090150001070A"},"geometry":{"type":"Polygon","coordinates":[[[-99.15339,19.43887],[-99.15422,19.4367],[-99.15307,19.4365],[-99.15324,19.43532],[-99.15439,19.43547],[-99.15464,19.43388],[-99.159,19.43229],[-99.15569,19.43981],[-99.15339,19.43887]]]}},{"id":"1720","type":"Feature","properties":{"CVEGEO":"0901500010714"},"geometry":{"type":"Polygon","coordinates":[[[-99.14967,19.43584],[-99.153,19.4359],[-99.15307,19.4365],[-99.15422,19.4367],[-99.15339,19.43887],[-99.15221,19.43857],[-99.15181,19.43977],[-99.1489,19.43911],[-99.14967,19.43584]]]}},{"id":"1721","type":"Feature","properties":{"CVEGEO":"0901500011144"},"geometry":{"type":"Polygon","coordinates":[[[-99.14349,19.41885],[-99.13826,19.41835],[-99.13884,19.41387],[-99.14394,19.41424],[-99.14349,19.41885]]]}},{"id":"1722","type":"Feature","properties":{"CVEGEO":"0901500011163"},"geometry":{"type":"Polygon","coordinates":[[[-99.1343,19.41796],[-99.13,19.4176],[-99.13066,19.41333],[-99.13499,19.4132],[-99.1343,19.41796]]]}},{"id":"1723","type":"Feature","properties":{"CVEGEO":"0901500010748"},"geometry":{"type":"Polygon","coordinates":[[[-99.14088,19.43412],[-99.14145,19.43029],[-99.14812,19.43126],[-99.1472,19.43594],[-99.1462,19.43583],[-99.14632,19.43506],[-99.14088,19.43412]]]}},{"id":"1724","type":"Feature","properties":{"CVEGEO":"0901500011182"},"geometry":{"type":"Polygon","coordinates":[[[-99.17197,19.41537],[-99.17218,19.41342],[-99.17636,19.41553],[-99.17499,19.418],[-99.17091,19.41892],[-99.17034,19.41628],[-99.17197,19.41537]]]}},{"id":"1725","type":"Feature","properties":{"CVEGEO":"0901500011197"},"geometry":{"type":"Polygon","coordinates":[[[-99.168,19.41315],[-99.16887,19.41102],[-99.16984,19.41036],[-99.17289,19.41025],[-99.17155,19.41331],[-99.17218,19.41342],[-99.17169,19.41574],[-99.17034,19.41628],[-99.168,19.41315]]]}},{"id":"1726","type":"Feature","properties":{"CVEGEO":"090150001120A"},"geometry":{"type":"Polygon","coordinates":[[[-99.16666,19.41151],[-99.16833,19.41198],[-99.168,19.41315],[-99.17034,19.41628],[-99.16483,19.41727],[-99.16666,19.41151]]]}},{"id":"1727","type":"Feature","properties":{"CVEGEO":"0901500011214"},"geometry":{"type":"Polygon","coordinates":[[[-99.15811,19.41168],[-99.16064,19.4127],[-99.16666,19.41151],[-99.16546,19.41533],[-99.16533,19.41469],[-99.15915,19.41589],[-99.15811,19.41168]]]}},{"id":"1728","type":"Feature","properties":{"CVEGEO":"0901500011233"},"geometry":{"type":"Polygon","coordinates":[[[-99.14984,19.41468],[-99.14394,19.41424],[-99.14439,19.40982],[-99.15078,19.41005],[-99.14984,19.41468]]]}},{"id":"1729","type":"Feature","properties":{"CVEGEO":"0901500011267"},"geometry":{"type":"Polygon","coordinates":[[[-99.13884,19.41387],[-99.13503,19.4132],[-99.13549,19.41027],[-99.13922,19.41051],[-99.13884,19.41387]]]}},{"id":"1730","type":"Feature","properties":{"CVEGEO":"0901500011248"},"geometry":{"type":"Polygon","coordinates":[[[-99.14394,19.41424],[-99.14127,19.41405],[-99.14222,19.40733],[-99.14464,19.40718],[-99.14394,19.41424]]]}},{"id":"1731","type":"Feature","properties":{"CVEGEO":"0901500011252"},"geometry":{"type":"Polygon","coordinates":[[[-99.13954,19.40753],[-99.14222,19.40733],[-99.14127,19.41405],[-99.13884,19.41387],[-99.13954,19.40753]]]}},{"id":"1732","type":"Feature","properties":{"CVEGEO":"0901500011271"},"geometry":{"type":"Polygon","coordinates":[[[-99.13579,19.40834],[-99.13503,19.4132],[-99.1329,19.41192],[-99.13351,19.40849],[-99.13579,19.40834]]]}},{"id":"1733","type":"Feature","properties":{"CVEGEO":"0901500011360"},"geometry":{"type":"Polygon","coordinates":[[[-99.16463,19.41192],[-99.16279,19.41228],[-99.16119,19.40622],[-99.16319,19.40613],[-99.16463,19.41192]]]}},{"id":"1734","type":"Feature","properties":{"CVEGEO":"0901500011375"},"geometry":{"type":"Polygon","coordinates":[[[-99.16279,19.41228],[-99.16064,19.4127],[-99.1594,19.41192],[-99.16011,19.40803],[-99.15969,19.4063],[-99.16119,19.40622],[-99.16279,19.41228]]]}},{"id":"1735","type":"Feature","properties":{"CVEGEO":"090150001138A"},"geometry":{"type":"Polygon","coordinates":[[[-99.15483,19.41177],[-99.15518,19.40744],[-99.15991,19.40719],[-99.15969,19.41179],[-99.15483,19.41177]]]}},{"id":"1736","type":"Feature","properties":{"CVEGEO":"0901500011394"},"geometry":{"type":"Polygon","coordinates":[[[-99.15148,19.40672],[-99.15078,19.41005],[-99.14439,19.40982],[-99.14464,19.40718],[-99.15148,19.40672]]]}},{"id":"1737","type":"Feature","properties":{"CVEGEO":"0901500011407"},"geometry":{"type":"Polygon","coordinates":[[[-99.13954,19.40753],[-99.13922,19.41051],[-99.13549,19.41027],[-99.13584,19.40802],[-99.13954,19.40753]]]}},{"id":"1738","type":"Feature","properties":{"CVEGEO":"0901500011426"},"geometry":{"type":"Polygon","coordinates":[[[-99.17108,19.4035],[-99.17713,19.40545],[-99.17559,19.4081],[-99.17181,19.40623],[-99.17108,19.4035]]]}},{"id":"1739","type":"Feature","properties":{"CVEGEO":"0901500011445"},"geometry":{"type":"Polygon","coordinates":[[[-99.17044,19.39979],[-99.16848,19.4059],[-99.16776,19.40592],[-99.16648,19.40088],[-99.17044,19.39979]]]}},{"id":"1740","type":"Feature","properties":{"CVEGEO":"0901500011483"},"geometry":{"type":"Polygon","coordinates":[[[-99.15021,19.40405],[-99.15007,19.40465],[-99.15122,19.40467],[-99.15102,19.40675],[-99.14464,19.40718],[-99.14498,19.40388],[-99.15021,19.40405]]]}},{"id":"1741","type":"Feature","properties":{"CVEGEO":"0901500010998"},"geometry":{"type":"Polygon","coordinates":[[[-99.16393,19.42029],[-99.17091,19.41892],[-99.17161,19.42174],[-99.16363,19.42371],[-99.16312,19.42302],[-99.16393,19.42029]]]}},{"id":"1742","type":"Feature","properties":{"CVEGEO":"0901500010076"},"geometry":{"type":"Polygon","coordinates":[[[-99.14177,19.46308],[-99.14355,19.45593],[-99.1488,19.4572],[-99.1429,19.46364],[-99.14177,19.46308]]]}},{"id":"1743","type":"Feature","properties":{"CVEGEO":"0901500010095"},"geometry":{"type":"Polygon","coordinates":[[[-99.13656,19.45658],[-99.13804,19.4562],[-99.13908,19.45806],[-99.13878,19.4616],[-99.135,19.46142],[-99.13656,19.45658]]]}},{"id":"1744","type":"Feature","properties":{"CVEGEO":"0901500010199"},"geometry":{"type":"Polygon","coordinates":[[[-99.15187,19.45404],[-99.15162,19.45524],[-99.14992,19.45646],[-99.15016,19.4551],[-99.14928,19.45442],[-99.14947,19.45364],[-99.15187,19.45404]]]}},{"id":"1745","type":"Feature","properties":{"CVEGEO":"0901500010818"},"geometry":{"type":"Polygon","coordinates":[[[-99.13233,19.43173],[-99.13254,19.42906],[-99.14145,19.43029],[-99.14109,19.43281],[-99.13233,19.43173]]]}},{"id":"1746","type":"Feature","properties":{"CVEGEO":"0901500010339"},"geometry":{"type":"Polygon","coordinates":[[[-99.13089,19.45311],[-99.12967,19.45293],[-99.13034,19.44718],[-99.13529,19.44792],[-99.13089,19.45311]]]}},{"id":"1747","type":"Feature","properties":{"CVEGEO":"090150001049A"},"geometry":{"type":"Polygon","coordinates":[[[-99.14735,19.45193],[-99.14757,19.45105],[-99.14946,19.45134],[-99.15053,19.44383],[-99.15221,19.43857],[-99.15569,19.43981],[-99.15338,19.44567],[-99.15187,19.45404],[-99.14401,19.45192],[-99.14735,19.45193]]]}},{"id":"1748","type":"Feature","properties":{"CVEGEO":"0901500010502"},"geometry":{"type":"Polygon","coordinates":[[[-99.14783,19.44341],[-99.15087,19.44388],[-99.14946,19.45134],[-99.14757,19.45105],[-99.14735,19.45193],[-99.14605,19.45129],[-99.14783,19.44341]]]}},{"id":"1749","type":"Feature","properties":{"CVEGEO":"0901500010521"},"geometry":{"type":"Polygon","coordinates":[[[-99.13892,19.44668],[-99.14207,19.44729],[-99.14124,19.45116],[-99.13537,19.4485],[-99.13529,19.44778],[-99.13896,19.44454],[-99.13892,19.44668]]]}},{"id":"1750","type":"Feature","properties":{"CVEGEO":"0901500010540"},"geometry":{"type":"Polygon","coordinates":[[[-99.13034,19.44718],[-99.13091,19.44228],[-99.13404,19.44248],[-99.13412,19.44173],[-99.13533,19.44187],[-99.13468,19.44752],[-99.13034,19.44718]]]}},{"id":"1751","type":"Feature","properties":{"CVEGEO":"090150001056A"},"geometry":{"type":"Polygon","coordinates":[[[-99.14411,19.44277],[-99.14783,19.44341],[-99.14685,19.44802],[-99.14316,19.4475],[-99.14411,19.44277]]]}},{"id":"1752","type":"Feature","properties":{"CVEGEO":"0901500010574"},"geometry":{"type":"Polygon","coordinates":[[[-99.14375,19.44019],[-99.14451,19.44098],[-99.14316,19.4475],[-99.13892,19.44668],[-99.13906,19.4445],[-99.14375,19.44019]]]}},{"id":"1753","type":"Feature","properties":{"CVEGEO":"090150001063A"},"geometry":{"type":"Polygon","coordinates":[[[-99.14088,19.43412],[-99.14209,19.43433],[-99.14174,19.43635],[-99.144,19.43678],[-99.1432,19.43989],[-99.14375,19.44019],[-99.13975,19.44404],[-99.13873,19.44392],[-99.13959,19.44278],[-99.14088,19.43412]]]}},{"id":"1754","type":"Feature","properties":{"CVEGEO":"0901500010644"},"geometry":{"type":"Polygon","coordinates":[[[-99.13159,19.43656],[-99.14031,19.43774],[-99.13988,19.44089],[-99.13535,19.44076],[-99.13533,19.44187],[-99.13412,19.44173],[-99.13404,19.44248],[-99.13091,19.44228],[-99.13159,19.43656]]]}},{"id":"1755","type":"Feature","properties":{"CVEGEO":"0901500010659"},"geometry":{"type":"Polygon","coordinates":[[[-99.13091,19.44228],[-99.12747,19.44197],[-99.12762,19.4402],[-99.1251,19.44017],[-99.12546,19.43763],[-99.12925,19.43805],[-99.12951,19.43628],[-99.13159,19.43656],[-99.13091,19.44228]]]}},{"id":"1756","type":"Feature","properties":{"CVEGEO":"0901500010729"},"geometry":{"type":"Polygon","coordinates":[[[-99.15456,19.43279],[-99.1599,19.43071],[-99.159,19.43229],[-99.15464,19.43388],[-99.15439,19.43547],[-99.14967,19.43584],[-99.14917,19.43789],[-99.14671,19.4374],[-99.15456,19.43279]]]}},{"id":"1757","type":"Feature","properties":{"CVEGEO":"0901500010771"},"geometry":{"type":"Polygon","coordinates":[[[-99.12768,19.43432],[-99.12827,19.43017],[-99.13233,19.43077],[-99.13233,19.43173],[-99.13644,19.43219],[-99.13594,19.43539],[-99.13206,19.43486],[-99.13202,19.43438],[-99.12768,19.43432]]]}},{"id":"1758","type":"Feature","properties":{"CVEGEO":"0901500010786"},"geometry":{"type":"Polygon","coordinates":[[[-99.12494,19.42978],[-99.12827,19.43017],[-99.12768,19.43432],[-99.12433,19.43392],[-99.12494,19.42978]]]}},{"id":"1759","type":"Feature","properties":{"CVEGEO":"0901500010790"},"geometry":{"type":"Polygon","coordinates":[[[-99.16259,19.43377],[-99.15904,19.43221],[-99.15927,19.43175],[-99.16172,19.43184],[-99.16591,19.42987],[-99.16821,19.43418],[-99.17058,19.43489],[-99.16968,19.43633],[-99.16259,19.43377]]]}},{"id":"1760","type":"Feature","properties":{"CVEGEO":"0901500010803"},"geometry":{"type":"Polygon","coordinates":[[[-99.15056,19.4333],[-99.15212,19.43353],[-99.15293,19.43149],[-99.15476,19.4319],[-99.15751,19.43119],[-99.15806,19.42935],[-99.16413,19.42648],[-99.16506,19.42828],[-99.15456,19.43279],[-99.14975,19.43553],[-99.15056,19.4333]]]}},{"id":"1761","type":"Feature","properties":{"CVEGEO":"0901500010841"},"geometry":{"type":"Polygon","coordinates":[[[-99.1553,19.42874],[-99.15659,19.4252],[-99.16008,19.42443],[-99.16177,19.42759],[-99.15804,19.42947],[-99.1553,19.42874]]]}},{"id":"1762","type":"Feature","properties":{"CVEGEO":"0901500010856"},"geometry":{"type":"Polygon","coordinates":[[[-99.15366,19.42585],[-99.15659,19.4252],[-99.1553,19.42874],[-99.15804,19.42947],[-99.15751,19.43119],[-99.15476,19.4319],[-99.15293,19.43149],[-99.15212,19.43353],[-99.15056,19.4333],[-99.15366,19.42585]]]}},{"id":"1763","type":"Feature","properties":{"CVEGEO":"090150001088A"},"geometry":{"type":"Polygon","coordinates":[[[-99.13734,19.42629],[-99.14201,19.42691],[-99.14145,19.43029],[-99.13681,19.42966],[-99.13734,19.42629]]]}},{"id":"1764","type":"Feature","properties":{"CVEGEO":"0901500010894"},"geometry":{"type":"Polygon","coordinates":[[[-99.13303,19.4259],[-99.13734,19.42629],[-99.13681,19.42966],[-99.13254,19.42906],[-99.13303,19.4259]]]}},{"id":"1765","type":"Feature","properties":{"CVEGEO":"0901500010220"},"geometry":{"type":"Polygon","coordinates":[[[-99.14657,19.45499],[-99.1479,19.45514],[-99.14759,19.45645],[-99.14631,19.45642],[-99.14657,19.45499]]]}},{"id":"1766","type":"Feature","properties":{"CVEGEO":"0901500010907"},"geometry":{"type":"Polygon","coordinates":[[[-99.12885,19.42605],[-99.13303,19.4259],[-99.13233,19.43077],[-99.12827,19.43017],[-99.12885,19.42605]]]}},{"id":"1767","type":"Feature","properties":{"CVEGEO":"0901500011159"},"geometry":{"type":"Polygon","coordinates":[[[-99.13503,19.4132],[-99.13884,19.41387],[-99.13826,19.41835],[-99.1343,19.41796],[-99.13503,19.4132]]]}},{"id":"1768","type":"Feature","properties":{"CVEGEO":"0901500010273"},"geometry":{"type":"Polygon","coordinates":[[[-99.13835,19.45306],[-99.14082,19.45389],[-99.14039,19.45523],[-99.13836,19.45473],[-99.13835,19.45306]]]}},{"id":"1769","type":"Feature","properties":{"CVEGEO":"0901500010288"},"geometry":{"type":"Polygon","coordinates":[[[-99.13835,19.45306],[-99.13836,19.45473],[-99.13682,19.45439],[-99.1366,19.45347],[-99.13835,19.45306]]]}},{"id":"1770","type":"Feature","properties":{"CVEGEO":"0901500010305"},"geometry":{"type":"Polygon","coordinates":[[[-99.13422,19.45198],[-99.13554,19.4523],[-99.13509,19.454],[-99.1336,19.45323],[-99.13422,19.45198]]]}},{"id":"1771","type":"Feature","properties":{"CVEGEO":"0901500010517"},"geometry":{"type":"Polygon","coordinates":[[[-99.14124,19.45116],[-99.14207,19.44729],[-99.14685,19.44802],[-99.14596,19.45167],[-99.14124,19.45116]]]}},{"id":"1772","type":"Feature","properties":{"CVEGEO":"0901500010409"},"geometry":{"type":"Polygon","coordinates":[[[-99.14124,19.45116],[-99.14264,19.45153],[-99.14246,19.4537],[-99.14094,19.4536],[-99.14124,19.45116]]]}},{"id":"1773","type":"Feature","properties":{"CVEGEO":"0901500010682"},"geometry":{"type":"Polygon","coordinates":[[[-99.16483,19.43435],[-99.16262,19.44255],[-99.16047,19.44176],[-99.16259,19.43377],[-99.16483,19.43435]]]}},{"id":"1774","type":"Feature","properties":{"CVEGEO":"090150001113A"},"geometry":{"type":"Polygon","coordinates":[[[-99.14889,19.41931],[-99.14349,19.41885],[-99.14394,19.41424],[-99.14984,19.41468],[-99.14889,19.41931]]]}},{"id":"1775","type":"Feature","properties":{"CVEGEO":"090150001106A"},"geometry":{"type":"Polygon","coordinates":[[[-99.13,19.4176],[-99.1343,19.41796],[-99.13334,19.42374],[-99.12922,19.42328],[-99.13,19.4176]]]}},{"id":"1776","type":"Feature","properties":{"CVEGEO":"0901500010343"},"geometry":{"type":"Polygon","coordinates":[[[-99.12875,19.44309],[-99.1308,19.44322],[-99.12967,19.45293],[-99.12664,19.45234],[-99.12875,19.44309]]]}},{"id":"1777","type":"Feature","properties":{"CVEGEO":"0901500010269"},"geometry":{"type":"Polygon","coordinates":[[[-99.14246,19.4537],[-99.14229,19.45564],[-99.14039,19.45523],[-99.14082,19.45389],[-99.14246,19.4537]]]}},{"id":"1778","type":"Feature","properties":{"CVEGEO":"0901500010019"},"geometry":{"type":"Polygon","coordinates":[[[-99.13492,19.46501],[-99.135,19.46142],[-99.13878,19.4616],[-99.1386,19.46504],[-99.13492,19.46501]]]}},{"id":"1779","type":"Feature","properties":{"CVEGEO":"0901500010396"},"geometry":{"type":"Polygon","coordinates":[[[-99.14264,19.45153],[-99.14445,19.45206],[-99.14403,19.45352],[-99.14246,19.4537],[-99.14264,19.45153]]]}},{"id":"1780","type":"Feature","properties":{"CVEGEO":"0901500010733"},"geometry":{"type":"Polygon","coordinates":[[[-99.14209,19.43433],[-99.14632,19.43506],[-99.1462,19.43583],[-99.1472,19.43594],[-99.1478,19.43291],[-99.15056,19.4333],[-99.14975,19.43553],[-99.14671,19.4374],[-99.14175,19.43626],[-99.14209,19.43433]]]}},{"id":"1781","type":"Feature","properties":{"CVEGEO":"0901500011125"},"geometry":{"type":"Polygon","coordinates":[[[-99.14889,19.41931],[-99.14984,19.41468],[-99.15127,19.41479],[-99.15474,19.41297],[-99.15418,19.41972],[-99.14889,19.41931]]]}},{"id":"1782","type":"Feature","properties":{"CVEGEO":"0901500011341"},"geometry":{"type":"Polygon","coordinates":[[[-99.16848,19.4059],[-99.17174,19.4058],[-99.17289,19.41025],[-99.16984,19.41036],[-99.16833,19.41198],[-99.16666,19.41151],[-99.16848,19.4059]]]}},{"id":"1783","type":"Feature","properties":{"CVEGEO":"0901500011356"},"geometry":{"type":"Polygon","coordinates":[[[-99.16848,19.4059],[-99.16666,19.41151],[-99.16463,19.41192],[-99.16319,19.40613],[-99.16848,19.4059]]]}},{"id":"1784","type":"Feature","properties":{"CVEGEO":"0901500011534"},"geometry":{"type":"Polygon","coordinates":[[[-99.14889,19.41931],[-99.15042,19.41943],[-99.14995,19.42215],[-99.15398,19.42256],[-99.15366,19.42585],[-99.14741,19.42537],[-99.14889,19.41931]]]}},{"id":"1785","type":"Feature","properties":{"CVEGEO":"0901500010235"},"geometry":{"type":"Polygon","coordinates":[[[-99.14536,19.45425],[-99.14639,19.45447],[-99.14629,19.45654],[-99.14495,19.45625],[-99.14536,19.45425]]]}},{"id":"1786","type":"Feature","properties":{"CVEGEO":"0901500010767"},"geometry":{"type":"Polygon","coordinates":[[[-99.13644,19.43219],[-99.14109,19.43281],[-99.14062,19.43606],[-99.13594,19.43539],[-99.13644,19.43219]]]}},{"id":"1787","type":"Feature","properties":{"CVEGEO":"090150001095A"},"geometry":{"type":"Polygon","coordinates":[[[-99.16239,19.42389],[-99.16284,19.42302],[-99.16363,19.42371],[-99.16714,19.42278],[-99.16808,19.4246],[-99.16177,19.42759],[-99.16008,19.42443],[-99.16239,19.42389]]]}},{"id":"1788","type":"Feature","properties":{"CVEGEO":"0901500010964"},"geometry":{"type":"Polygon","coordinates":[[[-99.13303,19.4259],[-99.13334,19.42374],[-99.1425,19.42471],[-99.14201,19.42691],[-99.13303,19.4259]]]}},{"id":"1789","type":"Feature","properties":{"CVEGEO":"0901500010979"},"geometry":{"type":"Polygon","coordinates":[[[-99.12559,19.42555],[-99.12601,19.42287],[-99.13334,19.42374],[-99.13303,19.4259],[-99.12559,19.42555]]]}},{"id":"1790","type":"Feature","properties":{"CVEGEO":"0901500011036"},"geometry":{"type":"Polygon","coordinates":[[[-99.14349,19.41885],[-99.14889,19.41931],[-99.14741,19.42537],[-99.1425,19.42471],[-99.14349,19.41885]]]}},{"id":"1791","type":"Feature","properties":{"CVEGEO":"0901500011040"},"geometry":{"type":"Polygon","coordinates":[[[-99.13826,19.41835],[-99.14349,19.41885],[-99.1425,19.42471],[-99.13758,19.42409],[-99.13826,19.41835]]]}},{"id":"1792","type":"Feature","properties":{"CVEGEO":"0901500011093"},"geometry":{"type":"Polygon","coordinates":[[[-99.17034,19.41628],[-99.17091,19.41892],[-99.16393,19.42029],[-99.16483,19.41727],[-99.17034,19.41628]]]}},{"id":"1793","type":"Feature","properties":{"CVEGEO":"0901500010381"},"geometry":{"type":"Polygon","coordinates":[[[-99.14326,19.45334],[-99.14403,19.45352],[-99.14445,19.45206],[-99.14578,19.45246],[-99.14536,19.45425],[-99.14316,19.45383],[-99.14326,19.45334]]]}},{"id":"1794","type":"Feature","properties":{"CVEGEO":"0901500010292"},"geometry":{"type":"Polygon","coordinates":[[[-99.13554,19.4523],[-99.13679,19.45262],[-99.13682,19.45439],[-99.13512,19.45387],[-99.13554,19.4523]]]}},{"id":"1795","type":"Feature","properties":{"CVEGEO":"090150001024A"},"geometry":{"type":"Polygon","coordinates":[[[-99.14367,19.45392],[-99.14536,19.45425],[-99.14495,19.45625],[-99.14318,19.45585],[-99.14367,19.45392]]]}},{"id":"1796","type":"Feature","properties":{"CVEGEO":"0901500010108"},"geometry":{"type":"Polygon","coordinates":[[[-99.1359,19.45824],[-99.135,19.46142],[-99.1315,19.4604],[-99.13276,19.45709],[-99.1359,19.45824]]]}},{"id":"1797","type":"Feature","properties":{"CVEGEO":"0901500010131"},"geometry":{"type":"Polygon","coordinates":[[[-99.13836,19.45473],[-99.13794,19.45664],[-99.13605,19.45647],[-99.13184,19.45329],[-99.13836,19.45473]]]}},{"id":"1798","type":"Feature","properties":{"CVEGEO":"0901500010150"},"geometry":{"type":"Polygon","coordinates":[[[-99.13376,19.45448],[-99.13276,19.45709],[-99.12978,19.45599],[-99.13106,19.45317],[-99.13376,19.45448]]]}},{"id":"1799","type":"Feature","properties":{"CVEGEO":"090150001031A"},"geometry":{"type":"Polygon","coordinates":[[[-99.13292,19.45198],[-99.13221,19.45142],[-99.13287,19.45058],[-99.13362,19.45071],[-99.13347,19.45137],[-99.1343,19.45156],[-99.13401,19.45294],[-99.13266,19.45303],[-99.13292,19.45198]]]}},{"id":"1800","type":"Feature","properties":{"CVEGEO":"0901500010324"},"geometry":{"type":"Polygon","coordinates":[[[-99.13221,19.45142],[-99.13271,19.45166],[-99.13266,19.45303],[-99.13408,19.45333],[-99.13397,19.45375],[-99.13089,19.45311],[-99.13221,19.45142]]]}},{"id":"1801","type":"Feature","properties":{"CVEGEO":"0901500010606"},"geometry":{"type":"Polygon","coordinates":[[[-99.15569,19.43981],[-99.15951,19.44137],[-99.15846,19.44522],[-99.15396,19.44443],[-99.15569,19.43981]]]}},{"id":"1802","type":"Feature","properties":{"CVEGEO":"0901500010610"},"geometry":{"type":"Polygon","coordinates":[[[-99.14451,19.44098],[-99.14596,19.44122],[-99.14671,19.4374],[-99.14917,19.43789],[-99.1489,19.43911],[-99.15181,19.43977],[-99.15053,19.44383],[-99.14411,19.44277],[-99.14451,19.44098]]]}},{"id":"1803","type":"Feature","properties":{"CVEGEO":"0901500010625"},"geometry":{"type":"Polygon","coordinates":[[[-99.144,19.43678],[-99.14671,19.4374],[-99.14596,19.44122],[-99.14381,19.4407],[-99.1432,19.43989],[-99.144,19.43678]]]}},{"id":"1804","type":"Feature","properties":{"CVEGEO":"0901500010822"},"geometry":{"type":"Polygon","coordinates":[[[-99.16591,19.42987],[-99.16987,19.428],[-99.17221,19.4324],[-99.17058,19.43489],[-99.16821,19.43418],[-99.16591,19.42987]]]}},{"id":"1805","type":"Feature","properties":{"CVEGEO":"0901500010837"},"geometry":{"type":"Polygon","coordinates":[[[-99.1599,19.43071],[-99.16364,19.42853],[-99.16506,19.42828],[-99.16591,19.42987],[-99.16172,19.43184],[-99.15927,19.43175],[-99.1599,19.43071]]]}},{"id":"1806","type":"Feature","properties":{"CVEGEO":"0901500010428"},"geometry":{"type":"Polygon","coordinates":[[[-99.13835,19.45306],[-99.13841,19.44993],[-99.14069,19.45097],[-99.13923,19.45325],[-99.13835,19.45306]]]}},{"id":"1807","type":"Feature","properties":{"CVEGEO":"0901500010201"},"geometry":{"type":"Polygon","coordinates":[[[-99.15003,19.45458],[-99.14967,19.45663],[-99.14875,19.45639],[-99.14912,19.45502],[-99.14812,19.45478],[-99.14847,19.45333],[-99.15003,19.45458]]]}},{"id":"1808","type":"Feature","properties":{"CVEGEO":"0901500011017"},"geometry":{"type":"Polygon","coordinates":[[[-99.15421,19.41935],[-99.15846,19.41843],[-99.16,19.42445],[-99.15366,19.42585],[-99.15421,19.41935]]]}},{"id":"1809","type":"Feature","properties":{"CVEGEO":"0901500011110"},"geometry":{"type":"Polygon","coordinates":[[[-99.15483,19.41177],[-99.15811,19.41168],[-99.15974,19.41825],[-99.15421,19.41935],[-99.15483,19.41177]]]}},{"id":"1810","type":"Feature","properties":{"CVEGEO":"0901500011337"},"geometry":{"type":"Polygon","coordinates":[[[-99.17216,19.40727],[-99.17181,19.40623],[-99.17664,19.40853],[-99.17433,19.41095],[-99.17289,19.41025],[-99.17216,19.40727]]]}},{"id":"1811","type":"Feature","properties":{"CVEGEO":"0901500011318"},"geometry":{"type":"Polygon","coordinates":[[[-99.17664,19.40853],[-99.17947,19.40997],[-99.17714,19.41415],[-99.17324,19.41217],[-99.17664,19.40853]]]}},{"id":"1812","type":"Feature","properties":{"CVEGEO":"0901500011322"},"geometry":{"type":"Polygon","coordinates":[[[-99.17155,19.41331],[-99.17289,19.41025],[-99.17433,19.41095],[-99.17324,19.41217],[-99.17714,19.41415],[-99.17636,19.41553],[-99.17155,19.41331]]]}},{"id":"1813","type":"Feature","properties":{"CVEGEO":"0901500010860"},"geometry":{"type":"Polygon","coordinates":[[[-99.14896,19.42713],[-99.14741,19.42723],[-99.14741,19.42537],[-99.15366,19.42585],[-99.15056,19.4333],[-99.1478,19.43291],[-99.14896,19.42713]]]}},{"id":"1814","type":"Feature","properties":{"CVEGEO":"0901500010875"},"geometry":{"type":"Polygon","coordinates":[[[-99.1425,19.42471],[-99.14741,19.42537],[-99.14741,19.42723],[-99.14896,19.42713],[-99.14812,19.43126],[-99.14145,19.43029],[-99.1425,19.42471]]]}},{"id":"1815","type":"Feature","properties":{"CVEGEO":"0901500011106"},"geometry":{"type":"Polygon","coordinates":[[[-99.1589,19.41594],[-99.16533,19.41469],[-99.16483,19.41727],[-99.15974,19.41825],[-99.1589,19.41594]]]}},{"id":"1816","type":"Feature","properties":{"CVEGEO":"0901500011002"},"geometry":{"type":"Polygon","coordinates":[[[-99.15854,19.41849],[-99.16483,19.41727],[-99.16312,19.42302],[-99.16239,19.42389],[-99.15997,19.42432],[-99.15854,19.41849]]]}},{"id":"1817","type":"Feature","properties":{"CVEGEO":"0900300011783"},"geometry":{"type":"Polygon","coordinates":[[[-99.1721,19.30492],[-99.17529,19.30306],[-99.17941,19.30344],[-99.1751,19.30608],[-99.17429,19.30603],[-99.17378,19.30683],[-99.17279,19.30692],[-99.1721,19.30492]]]}},{"id":"1818","type":"Feature","properties":{"CVEGEO":"0900300010357"},"geometry":{"type":"Polygon","coordinates":[[[-99.11448,19.34079],[-99.1136,19.33665],[-99.11819,19.33845],[-99.11655,19.34291],[-99.11762,19.34356],[-99.11705,19.34556],[-99.11448,19.34079]]]}},{"id":"1819","type":"Feature","properties":{"CVEGEO":"0900300010361"},"geometry":{"type":"Polygon","coordinates":[[[-99.18453,19.34161],[-99.18618,19.34052],[-99.18676,19.338],[-99.18994,19.33848],[-99.19032,19.33868],[-99.18478,19.34344],[-99.18453,19.34161]]]}},{"id":"1820","type":"Feature","properties":{"CVEGEO":"0900300010728"},"geometry":{"type":"Polygon","coordinates":[[[-99.12997,19.32142],[-99.13449,19.32313],[-99.13677,19.32625],[-99.13694,19.33016],[-99.12881,19.32444],[-99.12997,19.32142]]]}},{"id":"1821","type":"Feature","properties":{"CVEGEO":"090030001054A"},"geometry":{"type":"Polygon","coordinates":[[[-99.17943,19.33577],[-99.17615,19.33611],[-99.17707,19.33385],[-99.17851,19.33317],[-99.17889,19.33411],[-99.18561,19.33617],[-99.18634,19.33699],[-99.19012,19.33659],[-99.19032,19.33868],[-99.17943,19.33577]]]}},{"id":"1822","type":"Feature","properties":{"CVEGEO":"0900300010111"},"geometry":{"type":"Polygon","coordinates":[[[-99.1732,19.3508],[-99.17391,19.34582],[-99.18082,19.34706],[-99.17993,19.34964],[-99.1776,19.35182],[-99.1732,19.3508]]]}},{"id":"1823","type":"Feature","properties":{"CVEGEO":"0900300011092"},"geometry":{"type":"Polygon","coordinates":[[[-99.10032,19.30659],[-99.10093,19.30002],[-99.10942,19.29967],[-99.11005,19.30574],[-99.10883,19.30554],[-99.10847,19.30881],[-99.10826,19.30659],[-99.10444,19.30533],[-99.1047,19.30878],[-99.10032,19.30659]]]}},{"id":"1824","type":"Feature","properties":{"CVEGEO":"0900300010906"},"geometry":{"type":"Polygon","coordinates":[[[-99.11987,19.31966],[-99.11374,19.32076],[-99.11133,19.31564],[-99.12432,19.31691],[-99.12449,19.31518],[-99.12694,19.31685],[-99.12525,19.31932],[-99.12997,19.32142],[-99.12881,19.32444],[-99.12366,19.32084],[-99.11987,19.31966]]]}},{"id":"1825","type":"Feature","properties":{"CVEGEO":"0900300011425"},"geometry":{"type":"Polygon","coordinates":[[[-99.13712,19.3056],[-99.14262,19.29961],[-99.14462,19.30038],[-99.14206,19.30754],[-99.13712,19.3056]]]}},{"id":"1826","type":"Feature","properties":{"CVEGEO":"0900300011444"},"geometry":{"type":"Polygon","coordinates":[[[-99.11742,19.30158],[-99.12466,19.30398],[-99.12437,19.30717],[-99.11678,19.30654],[-99.11742,19.30158]]]}},{"id":"1827","type":"Feature","properties":{"CVEGEO":"0900300010018"},"geometry":{"type":"Polygon","coordinates":[[[-99.16682,19.35392],[-99.16394,19.35071],[-99.16931,19.35204],[-99.16977,19.35106],[-99.17454,19.3511],[-99.1776,19.35182],[-99.17299,19.35675],[-99.17171,19.35957],[-99.16777,19.35851],[-99.16682,19.35392]]]}},{"id":"1828","type":"Feature","properties":{"CVEGEO":"0900300011105"},"geometry":{"type":"Polygon","coordinates":[[[-99.18874,19.30962],[-99.18703,19.30983],[-99.18598,19.30287],[-99.19543,19.3021],[-99.20127,19.30464],[-99.20575,19.30568],[-99.20555,19.30672],[-99.20524,19.3063],[-99.19983,19.31144],[-99.18874,19.30962]]]}},{"id":"1829","type":"Feature","properties":{"CVEGEO":"0900300011618"},"geometry":{"type":"Polygon","coordinates":[[[-99.16802,19.30297],[-99.16756,19.30201],[-99.17168,19.30257],[-99.1703,19.30331],[-99.17122,19.30332],[-99.17287,19.3063],[-99.17071,19.30722],[-99.16802,19.30297]]]}},{"id":"1830","type":"Feature","properties":{"CVEGEO":"0900300011073"},"geometry":{"type":"Polygon","coordinates":[[[-99.11431,19.30626],[-99.11429,19.30081],[-99.11742,19.30158],[-99.11678,19.30654],[-99.11431,19.30626]]]}},{"id":"1831","type":"Feature","properties":{"CVEGEO":"0900300010037"},"geometry":{"type":"Polygon","coordinates":[[[-99.1591,19.35188],[-99.16379,19.35139],[-99.1635,19.35827],[-99.16047,19.35811],[-99.1591,19.35188]]]}},{"id":"1832","type":"Feature","properties":{"CVEGEO":"0900300011660"},"geometry":{"type":"Polygon","coordinates":[[[-99.15674,19.30161],[-99.15887,19.29959],[-99.1613,19.30103],[-99.16428,19.30157],[-99.16422,19.30221],[-99.16327,19.3025],[-99.1631,19.30391],[-99.16429,19.30405],[-99.16316,19.30747],[-99.15674,19.30161]]]}},{"id":"1833","type":"Feature","properties":{"CVEGEO":"0900300011694"},"geometry":{"type":"Polygon","coordinates":[[[-99.12466,19.30398],[-99.12762,19.30523],[-99.1267,19.30829],[-99.12431,19.30782],[-99.12466,19.30398]]]}},{"id":"1834","type":"Feature","properties":{"CVEGEO":"0900300011730"},"geometry":{"type":"Polygon","coordinates":[[[-99.13408,19.31328],[-99.1335,19.3167],[-99.13184,19.3162],[-99.13305,19.31294],[-99.13408,19.31328]]]}},{"id":"1835","type":"Feature","properties":{"CVEGEO":"090030001175A"},"geometry":{"type":"Polygon","coordinates":[[[-99.12366,19.32084],[-99.12296,19.32439],[-99.11905,19.32405],[-99.11944,19.31968],[-99.12366,19.32084]]]}},{"id":"1836","type":"Feature","properties":{"CVEGEO":"0900300011764"},"geometry":{"type":"Polygon","coordinates":[[[-99.10602,19.3232],[-99.1077,19.32499],[-99.10708,19.32551],[-99.10974,19.3281],[-99.10759,19.32829],[-99.10399,19.32467],[-99.10602,19.3232]]]}},{"id":"1837","type":"Feature","properties":{"CVEGEO":"0900300011779"},"geometry":{"type":"Polygon","coordinates":[[[-99.10602,19.3232],[-99.10399,19.32467],[-99.10105,19.32299],[-99.10926,19.32143],[-99.10905,19.32367],[-99.1077,19.32499],[-99.10602,19.3232]]]}},{"id":"1838","type":"Feature","properties":{"CVEGEO":"0900300011798"},"geometry":{"type":"Polygon","coordinates":[[[-99.17122,19.30332],[-99.1703,19.30331],[-99.17168,19.30257],[-99.17529,19.30306],[-99.1721,19.30492],[-99.17122,19.30332]]]}},{"id":"1839","type":"Feature","properties":{"CVEGEO":"0900300010060"},"geometry":{"type":"Polygon","coordinates":[[[-99.14549,19.35152],[-99.14548,19.34901],[-99.14958,19.34979],[-99.14933,19.3512],[-99.15142,19.35159],[-99.1524,19.35505],[-99.14943,19.35578],[-99.1489,19.35747],[-99.14386,19.35726],[-99.14549,19.35152]]]}},{"id":"1840","type":"Feature","properties":{"CVEGEO":"0900300011139"},"geometry":{"type":"Polygon","coordinates":[[[-99.1402,19.33518],[-99.14158,19.33494],[-99.1424,19.33748],[-99.13899,19.33777],[-99.1402,19.33518]]]}},{"id":"1841","type":"Feature","properties":{"CVEGEO":"0900300010022"},"geometry":{"type":"Polygon","coordinates":[[[-99.16349,19.35424],[-99.16394,19.35071],[-99.16682,19.35392],[-99.16777,19.35851],[-99.1635,19.35827],[-99.16349,19.35424]]]}},{"id":"1842","type":"Feature","properties":{"CVEGEO":"0900300010041"},"geometry":{"type":"Polygon","coordinates":[[[-99.1489,19.35747],[-99.14896,19.35616],[-99.15624,19.35432],[-99.15694,19.35231],[-99.1591,19.35188],[-99.16047,19.35811],[-99.1489,19.35747]]]}},{"id":"1843","type":"Feature","properties":{"CVEGEO":"090030001008A"},"geometry":{"type":"Polygon","coordinates":[[[-99.13047,19.35314],[-99.13062,19.34904],[-99.13288,19.3495],[-99.13267,19.35021],[-99.13568,19.35131],[-99.13427,19.35654],[-99.13047,19.35314]]]}},{"id":"1844","type":"Feature","properties":{"CVEGEO":"0900300010075"},"geometry":{"type":"Polygon","coordinates":[[[-99.1344,19.35655],[-99.13724,19.34528],[-99.14465,19.34566],[-99.14558,19.35088],[-99.14386,19.35726],[-99.1344,19.35655]]]}},{"id":"1845","type":"Feature","properties":{"CVEGEO":"0900300010713"},"geometry":{"type":"Polygon","coordinates":[[[-99.12997,19.33201],[-99.12855,19.33098],[-99.12881,19.32444],[-99.13694,19.33016],[-99.13699,19.33342],[-99.12997,19.33201]]]}},{"id":"1846","type":"Feature","properties":{"CVEGEO":"0900300011124"},"geometry":{"type":"Polygon","coordinates":[[[-99.14373,19.30923],[-99.14192,19.30845],[-99.14462,19.30038],[-99.14741,19.30129],[-99.15162,19.29801],[-99.15666,19.29684],[-99.15887,19.29959],[-99.15674,19.30161],[-99.15505,19.30183],[-99.154,19.30512],[-99.15208,19.30577],[-99.14884,19.30451],[-99.14842,19.30893],[-99.14535,19.30922],[-99.1453,19.31042],[-99.14372,19.3105],[-99.14373,19.30923]]]}},{"id":"1847","type":"Feature","properties":{"CVEGEO":"0900300010094"},"geometry":{"type":"Polygon","coordinates":[[[-99.12792,19.35141],[-99.12845,19.35143],[-99.13397,19.35653],[-99.13229,19.35718],[-99.13118,19.35866],[-99.12771,19.35828],[-99.12792,19.35141]]]}},{"id":"1848","type":"Feature","properties":{"CVEGEO":"0900300010107"},"geometry":{"type":"Polygon","coordinates":[[[-99.12792,19.35141],[-99.12771,19.35828],[-99.12198,19.35766],[-99.12036,19.35085],[-99.12792,19.35141]]]}},{"id":"1849","type":"Feature","properties":{"CVEGEO":"0900300010130"},"geometry":{"type":"Polygon","coordinates":[[[-99.16394,19.35071],[-99.16379,19.35139],[-99.16178,19.35134],[-99.16233,19.34728],[-99.16293,19.34579],[-99.16345,19.34594],[-99.1636,19.34458],[-99.16781,19.34508],[-99.16756,19.34656],[-99.16839,19.34759],[-99.16749,19.34934],[-99.16848,19.34936],[-99.16793,19.35164],[-99.16394,19.35071]]]}},{"id":"1850","type":"Feature","properties":{"CVEGEO":"090030001015A"},"geometry":{"type":"Polygon","coordinates":[[[-99.15651,19.34376],[-99.15889,19.34616],[-99.15796,19.35024],[-99.15326,19.35121],[-99.15423,19.34801],[-99.15014,19.34714],[-99.14894,19.34289],[-99.15651,19.34376]]]}},{"id":"1851","type":"Feature","properties":{"CVEGEO":"0900300010179"},"geometry":{"type":"Polygon","coordinates":[[[-99.13568,19.35131],[-99.13267,19.35021],[-99.13266,19.34679],[-99.13733,19.34387],[-99.13568,19.35131]]]}},{"id":"1852","type":"Feature","properties":{"CVEGEO":"0900300010234"},"geometry":{"type":"Polygon","coordinates":[[[-99.18165,19.34198],[-99.18455,19.34138],[-99.18478,19.34344],[-99.18384,19.34392],[-99.18287,19.34658],[-99.18179,19.34735],[-99.18082,19.34706],[-99.18165,19.34198]]]}},{"id":"1853","type":"Feature","properties":{"CVEGEO":"0900300011228"},"geometry":{"type":"Polygon","coordinates":[[[-99.12977,19.34177],[-99.12978,19.33945],[-99.13286,19.3403],[-99.13197,19.34218],[-99.12977,19.34177]]]}},{"id":"1854","type":"Feature","properties":{"CVEGEO":"0900300010412"},"geometry":{"type":"Polygon","coordinates":[[[-99.17922,19.33643],[-99.17901,19.33707],[-99.18067,19.33775],[-99.18014,19.33893],[-99.18062,19.33933],[-99.17965,19.34081],[-99.17604,19.33633],[-99.17922,19.33643]]]}},{"id":"1855","type":"Feature","properties":{"CVEGEO":"090030001168A"},"geometry":{"type":"Polygon","coordinates":[[[-99.12431,19.30782],[-99.1267,19.30829],[-99.12762,19.30523],[-99.13472,19.30829],[-99.12402,19.31102],[-99.12431,19.30782]]]}},{"id":"1856","type":"Feature","properties":{"CVEGEO":"0900300011707"},"geometry":{"type":"Polygon","coordinates":[[[-99.12253,19.32915],[-99.12366,19.32084],[-99.12881,19.32444],[-99.12879,19.32949],[-99.12253,19.32915]]]}},{"id":"1857","type":"Feature","properties":{"CVEGEO":"0900300011726"},"geometry":{"type":"Polygon","coordinates":[[[-99.1304,19.31855],[-99.13184,19.3162],[-99.1335,19.3167],[-99.13403,19.31319],[-99.13603,19.3138],[-99.13573,19.31503],[-99.13624,19.31504],[-99.13615,19.31825],[-99.13668,19.31913],[-99.1304,19.31855]]]}},{"id":"1858","type":"Feature","properties":{"CVEGEO":"0900300011745"},"geometry":{"type":"Polygon","coordinates":[[[-99.11905,19.32405],[-99.12296,19.32439],[-99.12253,19.32915],[-99.12071,19.32901],[-99.11905,19.32405]]]}},{"id":"1859","type":"Feature","properties":{"CVEGEO":"0900300011317"},"geometry":{"type":"Polygon","coordinates":[[[-99.10708,19.32551],[-99.10822,19.32458],[-99.10977,19.32606],[-99.11383,19.32643],[-99.11368,19.32844],[-99.10974,19.3281],[-99.10708,19.32551]]]}},{"id":"1860","type":"Feature","properties":{"CVEGEO":"0900300011478"},"geometry":{"type":"Polygon","coordinates":[[[-99.10587,19.32021],[-99.10287,19.31913],[-99.10385,19.31712],[-99.1037,19.31508],[-99.10695,19.31526],[-99.10587,19.32021]]]}},{"id":"1861","type":"Feature","properties":{"CVEGEO":"0900300011143"},"geometry":{"type":"Polygon","coordinates":[[[-99.13831,19.3349],[-99.1402,19.33518],[-99.13899,19.33777],[-99.13743,19.33679],[-99.13831,19.3349]]]}},{"id":"1862","type":"Feature","properties":{"CVEGEO":"0900300011529"},"geometry":{"type":"Polygon","coordinates":[[[-99.18045,19.30764],[-99.18037,19.30545],[-99.17816,19.306],[-99.17618,19.30508],[-99.17941,19.30344],[-99.18598,19.30287],[-99.18683,19.3096],[-99.18349,19.30633],[-99.18045,19.30764]]]}},{"id":"1863","type":"Feature","properties":{"CVEGEO":"0900300011675"},"geometry":{"type":"Polygon","coordinates":[[[-99.13022,19.31347],[-99.12971,19.31313],[-99.12465,19.31103],[-99.13472,19.30829],[-99.13195,19.31592],[-99.12967,19.31426],[-99.13022,19.31347]]]}},{"id":"1864","type":"Feature","properties":{"CVEGEO":"0900300010164"},"geometry":{"type":"Polygon","coordinates":[[[-99.14465,19.34566],[-99.13724,19.34528],[-99.13747,19.34115],[-99.14888,19.34265],[-99.15014,19.34714],[-99.14842,19.34673],[-99.14756,19.34942],[-99.14548,19.34901],[-99.14465,19.34566]]]}},{"id":"1865","type":"Feature","properties":{"CVEGEO":"0900300010183"},"geometry":{"type":"Polygon","coordinates":[[[-99.13495,19.34082],[-99.13457,19.3419],[-99.13736,19.34311],[-99.13733,19.34387],[-99.13227,19.34705],[-99.13126,19.34363],[-99.13285,19.34033],[-99.13495,19.34082]]]}},{"id":"1866","type":"Feature","properties":{"CVEGEO":"0900300010198"},"geometry":{"type":"Polygon","coordinates":[[[-99.12816,19.3444],[-99.13159,19.34486],[-99.13227,19.34705],[-99.13289,19.34702],[-99.13298,19.34912],[-99.13062,19.34904],[-99.13048,19.35287],[-99.12792,19.35141],[-99.12816,19.3444]]]}},{"id":"1867","type":"Feature","properties":{"CVEGEO":"0900300010200"},"geometry":{"type":"Polygon","coordinates":[[[-99.12112,19.34341],[-99.12176,19.34361],[-99.12195,19.34296],[-99.12637,19.34305],[-99.12632,19.34379],[-99.12816,19.34394],[-99.12792,19.35141],[-99.12578,19.35138],[-99.12571,19.34585],[-99.12056,19.3457],[-99.12112,19.34341]]]}},{"id":"1868","type":"Feature","properties":{"CVEGEO":"0900300010215"},"geometry":{"type":"Polygon","coordinates":[[[-99.11956,19.34961],[-99.12056,19.3457],[-99.12571,19.34585],[-99.12578,19.35138],[-99.12036,19.35085],[-99.11956,19.34961]]]}},{"id":"1869","type":"Feature","properties":{"CVEGEO":"090030001022A"},"geometry":{"type":"Polygon","coordinates":[[[-99.11762,19.34356],[-99.11655,19.34291],[-99.11797,19.33858],[-99.12027,19.33732],[-99.12274,19.33758],[-99.11956,19.34961],[-99.11739,19.34619],[-99.11762,19.34356]]]}},{"id":"1870","type":"Feature","properties":{"CVEGEO":"0900300010249"},"geometry":{"type":"Polygon","coordinates":[[[-99.17855,19.34331],[-99.17964,19.34166],[-99.18003,19.34249],[-99.18165,19.34198],[-99.18082,19.34706],[-99.17672,19.34614],[-99.17708,19.34363],[-99.17855,19.34331]]]}},{"id":"1871","type":"Feature","properties":{"CVEGEO":"0900300010268"},"geometry":{"type":"Polygon","coordinates":[[[-99.16809,19.34321],[-99.17577,19.34409],[-99.17562,19.34505],[-99.17438,19.34587],[-99.16781,19.34508],[-99.16809,19.34321]]]}},{"id":"1872","type":"Feature","properties":{"CVEGEO":"0900300010380"},"geometry":{"type":"Polygon","coordinates":[[[-99.18326,19.33777],[-99.1858,19.33786],[-99.18547,19.33944],[-99.18435,19.33953],[-99.18561,19.34033],[-99.18569,19.34133],[-99.18165,19.34198],[-99.18326,19.33777]]]}},{"id":"1873","type":"Feature","properties":{"CVEGEO":"0900300010395"},"geometry":{"type":"Polygon","coordinates":[[[-99.18211,19.33964],[-99.18165,19.34198],[-99.18003,19.34249],[-99.17945,19.34106],[-99.18062,19.33933],[-99.18211,19.33964]]]}},{"id":"1874","type":"Feature","properties":{"CVEGEO":"0900300010408"},"geometry":{"type":"Polygon","coordinates":[[[-99.17943,19.33577],[-99.18387,19.33741],[-99.18211,19.33964],[-99.18028,19.33907],[-99.18067,19.33775],[-99.17833,19.33626],[-99.17943,19.33577]]]}},{"id":"1875","type":"Feature","properties":{"CVEGEO":"0900300010535"},"geometry":{"type":"Polygon","coordinates":[[[-99.11733,19.33565],[-99.11814,19.33275],[-99.12384,19.33204],[-99.12274,19.33758],[-99.12027,19.33732],[-99.11819,19.33845],[-99.11598,19.33738],[-99.11733,19.33565]]]}},{"id":"1876","type":"Feature","properties":{"CVEGEO":"0900300010821"},"geometry":{"type":"Polygon","coordinates":[[[-99.15811,19.31471],[-99.15981,19.31863],[-99.1584,19.32018],[-99.15697,19.31899],[-99.15354,19.31958],[-99.15511,19.3163],[-99.15811,19.31471]]]}},{"id":"1877","type":"Feature","properties":{"CVEGEO":"0900300010836"},"geometry":{"type":"Polygon","coordinates":[[[-99.15354,19.31958],[-99.15036,19.3201],[-99.14927,19.32169],[-99.14845,19.32147],[-99.15076,19.31487],[-99.15511,19.3163],[-99.15354,19.31958]]]}},{"id":"1878","type":"Feature","properties":{"CVEGEO":"0900300010840"},"geometry":{"type":"Polygon","coordinates":[[[-99.15076,19.31487],[-99.14845,19.32147],[-99.1456,19.32065],[-99.14546,19.32123],[-99.14471,19.321],[-99.14611,19.31938],[-99.14598,19.31772],[-99.14731,19.31384],[-99.15076,19.31487]]]}},{"id":"1879","type":"Feature","properties":{"CVEGEO":"0900300010855"},"geometry":{"type":"Polygon","coordinates":[[[-99.14283,19.3208],[-99.14263,19.31898],[-99.1388,19.31794],[-99.13921,19.31644],[-99.14259,19.31735],[-99.143,19.31605],[-99.14372,19.31629],[-99.14392,19.31457],[-99.14685,19.3152],[-99.14598,19.31964],[-99.14471,19.321],[-99.14283,19.3208]]]}},{"id":"1880","type":"Feature","properties":{"CVEGEO":"0900300010889"},"geometry":{"type":"Polygon","coordinates":[[[-99.12694,19.31685],[-99.12768,19.3172],[-99.12967,19.31426],[-99.13195,19.31592],[-99.12919,19.32107],[-99.12525,19.31932],[-99.12694,19.31685]]]}},{"id":"1881","type":"Feature","properties":{"CVEGEO":"0900300010893"},"geometry":{"type":"Polygon","coordinates":[[[-99.12398,19.31123],[-99.12603,19.31127],[-99.13022,19.31347],[-99.12768,19.3172],[-99.1246,19.31541],[-99.12398,19.31123]]]}},{"id":"1882","type":"Feature","properties":{"CVEGEO":"090030001093A"},"geometry":{"type":"Polygon","coordinates":[[[-99.11133,19.31564],[-99.11098,19.31491],[-99.11225,19.3112],[-99.11497,19.31181],[-99.11427,19.31598],[-99.11133,19.31564]]]}},{"id":"1883","type":"Feature","properties":{"CVEGEO":"0900300011020"},"geometry":{"type":"Polygon","coordinates":[[[-99.14192,19.30845],[-99.14237,19.30856],[-99.14379,19.30955],[-99.1437,19.31138],[-99.14267,19.31136],[-99.14284,19.31391],[-99.14392,19.31457],[-99.14372,19.31629],[-99.143,19.31605],[-99.14259,19.31735],[-99.13921,19.31644],[-99.14192,19.30845]]]}},{"id":"1884","type":"Feature","properties":{"CVEGEO":"090030001129A"},"geometry":{"type":"Polygon","coordinates":[[[-99.11553,19.32041],[-99.11944,19.31968],[-99.11905,19.32405],[-99.11706,19.32406],[-99.11553,19.32041]]]}},{"id":"1885","type":"Feature","properties":{"CVEGEO":"090030001136A"},"geometry":{"type":"Polygon","coordinates":[[[-99.11426,19.31603],[-99.11479,19.31359],[-99.11685,19.31369],[-99.1173,19.31465],[-99.11954,19.31482],[-99.11892,19.31652],[-99.11426,19.31603]]]}},{"id":"1886","type":"Feature","properties":{"CVEGEO":"0900300011374"},"geometry":{"type":"Polygon","coordinates":[[[-99.11479,19.31359],[-99.11497,19.31181],[-99.11877,19.31216],[-99.11994,19.31169],[-99.12019,19.31225],[-99.11954,19.31482],[-99.1173,19.31465],[-99.11685,19.31369],[-99.11479,19.31359]]]}},{"id":"1887","type":"Feature","properties":{"CVEGEO":"0900300011389"},"geometry":{"type":"Polygon","coordinates":[[[-99.10817,19.31791],[-99.1087,19.31783],[-99.1129,19.32082],[-99.10885,19.3215],[-99.10817,19.31791]]]}},{"id":"1888","type":"Feature","properties":{"CVEGEO":"0900300011393"},"geometry":{"type":"Polygon","coordinates":[[[-99.10791,19.31726],[-99.11231,19.31767],[-99.11374,19.32076],[-99.1129,19.32082],[-99.10791,19.31726]]]}},{"id":"1889","type":"Feature","properties":{"CVEGEO":"0900300011406"},"geometry":{"type":"Polygon","coordinates":[[[-99.10695,19.31526],[-99.11133,19.31564],[-99.11231,19.31767],[-99.10791,19.31726],[-99.10695,19.31526]]]}},{"id":"1890","type":"Feature","properties":{"CVEGEO":"090030001143A"},"geometry":{"type":"Polygon","coordinates":[[[-99.11564,19.30641],[-99.12437,19.30717],[-99.12388,19.31129],[-99.11877,19.31216],[-99.11448,19.31167],[-99.11564,19.30641]]]}},{"id":"1891","type":"Feature","properties":{"CVEGEO":"090030001150A"},"geometry":{"type":"Polygon","coordinates":[[[-99.10444,19.30533],[-99.10826,19.30659],[-99.10844,19.3103],[-99.1075,19.31275],[-99.10398,19.31165],[-99.10466,19.3103],[-99.10444,19.30533]]]}},{"id":"1892","type":"Feature","properties":{"CVEGEO":"0900300011514"},"geometry":{"type":"Polygon","coordinates":[[[-99.10495,19.3089],[-99.10349,19.31278],[-99.10095,19.31262],[-99.10146,19.30721],[-99.10495,19.3089]]]}},{"id":"1893","type":"Feature","properties":{"CVEGEO":"0900300011533"},"geometry":{"type":"Polygon","coordinates":[[[-99.17958,19.30591],[-99.18037,19.30766],[-99.17652,19.30926],[-99.17565,19.30764],[-99.17958,19.30591]]]}},{"id":"1894","type":"Feature","properties":{"CVEGEO":"0900300011567"},"geometry":{"type":"Polygon","coordinates":[[[-99.17186,19.30929],[-99.17257,19.31088],[-99.17064,19.31217],[-99.16885,19.31094],[-99.17186,19.30929]]]}},{"id":"1895","type":"Feature","properties":{"CVEGEO":"0900300011590"},"geometry":{"type":"Polygon","coordinates":[[[-99.17071,19.30722],[-99.17287,19.3063],[-99.17279,19.30692],[-99.17378,19.30683],[-99.1731,19.30827],[-99.17003,19.30973],[-99.16896,19.31091],[-99.1684,19.31053],[-99.17071,19.30722]]]}},{"id":"1896","type":"Feature","properties":{"CVEGEO":"0900300011482"},"geometry":{"type":"Polygon","coordinates":[[[-99.10248,19.3196],[-99.10052,19.31911],[-99.10077,19.31519],[-99.1037,19.31508],[-99.10385,19.31712],[-99.10248,19.3196]]]}},{"id":"1897","type":"Feature","properties":{"CVEGEO":"0900300010516"},"geometry":{"type":"Polygon","coordinates":[[[-99.12577,19.33483],[-99.12559,19.33579],[-99.12834,19.33622],[-99.12826,19.33902],[-99.12274,19.33758],[-99.12328,19.3346],[-99.12577,19.33483]]]}},{"id":"1898","type":"Feature","properties":{"CVEGEO":"0900300010145"},"geometry":{"type":"Polygon","coordinates":[[[-99.15889,19.34616],[-99.15628,19.34367],[-99.1636,19.34458],[-99.16345,19.34594],[-99.16293,19.34579],[-99.16233,19.34728],[-99.16178,19.35134],[-99.15777,19.35215],[-99.15736,19.35036],[-99.15796,19.35024],[-99.15889,19.34616]]]}},{"id":"1899","type":"Feature","properties":{"CVEGEO":"0900300010287"},"geometry":{"type":"Polygon","coordinates":[[[-99.15667,19.33798],[-99.15759,19.33758],[-99.15819,19.33746],[-99.15831,19.33847],[-99.16,19.33856],[-99.15979,19.33956],[-99.16097,19.33898],[-99.1613,19.33788],[-99.16292,19.33821],[-99.16262,19.33971],[-99.1654,19.34087],[-99.1665,19.3407],[-99.16668,19.3417],[-99.16823,19.34231],[-99.16781,19.34508],[-99.15886,19.34397],[-99.15613,19.34096],[-99.15667,19.33798]]]}},{"id":"1900","type":"Feature","properties":{"CVEGEO":"0900300010291"},"geometry":{"type":"Polygon","coordinates":[[[-99.14972,19.33663],[-99.15628,19.34367],[-99.14888,19.34265],[-99.14722,19.33695],[-99.1481,19.33569],[-99.14972,19.33663]]]}},{"id":"1901","type":"Feature","properties":{"CVEGEO":"0900300010304"},"geometry":{"type":"Polygon","coordinates":[[[-99.14295,19.33926],[-99.14681,19.33549],[-99.14641,19.33374],[-99.14813,19.3355],[-99.14722,19.33695],[-99.14888,19.34265],[-99.14373,19.34193],[-99.14295,19.33926]]]}},{"id":"1902","type":"Feature","properties":{"CVEGEO":"0900300010319"},"geometry":{"type":"Polygon","coordinates":[[[-99.13536,19.33899],[-99.14315,19.33991],[-99.14373,19.34193],[-99.13747,19.34115],[-99.13736,19.34311],[-99.13457,19.3419],[-99.13536,19.33899]]]}},{"id":"1903","type":"Feature","properties":{"CVEGEO":"0900300010323"},"geometry":{"type":"Polygon","coordinates":[[[-99.13426,19.33761],[-99.13717,19.33827],[-99.13702,19.33621],[-99.13813,19.33737],[-99.14009,19.33807],[-99.1424,19.33748],[-99.14315,19.33991],[-99.13536,19.33899],[-99.13495,19.34082],[-99.13286,19.3403],[-99.13426,19.33761]]]}},{"id":"1904","type":"Feature","properties":{"CVEGEO":"0900300010342"},"geometry":{"type":"Polygon","coordinates":[[[-99.12195,19.34296],[-99.12176,19.34361],[-99.12112,19.34341],[-99.12274,19.33758],[-99.12826,19.33902],[-99.12816,19.34394],[-99.12195,19.34296]]]}},{"id":"1905","type":"Feature","properties":{"CVEGEO":"0900300010376"},"geometry":{"type":"Polygon","coordinates":[[[-99.18547,19.33944],[-99.1858,19.33786],[-99.18676,19.338],[-99.18613,19.34061],[-99.18436,19.33946],[-99.18547,19.33944]]]}},{"id":"1906","type":"Feature","properties":{"CVEGEO":"0900300011336"},"geometry":{"type":"Polygon","coordinates":[[[-99.11374,19.32076],[-99.11408,19.32363],[-99.10911,19.3232],[-99.10926,19.32143],[-99.11374,19.32076]]]}},{"id":"1907","type":"Feature","properties":{"CVEGEO":"0900300010427"},"geometry":{"type":"Polygon","coordinates":[[[-99.1665,19.3407],[-99.1654,19.34087],[-99.16262,19.33971],[-99.16292,19.33821],[-99.17117,19.33936],[-99.17126,19.33759],[-99.17513,19.33767],[-99.1758,19.33694],[-99.17661,19.33764],[-99.17432,19.34023],[-99.17445,19.34183],[-99.16943,19.34132],[-99.16823,19.34231],[-99.16648,19.34138],[-99.1665,19.3407]]]}},{"id":"1908","type":"Feature","properties":{"CVEGEO":"0900300010959"},"geometry":{"type":"Polygon","coordinates":[[[-99.1087,19.31783],[-99.10817,19.31791],[-99.10885,19.3215],[-99.10545,19.32212],[-99.10664,19.31668],[-99.1087,19.31783]]]}},{"id":"1909","type":"Feature","properties":{"CVEGEO":"0900300010431"},"geometry":{"type":"Polygon","coordinates":[[[-99.1626,19.33816],[-99.16287,19.33604],[-99.16147,19.33532],[-99.17615,19.33611],[-99.17513,19.33767],[-99.17126,19.33759],[-99.17117,19.33936],[-99.1626,19.33816]]]}},{"id":"1910","type":"Feature","properties":{"CVEGEO":"0900300010446"},"geometry":{"type":"Polygon","coordinates":[[[-99.1552,19.33616],[-99.15403,19.33448],[-99.16147,19.33532],[-99.16287,19.33604],[-99.1626,19.33816],[-99.1613,19.33788],[-99.16097,19.33898],[-99.15979,19.33956],[-99.16,19.33856],[-99.15831,19.33847],[-99.15819,19.33746],[-99.15667,19.33798],[-99.15589,19.34071],[-99.1541,19.33862],[-99.1552,19.33616]]]}},{"id":"1911","type":"Feature","properties":{"CVEGEO":"0900300010450"},"geometry":{"type":"Polygon","coordinates":[[[-99.14707,19.33437],[-99.14749,19.33333],[-99.14921,19.33304],[-99.14987,19.33199],[-99.1506,19.3328],[-99.15156,19.33238],[-99.15171,19.33318],[-99.15312,19.3331],[-99.15337,19.33434],[-99.1552,19.33616],[-99.1541,19.33862],[-99.15886,19.34397],[-99.15628,19.34367],[-99.14707,19.33437]]]}},{"id":"1912","type":"Feature","properties":{"CVEGEO":"0900300010465"},"geometry":{"type":"Polygon","coordinates":[[[-99.14168,19.3352],[-99.14395,19.33066],[-99.14606,19.33339],[-99.14681,19.33549],[-99.14295,19.33926],[-99.14168,19.3352]]]}},{"id":"1913","type":"Feature","properties":{"CVEGEO":"0900300010499"},"geometry":{"type":"Polygon","coordinates":[[[-99.13288,19.3373],[-99.13281,19.3356],[-99.13364,19.33501],[-99.13317,19.33268],[-99.13699,19.33342],[-99.13717,19.33827],[-99.13288,19.3373]]]}},{"id":"1914","type":"Feature","properties":{"CVEGEO":"0900300010501"},"geometry":{"type":"Polygon","coordinates":[[[-99.12855,19.33098],[-99.12997,19.33201],[-99.13313,19.33264],[-99.13364,19.33501],[-99.13281,19.3356],[-99.13288,19.3373],[-99.12834,19.33757],[-99.12855,19.33098]]]}},{"id":"1915","type":"Feature","properties":{"CVEGEO":"0900300010520"},"geometry":{"type":"Polygon","coordinates":[[[-99.12384,19.33204],[-99.12848,19.33274],[-99.12834,19.33622],[-99.12559,19.33579],[-99.12577,19.33483],[-99.12331,19.33441],[-99.12384,19.33204]]]}},{"id":"1916","type":"Feature","properties":{"CVEGEO":"0900300010696"},"geometry":{"type":"Polygon","coordinates":[[[-99.13775,19.32243],[-99.13835,19.31922],[-99.13967,19.32505],[-99.14395,19.33066],[-99.14158,19.33494],[-99.13775,19.32243]]]}},{"id":"1917","type":"Feature","properties":{"CVEGEO":"0900300010785"},"geometry":{"type":"Polygon","coordinates":[[[-99.16996,19.31988],[-99.17191,19.32045],[-99.17123,19.31712],[-99.1706,19.31698],[-99.17119,19.31608],[-99.17375,19.32656],[-99.17356,19.32795],[-99.17266,19.32666],[-99.17283,19.32472],[-99.17141,19.32432],[-99.16975,19.32889],[-99.16872,19.32855],[-99.16939,19.32664],[-99.16775,19.32567],[-99.16996,19.31988]]]}},{"id":"1918","type":"Feature","properties":{"CVEGEO":"0900300011162"},"geometry":{"type":"Polygon","coordinates":[[[-99.15997,19.33199],[-99.16014,19.33145],[-99.15891,19.33109],[-99.15918,19.33023],[-99.15788,19.32992],[-99.15916,19.32852],[-99.17391,19.33311],[-99.17304,19.33595],[-99.15997,19.33199]]]}},{"id":"1919","type":"Feature","properties":{"CVEGEO":"0900300011232"},"geometry":{"type":"Polygon","coordinates":[[[-99.12834,19.33757],[-99.13426,19.33761],[-99.13286,19.3403],[-99.12978,19.33945],[-99.12977,19.34177],[-99.13197,19.34218],[-99.13126,19.34363],[-99.13159,19.34486],[-99.12816,19.3444],[-99.12834,19.33757]]]}},{"id":"1920","type":"Feature","properties":{"CVEGEO":"0900300011247"},"geometry":{"type":"Polygon","coordinates":[[[-99.11658,19.33233],[-99.11722,19.32874],[-99.12253,19.32915],[-99.12279,19.33128],[-99.12214,19.33116],[-99.12191,19.33237],[-99.11658,19.33233]]]}},{"id":"1921","type":"Feature","properties":{"CVEGEO":"0900300011251"},"geometry":{"type":"Polygon","coordinates":[[[-99.11339,19.33147],[-99.11668,19.3311],[-99.11682,19.33251],[-99.1157,19.33441],[-99.11413,19.33429],[-99.11326,19.33293],[-99.11339,19.33147]]]}},{"id":"1922","type":"Feature","properties":{"CVEGEO":"0900300011270"},"geometry":{"type":"Polygon","coordinates":[[[-99.11662,19.32869],[-99.11685,19.32584],[-99.11617,19.324],[-99.11905,19.32405],[-99.12071,19.32901],[-99.11662,19.32869]]]}},{"id":"1923","type":"Feature","properties":{"CVEGEO":"0900300011321"},"geometry":{"type":"Polygon","coordinates":[[[-99.10911,19.3232],[-99.11408,19.32363],[-99.11383,19.32643],[-99.10977,19.32606],[-99.10822,19.32458],[-99.10911,19.3232]]]}},{"id":"1924","type":"Feature","properties":{"CVEGEO":"0900300010554"},"geometry":{"type":"Polygon","coordinates":[[[-99.17387,19.33272],[-99.17519,19.33097],[-99.17454,19.33031],[-99.17356,19.33049],[-99.17347,19.32958],[-99.17605,19.3297],[-99.17693,19.33106],[-99.17873,19.33157],[-99.17851,19.33317],[-99.17707,19.33385],[-99.17615,19.33611],[-99.17304,19.33595],[-99.17387,19.33272]]]}},{"id":"1925","type":"Feature","properties":{"CVEGEO":"0900300010573"},"geometry":{"type":"Polygon","coordinates":[[[-99.15171,19.33318],[-99.15156,19.33238],[-99.1506,19.3328],[-99.14987,19.33199],[-99.14921,19.33304],[-99.14749,19.33333],[-99.14707,19.33437],[-99.14592,19.33317],[-99.14655,19.33175],[-99.15013,19.32981],[-99.15272,19.32585],[-99.15788,19.32992],[-99.15918,19.33023],[-99.15891,19.33109],[-99.16014,19.33145],[-99.15997,19.33199],[-99.15821,19.33148],[-99.15649,19.33379],[-99.15634,19.33502],[-99.15337,19.33434],[-99.15312,19.3331],[-99.15171,19.33318]]]}},{"id":"1926","type":"Feature","properties":{"CVEGEO":"0900300010605"},"geometry":{"type":"Polygon","coordinates":[[[-99.1136,19.33665],[-99.11216,19.33422],[-99.11017,19.3327],[-99.1077,19.32819],[-99.11368,19.32844],[-99.11325,19.33309],[-99.11413,19.33429],[-99.1157,19.33441],[-99.11682,19.33251],[-99.11814,19.33275],[-99.11733,19.33565],[-99.11598,19.33738],[-99.1136,19.33665]]]}},{"id":"1927","type":"Feature","properties":{"CVEGEO":"0900300010624"},"geometry":{"type":"Polygon","coordinates":[[[-99.16514,19.32639],[-99.16605,19.32671],[-99.1668,19.32515],[-99.16939,19.32664],[-99.16872,19.32855],[-99.16975,19.32889],[-99.16883,19.33161],[-99.16377,19.33012],[-99.16514,19.32639]]]}},{"id":"1928","type":"Feature","properties":{"CVEGEO":"0900300010639"},"geometry":{"type":"Polygon","coordinates":[[[-99.15923,19.32847],[-99.16306,19.32383],[-99.1668,19.32515],[-99.16605,19.32671],[-99.16514,19.32639],[-99.16386,19.33006],[-99.15923,19.32847]]]}},{"id":"1929","type":"Feature","properties":{"CVEGEO":"0900300010643"},"geometry":{"type":"Polygon","coordinates":[[[-99.15697,19.31899],[-99.16306,19.32383],[-99.16055,19.32698],[-99.15186,19.32001],[-99.15697,19.31899]]]}},{"id":"1930","type":"Feature","properties":{"CVEGEO":"0900300011213"},"geometry":{"type":"Polygon","coordinates":[[[-99.10863,19.30749],[-99.10883,19.30554],[-99.11005,19.30574],[-99.10942,19.29967],[-99.11429,19.30081],[-99.11431,19.30626],[-99.11281,19.30609],[-99.11226,19.30851],[-99.11076,19.30852],[-99.10863,19.30749]]]}},{"id":"1931","type":"Feature","properties":{"CVEGEO":"0900300010658"},"geometry":{"type":"Polygon","coordinates":[[[-99.15272,19.32585],[-99.15195,19.32688],[-99.15096,19.32556],[-99.15277,19.32368],[-99.14942,19.32199],[-99.14829,19.32311],[-99.15036,19.3201],[-99.15197,19.31983],[-99.16055,19.32698],[-99.15788,19.32992],[-99.15272,19.32585]]]}},{"id":"1932","type":"Feature","properties":{"CVEGEO":"0900300010662"},"geometry":{"type":"Polygon","coordinates":[[[-99.14632,19.3264],[-99.14623,19.32511],[-99.14543,19.32487],[-99.1456,19.32065],[-99.14927,19.32169],[-99.14829,19.32311],[-99.14942,19.32199],[-99.15277,19.32368],[-99.15096,19.32556],[-99.15195,19.32688],[-99.1506,19.32868],[-99.14843,19.32671],[-99.14632,19.3264]]]}},{"id":"1933","type":"Feature","properties":{"CVEGEO":"090030001079A"},"geometry":{"type":"Polygon","coordinates":[[[-99.16638,19.31882],[-99.16769,19.31703],[-99.16733,19.31662],[-99.16992,19.31361],[-99.16913,19.31298],[-99.17064,19.31217],[-99.17162,19.3125],[-99.16909,19.31509],[-99.17109,19.31554],[-99.1706,19.31698],[-99.17123,19.31712],[-99.17191,19.32045],[-99.16638,19.31882]]]}},{"id":"1934","type":"Feature","properties":{"CVEGEO":"090030001086A"},"geometry":{"type":"Polygon","coordinates":[[[-99.12919,19.32107],[-99.1305,19.3186],[-99.13668,19.31913],[-99.13664,19.31825],[-99.13829,19.31828],[-99.13798,19.32319],[-99.13417,19.32321],[-99.12919,19.32107]]]}},{"id":"1935","type":"Feature","properties":{"CVEGEO":"0900300010802"},"geometry":{"type":"Polygon","coordinates":[[[-99.16996,19.31988],[-99.16775,19.32567],[-99.16254,19.32338],[-99.16638,19.31882],[-99.16996,19.31988]]]}},{"id":"1936","type":"Feature","properties":{"CVEGEO":"0900300010817"},"geometry":{"type":"Polygon","coordinates":[[[-99.15981,19.31863],[-99.15811,19.31471],[-99.15889,19.31251],[-99.16111,19.31319],[-99.16048,19.31392],[-99.16657,19.31858],[-99.16254,19.32338],[-99.1584,19.32018],[-99.15981,19.31863]]]}},{"id":"1937","type":"Feature","properties":{"CVEGEO":"0900300010982"},"geometry":{"type":"Polygon","coordinates":[[[-99.15837,19.314],[-99.15811,19.31471],[-99.15466,19.31649],[-99.14737,19.31377],[-99.1484,19.31084],[-99.15837,19.314]]]}},{"id":"1938","type":"Feature","properties":{"CVEGEO":"0900300010997"},"geometry":{"type":"Polygon","coordinates":[[[-99.14728,19.31048],[-99.1471,19.31096],[-99.1453,19.31042],[-99.14535,19.30922],[-99.14842,19.30893],[-99.14885,19.30771],[-99.15695,19.31014],[-99.15741,19.31205],[-99.15889,19.31251],[-99.15837,19.314],[-99.14728,19.31048]]]}},{"id":"1939","type":"Feature","properties":{"CVEGEO":"0900300011001"},"geometry":{"type":"Polygon","coordinates":[[[-99.14834,19.30743],[-99.14884,19.30451],[-99.15208,19.30577],[-99.15493,19.305],[-99.15645,19.30608],[-99.15522,19.30958],[-99.14834,19.30743]]]}},{"id":"1940","type":"Feature","properties":{"CVEGEO":"0900300011016"},"geometry":{"type":"Polygon","coordinates":[[[-99.14442,19.31044],[-99.1484,19.31084],[-99.14685,19.3152],[-99.14284,19.31391],[-99.14274,19.31155],[-99.14442,19.31044]]]}},{"id":"1941","type":"Feature","properties":{"CVEGEO":"0900300011069"},"geometry":{"type":"Polygon","coordinates":[[[-99.11281,19.30609],[-99.11564,19.30641],[-99.11447,19.31173],[-99.11167,19.31106],[-99.11281,19.30609]]]}},{"id":"1942","type":"Feature","properties":{"CVEGEO":"0900300011410"},"geometry":{"type":"Polygon","coordinates":[[[-99.13829,19.31828],[-99.13615,19.31825],[-99.13603,19.3138],[-99.13306,19.3129],[-99.13472,19.30829],[-99.13712,19.3056],[-99.13903,19.30662],[-99.13943,19.30605],[-99.14029,19.30634],[-99.14206,19.30754],[-99.13844,19.31901],[-99.13829,19.31828]]]}},{"id":"1943","type":"Feature","properties":{"CVEGEO":"0900300011340"},"geometry":{"type":"Polygon","coordinates":[[[-99.1196,19.31405],[-99.12365,19.3144],[-99.12359,19.3152],[-99.12449,19.31518],[-99.12432,19.31691],[-99.11892,19.31652],[-99.1196,19.31405]]]}},{"id":"1944","type":"Feature","properties":{"CVEGEO":"0900300011355"},"geometry":{"type":"Polygon","coordinates":[[[-99.1196,19.31405],[-99.11994,19.31169],[-99.12398,19.31123],[-99.12449,19.31518],[-99.12359,19.3152],[-99.12341,19.31439],[-99.1196,19.31405]]]}},{"id":"1945","type":"Feature","properties":{"CVEGEO":"0900300011459"},"geometry":{"type":"Polygon","coordinates":[[[-99.10287,19.31913],[-99.10587,19.32021],[-99.10545,19.32212],[-99.10315,19.32255],[-99.10244,19.32204],[-99.10296,19.31999],[-99.10248,19.3196],[-99.10287,19.31913]]]}},{"id":"1946","type":"Feature","properties":{"CVEGEO":"0900300011497"},"geometry":{"type":"Polygon","coordinates":[[[-99.10095,19.31262],[-99.10349,19.31278],[-99.10398,19.31165],[-99.1075,19.31275],[-99.10695,19.31526],[-99.10445,19.3148],[-99.10077,19.31519],[-99.10095,19.31262]]]}},{"id":"1947","type":"Feature","properties":{"CVEGEO":"0900300011463"},"geometry":{"type":"Polygon","coordinates":[[[-99.09929,19.32045],[-99.10032,19.30659],[-99.10148,19.30718],[-99.10052,19.31911],[-99.10296,19.31999],[-99.10244,19.32204],[-99.10315,19.32255],[-99.10105,19.32299],[-99.09929,19.32045]]]}},{"id":"1948","type":"Feature","properties":{"CVEGEO":"0900300011622"},"geometry":{"type":"Polygon","coordinates":[[[-99.16834,19.30886],[-99.1681,19.3065],[-99.16963,19.30574],[-99.17073,19.30734],[-99.16952,19.30931],[-99.16834,19.30886]]]}},{"id":"1949","type":"Feature","properties":{"CVEGEO":"0900300010126"},"geometry":{"type":"Polygon","coordinates":[[[-99.16848,19.34936],[-99.16749,19.34934],[-99.16839,19.34759],[-99.16756,19.34656],[-99.16781,19.34508],[-99.17391,19.34582],[-99.1732,19.3508],[-99.17382,19.35109],[-99.16977,19.35106],[-99.16931,19.35204],[-99.16793,19.35164],[-99.16848,19.34936]]]}},{"id":"1950","type":"Feature","properties":{"CVEGEO":"0900300010588"},"geometry":{"type":"Polygon","coordinates":[[[-99.12191,19.33237],[-99.12214,19.33116],[-99.12279,19.33128],[-99.12253,19.32915],[-99.12858,19.32964],[-99.12848,19.33274],[-99.12191,19.33237]]]}},{"id":"1951","type":"Feature","properties":{"CVEGEO":"0900300010056"},"geometry":{"type":"Polygon","coordinates":[[[-99.14933,19.3512],[-99.14958,19.34979],[-99.14756,19.34942],[-99.14842,19.34673],[-99.15423,19.34801],[-99.15326,19.35121],[-99.15736,19.35036],[-99.15777,19.35215],[-99.15694,19.35231],[-99.15624,19.35432],[-99.1524,19.35505],[-99.15142,19.35159],[-99.14933,19.3512]]]}},{"id":"1952","type":"Feature","properties":{"CVEGEO":"0900300011302"},"geometry":{"type":"Polygon","coordinates":[[[-99.11408,19.32363],[-99.11374,19.32076],[-99.11553,19.32041],[-99.11707,19.32358],[-99.11706,19.32406],[-99.11408,19.32363]]]}},{"id":"1953","type":"Feature","properties":{"CVEGEO":"0900300010272"},"geometry":{"type":"Polygon","coordinates":[[[-99.16809,19.34321],[-99.16933,19.34135],[-99.17445,19.34183],[-99.17432,19.34023],[-99.17661,19.33764],[-99.1759,19.33675],[-99.17979,19.34041],[-99.17936,19.34267],[-99.17825,19.34349],[-99.17715,19.34337],[-99.17672,19.34614],[-99.17438,19.34587],[-99.17562,19.34505],[-99.17577,19.34409],[-99.16809,19.34321]]]}},{"id":"1954","type":"Feature","properties":{"CVEGEO":"0900300010677"},"geometry":{"type":"Polygon","coordinates":[[[-99.14303,19.32557],[-99.14311,19.32436],[-99.14086,19.32383],[-99.13899,19.32184],[-99.13835,19.31922],[-99.1388,19.31794],[-99.14263,19.31898],[-99.14291,19.32089],[-99.14546,19.32123],[-99.1459,19.32585],[-99.14826,19.32658],[-99.1506,19.32868],[-99.15013,19.32981],[-99.14789,19.33073],[-99.1476,19.3294],[-99.14488,19.32873],[-99.14508,19.32716],[-99.14303,19.32557]]]}},{"id":"1955","type":"Feature","properties":{"CVEGEO":"0900300010681"},"geometry":{"type":"Polygon","coordinates":[[[-99.13973,19.32515],[-99.13899,19.32184],[-99.14086,19.32383],[-99.14335,19.32458],[-99.14303,19.32557],[-99.14513,19.32729],[-99.14488,19.32873],[-99.1476,19.3294],[-99.14773,19.33155],[-99.14651,19.33179],[-99.14592,19.33317],[-99.13973,19.32515]]]}},{"id":"1956","type":"Feature","properties":{"CVEGEO":"0900300011158"},"geometry":{"type":"Polygon","coordinates":[[[-99.15821,19.33148],[-99.17304,19.33595],[-99.15634,19.33502],[-99.15821,19.33148]]]}},{"id":"1957","type":"Feature","properties":{"CVEGEO":"0900300011181"},"geometry":{"type":"Polygon","coordinates":[[[-99.10863,19.30749],[-99.11087,19.30858],[-99.11226,19.30851],[-99.11167,19.31106],[-99.11225,19.3112],[-99.11098,19.31491],[-99.11133,19.31564],[-99.10695,19.31526],[-99.10863,19.30749]]]}},{"id":"1958","type":"Feature","properties":{"CVEGEO":"0900300010978"},"geometry":{"type":"Polygon","coordinates":[[[-99.15741,19.31205],[-99.15695,19.31014],[-99.15522,19.30958],[-99.15645,19.30608],[-99.15684,19.30673],[-99.16334,19.3088],[-99.16178,19.31334],[-99.15741,19.31205]]]}},{"id":"1959","type":"Feature","properties":{"CVEGEO":"0900300011656"},"geometry":{"type":"Polygon","coordinates":[[[-99.1548,19.30532],[-99.15515,19.30507],[-99.154,19.30512],[-99.15537,19.30148],[-99.15774,19.30208],[-99.16365,19.30797],[-99.16334,19.3088],[-99.15684,19.30673],[-99.1548,19.30532]]]}},{"id":"1960","type":"Feature","properties":{"CVEGEO":"0900300011571"},"geometry":{"type":"Polygon","coordinates":[[[-99.17627,19.30545],[-99.17816,19.306],[-99.18023,19.30541],[-99.18045,19.30764],[-99.17958,19.30591],[-99.17502,19.30791],[-99.17513,19.30605],[-99.17627,19.30545]]]}},{"id":"1961","type":"Feature","properties":{"CVEGEO":"0900300011552"},"geometry":{"type":"Polygon","coordinates":[[[-99.16962,19.31011],[-99.17322,19.30816],[-99.17451,19.31005],[-99.17257,19.31088],[-99.172,19.30966],[-99.16962,19.31011]]]}},{"id":"1962","type":"Feature","properties":{"CVEGEO":"0900300011548"},"geometry":{"type":"Polygon","coordinates":[[[-99.17565,19.30764],[-99.17652,19.30926],[-99.17451,19.31005],[-99.17383,19.30842],[-99.17565,19.30764]]]}},{"id":"1963","type":"Feature","properties":{"CVEGEO":"0900300011586"},"geometry":{"type":"Polygon","coordinates":[[[-99.1742,19.3061],[-99.17506,19.30603],[-99.17502,19.30791],[-99.17348,19.30857],[-99.1742,19.3061]]]}},{"id":"1964","type":"Feature","properties":{"CVEGEO":"0900300011266"},"geometry":{"type":"Polygon","coordinates":[[[-99.11368,19.32844],[-99.11722,19.32874],[-99.11702,19.33113],[-99.11339,19.33147],[-99.11368,19.32844]]]}},{"id":"1965","type":"Feature","properties":{"CVEGEO":"0900300011285"},"geometry":{"type":"Polygon","coordinates":[[[-99.11408,19.32363],[-99.11617,19.324],[-99.11685,19.32584],[-99.11662,19.32869],[-99.11368,19.32844],[-99.11408,19.32363]]]}},{"id":"1966","type":"Feature","properties":{"CVEGEO":"090030001061A"},"geometry":{"type":"Polygon","coordinates":[[[-99.17141,19.32432],[-99.17283,19.32472],[-99.17266,19.32666],[-99.17326,19.32684],[-99.17411,19.32946],[-99.17347,19.32958],[-99.17356,19.33049],[-99.17454,19.33031],[-99.17508,19.33163],[-99.17427,19.33261],[-99.17282,19.33282],[-99.16883,19.33161],[-99.17141,19.32432]]]}},{"id":"1967","type":"Feature","properties":{"CVEGEO":"0900300010770"},"geometry":{"type":"Polygon","coordinates":[[[-99.19012,19.33659],[-99.18634,19.33699],[-99.18561,19.33617],[-99.17889,19.33411],[-99.17873,19.33157],[-99.17693,19.33106],[-99.17605,19.3297],[-99.17412,19.32955],[-99.17109,19.31554],[-99.16909,19.31509],[-99.17162,19.3125],[-99.17064,19.31217],[-99.17179,19.31126],[-99.18343,19.30631],[-99.18703,19.30983],[-99.18869,19.30961],[-99.19659,19.31133],[-99.20122,19.31152],[-99.19493,19.32203],[-99.1947,19.33023],[-99.19629,19.33363],[-99.19982,19.33351],[-99.19806,19.33548],[-99.19124,19.33688],[-99.19025,19.33798],[-99.19012,19.33659]]]}},{"id":"1968","type":"Feature","properties":{"CVEGEO":"0900300010484"},"geometry":{"type":"Polygon","coordinates":[[[-99.13699,19.33342],[-99.14084,19.33248],[-99.14158,19.33494],[-99.13831,19.3349],[-99.13785,19.33657],[-99.13702,19.33621],[-99.13699,19.33342]]]}},{"id":"1969","type":"Feature","properties":{"CVEGEO":"0900300010709"},"geometry":{"type":"Polygon","coordinates":[[[-99.13677,19.32625],[-99.13449,19.32313],[-99.13798,19.32319],[-99.14084,19.33248],[-99.13699,19.33342],[-99.13677,19.32625]]]}},{"id":"1970","type":"Feature","properties":{"CVEGEO":"0900300010963"},"geometry":{"type":"Polygon","coordinates":[[[-99.16048,19.31392],[-99.16178,19.31334],[-99.16365,19.30797],[-99.17064,19.31217],[-99.16913,19.31298],[-99.16992,19.31361],[-99.16733,19.31662],[-99.16774,19.3169],[-99.16657,19.31858],[-99.16048,19.31392]]]}},{"id":"1971","type":"Feature","properties":{"CVEGEO":"0900300011637"},"geometry":{"type":"Polygon","coordinates":[[[-99.16424,19.30835],[-99.1681,19.3065],[-99.16834,19.30886],[-99.16952,19.30931],[-99.1684,19.31053],[-99.16424,19.30835]]]}},{"id":"1972","type":"Feature","properties":{"CVEGEO":"0900300011641"},"geometry":{"type":"Polygon","coordinates":[[[-99.16316,19.30747],[-99.16429,19.30405],[-99.1631,19.30391],[-99.16327,19.3025],[-99.16422,19.30221],[-99.16428,19.30157],[-99.16756,19.30201],[-99.16963,19.30574],[-99.16424,19.30835],[-99.16316,19.30747]]]}},{"id":"1973","type":"Feature","properties":{"CVEGEO":"0900700010638"},"geometry":{"type":"Polygon","coordinates":[[[-99.00774,19.37688],[-99.01112,19.36958],[-99.0151,19.37262],[-99.01312,19.37451],[-99.01357,19.37469],[-99.01177,19.37917],[-99.00774,19.37688]]]}},{"id":"1974","type":"Feature","properties":{"CVEGEO":"0900700012121"},"geometry":{"type":"Polygon","coordinates":[[[-99.06066,19.31514],[-99.06183,19.31395],[-99.06117,19.31334],[-99.06175,19.31249],[-99.06089,19.31215],[-99.05853,19.31511],[-99.05421,19.31135],[-99.05987,19.30444],[-99.06674,19.30673],[-99.06693,19.30948],[-99.06563,19.31546],[-99.06457,19.31519],[-99.06369,19.31585],[-99.06066,19.31514]]]}},{"id":"1975","type":"Feature","properties":{"CVEGEO":"0900700010271"},"geometry":{"type":"Polygon","coordinates":[[[-99.02489,19.38568],[-99.02792,19.38104],[-99.03189,19.38332],[-99.02907,19.38757],[-99.02489,19.38568]]]}},{"id":"1976","type":"Feature","properties":{"CVEGEO":"0900700010623"},"geometry":{"type":"Polygon","coordinates":[[[-99.01177,19.37917],[-99.01357,19.37469],[-99.01312,19.37451],[-99.0151,19.37262],[-99.01881,19.37539],[-99.01642,19.38161],[-99.01177,19.37917]]]}},{"id":"1977","type":"Feature","properties":{"CVEGEO":"0900700010479"},"geometry":{"type":"Polygon","coordinates":[[[-99.01642,19.38161],[-99.01881,19.37539],[-99.02273,19.37831],[-99.02232,19.37884],[-99.02292,19.3792],[-99.02111,19.38398],[-99.01642,19.38161]]]}},{"id":"1978","type":"Feature","properties":{"CVEGEO":"0900700014274"},"geometry":{"type":"Polygon","coordinates":[[[-98.97673,19.32818],[-98.97581,19.32703],[-98.97508,19.32918],[-98.97463,19.32902],[-98.97407,19.32804],[-98.97471,19.32567],[-98.97629,19.32494],[-98.97623,19.3243],[-98.9782,19.32533],[-98.97856,19.3239],[-98.98026,19.32419],[-98.98061,19.32466],[-98.97957,19.32579],[-98.98089,19.32619],[-98.9808,19.32756],[-98.97985,19.32932],[-98.97758,19.32803],[-98.97673,19.32818]]]}},{"id":"1979","type":"Feature","properties":{"CVEGEO":"0900700012795"},"geometry":{"type":"Polygon","coordinates":[[[-99.00067,19.34591],[-98.99805,19.34556],[-98.99907,19.34226],[-99.00302,19.34309],[-99.00299,19.3445],[-99.00231,19.34502],[-99.00264,19.34747],[-99.00067,19.34591]]]}},{"id":"1980","type":"Feature","properties":{"CVEGEO":"0900700014842"},"geometry":{"type":"Polygon","coordinates":[[[-98.96838,19.33203],[-98.96907,19.33134],[-98.97039,19.33167],[-98.97062,19.32937],[-98.97511,19.33054],[-98.97661,19.3331],[-98.97562,19.33762],[-98.97522,19.33803],[-98.96838,19.33203]]]}},{"id":"1981","type":"Feature","properties":{"CVEGEO":"0900700015291"},"geometry":{"type":"Polygon","coordinates":[[[-99.00264,19.34747],[-99.00241,19.3457],[-99.00579,19.34596],[-99.00578,19.34887],[-99.00526,19.34973],[-99.00383,19.34946],[-99.00264,19.34747]]]}},{"id":"1982","type":"Feature","properties":{"CVEGEO":"0900700011458"},"geometry":{"type":"Polygon","coordinates":[[[-99.06126,19.34492],[-99.06409,19.34627],[-99.06405,19.34908],[-99.0608,19.34844],[-99.06126,19.34492]]]}},{"id":"1983","type":"Feature","properties":{"CVEGEO":"0900700011462"},"geometry":{"type":"Polygon","coordinates":[[[-99.05773,19.34583],[-99.05707,19.34566],[-99.05765,19.34325],[-99.06126,19.34492],[-99.06019,19.34841],[-99.05779,19.34798],[-99.05773,19.34583]]]}},{"id":"1984","type":"Feature","properties":{"CVEGEO":"0900700013897"},"geometry":{"type":"Polygon","coordinates":[[[-99.07002,19.31368],[-99.06981,19.31175],[-99.07317,19.31212],[-99.07223,19.31331],[-99.07656,19.31689],[-99.07553,19.31838],[-99.07002,19.31368]]]}},{"id":"1985","type":"Feature","properties":{"CVEGEO":"0900700011180"},"geometry":{"type":"Polygon","coordinates":[[[-99.11017,19.35648],[-99.11084,19.34979],[-99.11758,19.35031],[-99.1169,19.3572],[-99.11017,19.35648]]]}},{"id":"1986","type":"Feature","properties":{"CVEGEO":"0900700011195"},"geometry":{"type":"Polygon","coordinates":[[[-99.10779,19.3495],[-99.11084,19.34979],[-99.11017,19.35648],[-99.10715,19.35622],[-99.10779,19.3495]]]}},{"id":"1987","type":"Feature","properties":{"CVEGEO":"0900700010500"},"geometry":{"type":"Polygon","coordinates":[[[-99.12639,19.37641],[-99.12727,19.37264],[-99.12733,19.366],[-99.13002,19.36624],[-99.1297,19.37703],[-99.12639,19.37641]]]}},{"id":"1988","type":"Feature","properties":{"CVEGEO":"0900700010515"},"geometry":{"type":"Polygon","coordinates":[[[-99.12266,19.37574],[-99.12252,19.36938],[-99.12503,19.36872],[-99.12733,19.366],[-99.12727,19.37264],[-99.12639,19.37641],[-99.12266,19.37574]]]}},{"id":"1989","type":"Feature","properties":{"CVEGEO":"090070001369A"},"geometry":{"type":"Polygon","coordinates":[[[-98.99717,19.37068],[-98.99725,19.3691],[-98.99959,19.36928],[-99.0007,19.36788],[-99.00191,19.36958],[-98.9998,19.37223],[-98.99717,19.37068]]]}},{"id":"1990","type":"Feature","properties":{"CVEGEO":"090070001440A"},"geometry":{"type":"Polygon","coordinates":[[[-99.06702,19.28707],[-99.06837,19.28907],[-99.06615,19.28954],[-99.06536,19.28872],[-99.06702,19.28707]]]}},{"id":"1991","type":"Feature","properties":{"CVEGEO":"0900700010642"},"geometry":{"type":"Polygon","coordinates":[[[-99.13367,19.36453],[-99.12931,19.36198],[-99.13011,19.36061],[-99.13252,19.36083],[-99.13212,19.36285],[-99.13852,19.36363],[-99.13774,19.36721],[-99.13331,19.36663],[-99.13367,19.36453]]]}},{"id":"1992","type":"Feature","properties":{"CVEGEO":"0900700013632"},"geometry":{"type":"Polygon","coordinates":[[[-99.1126,19.38164],[-99.11409,19.37398],[-99.11712,19.37455],[-99.11635,19.37798],[-99.11676,19.37871],[-99.1157,19.37846],[-99.11474,19.38188],[-99.1126,19.38164]]]}},{"id":"1993","type":"Feature","properties":{"CVEGEO":"0900700011852"},"geometry":{"type":"Polygon","coordinates":[[[-99.10317,19.32743],[-99.10384,19.3246],[-99.10759,19.32829],[-99.10365,19.33182],[-99.1015,19.33147],[-99.10317,19.32743]]]}},{"id":"1994","type":"Feature","properties":{"CVEGEO":"0900700011867"},"geometry":{"type":"Polygon","coordinates":[[[-99.09383,19.32983],[-99.0939,19.32938],[-99.0959,19.32997],[-99.09739,19.32453],[-99.09656,19.32424],[-99.09908,19.32044],[-99.10084,19.32284],[-99.10384,19.3246],[-99.1037,19.32554],[-99.10163,19.33122],[-99.09968,19.33059],[-99.09939,19.33139],[-99.09383,19.32983]]]}},{"id":"1995","type":"Feature","properties":{"CVEGEO":"0900700011941"},"geometry":{"type":"Polygon","coordinates":[[[-99.09592,19.32222],[-99.09602,19.31909],[-99.09341,19.31863],[-99.0936,19.31772],[-99.09128,19.31729],[-99.09136,19.31683],[-99.09368,19.31727],[-99.09394,19.3159],[-99.0894,19.31508],[-99.08976,19.31378],[-99.09423,19.31455],[-99.09427,19.31277],[-99.09869,19.31867],[-99.09869,19.32096],[-99.09801,19.32261],[-99.09592,19.32222]]]}},{"id":"1996","type":"Feature","properties":{"CVEGEO":"0900700010229"},"geometry":{"type":"Polygon","coordinates":[[[-99.05469,19.38416],[-99.05592,19.37969],[-99.06045,19.38061],[-99.06066,19.38142],[-99.06037,19.38606],[-99.05469,19.38416]]]}},{"id":"1997","type":"Feature","properties":{"CVEGEO":"0900700012371"},"geometry":{"type":"Polygon","coordinates":[[[-99.03142,19.38863],[-99.03289,19.38635],[-99.03427,19.38717],[-99.03288,19.3893],[-99.03142,19.38863]]]}},{"id":"1998","type":"Feature","properties":{"CVEGEO":"0900700012386"},"geometry":{"type":"Polygon","coordinates":[[[-99.03189,19.38332],[-99.03546,19.38536],[-99.03427,19.38717],[-99.03289,19.38635],[-99.03142,19.38863],[-99.02908,19.38757],[-99.03189,19.38332]]]}},{"id":"1999","type":"Feature","properties":{"CVEGEO":"0900700010017"},"geometry":{"type":"Polygon","coordinates":[[[-99.04815,19.39628],[-99.04988,19.39362],[-99.05856,19.39822],[-99.05813,19.40072],[-99.04815,19.39628]]]}},{"id":"2000","type":"Feature","properties":{"CVEGEO":"0900700010888"},"geometry":{"type":"Polygon","coordinates":[[[-98.99735,19.3667],[-98.99717,19.37068],[-98.99194,19.3676],[-98.99187,19.3667],[-98.99735,19.3667]]]}},{"id":"2001","type":"Feature","properties":{"CVEGEO":"0900700011176"},"geometry":{"type":"Polygon","coordinates":[[[-99.1169,19.3572],[-99.11758,19.35031],[-99.12015,19.35043],[-99.12198,19.35766],[-99.1169,19.3572]]]}},{"id":"2002","type":"Feature","properties":{"CVEGEO":"0900700010924"},"geometry":{"type":"Polygon","coordinates":[[[-99.12227,19.36079],[-99.12198,19.35766],[-99.13131,19.35862],[-99.13011,19.36061],[-99.13017,19.35964],[-99.12579,19.35925],[-99.1253,19.36121],[-99.12227,19.36079]]]}},{"id":"2003","type":"Feature","properties":{"CVEGEO":"0900700014397"},"geometry":{"type":"Polygon","coordinates":[[[-99.06536,19.28872],[-99.06653,19.28993],[-99.06698,19.29194],[-99.06172,19.29252],[-99.06536,19.28872]]]}},{"id":"2004","type":"Feature","properties":{"CVEGEO":"0900700013100"},"geometry":{"type":"Polygon","coordinates":[[[-99.005,19.33674],[-99.01066,19.33678],[-99.0115,19.33745],[-99.01106,19.33825],[-99.01149,19.33961],[-99.00921,19.33825],[-99.00984,19.33936],[-99.00904,19.34221],[-99.00764,19.34199],[-99.005,19.33674]]]}},{"id":"2005","type":"Feature","properties":{"CVEGEO":"0900700014575"},"geometry":{"type":"Polygon","coordinates":[[[-99.05851,19.37363],[-99.0588,19.37472],[-99.05738,19.37516],[-99.057,19.37415],[-99.05851,19.37363]]]}},{"id":"2006","type":"Feature","properties":{"CVEGEO":"0900700010680"},"geometry":{"type":"Polygon","coordinates":[[[-99.11725,19.36361],[-99.11981,19.36389],[-99.11855,19.36957],[-99.11588,19.36964],[-99.11725,19.36361]]]}},{"id":"2007","type":"Feature","properties":{"CVEGEO":"0900700010695"},"geometry":{"type":"Polygon","coordinates":[[[-99.11467,19.36336],[-99.11385,19.36286],[-99.11733,19.36321],[-99.11587,19.36971],[-99.11319,19.36988],[-99.11467,19.36336]]]}},{"id":"2008","type":"Feature","properties":{"CVEGEO":"0900700010727"},"geometry":{"type":"Polygon","coordinates":[[[-99.10364,19.3664],[-99.10564,19.36157],[-99.10518,19.36124],[-99.10678,19.35619],[-99.11143,19.35663],[-99.10877,19.36821],[-99.10364,19.3664]]]}},{"id":"2009","type":"Feature","properties":{"CVEGEO":"0900700014147"},"geometry":{"type":"Polygon","coordinates":[[[-99.07443,19.33168],[-99.07495,19.33177],[-99.07488,19.33366],[-99.07423,19.33354],[-99.07443,19.33168]]]}},{"id":"2010","type":"Feature","properties":{"CVEGEO":"0900700011015"},"geometry":{"type":"Polygon","coordinates":[[[-99.06423,19.36021],[-99.0661,19.3541],[-99.06969,19.35483],[-99.06699,19.36354],[-99.06423,19.36021]]]}},{"id":"2011","type":"Feature","properties":{"CVEGEO":"0900700015427"},"geometry":{"type":"Polygon","coordinates":[[[-99.06702,19.28707],[-99.06856,19.28542],[-99.07102,19.28775],[-99.06851,19.28964],[-99.06702,19.28707]]]}},{"id":"2012","type":"Feature","properties":{"CVEGEO":"0900700013115"},"geometry":{"type":"Polygon","coordinates":[[[-98.9985,19.34104],[-98.99513,19.34064],[-98.99497,19.33866],[-98.99994,19.33884],[-99.00148,19.33957],[-99.0022,19.34155],[-99.00192,19.34272],[-98.99907,19.34226],[-98.9985,19.34104]]]}},{"id":"2013","type":"Feature","properties":{"CVEGEO":"0900700012174"},"geometry":{"type":"Polygon","coordinates":[[[-99.0634,19.30568],[-99.06449,19.30255],[-99.06747,19.30297],[-99.06752,19.3073],[-99.0634,19.30568]]]}},{"id":"2014","type":"Feature","properties":{"CVEGEO":"0900700012189"},"geometry":{"type":"Polygon","coordinates":[[[-99.06478,19.30164],[-99.0634,19.2984],[-99.06667,19.29886],[-99.06747,19.30297],[-99.06449,19.30255],[-99.06478,19.30164]]]}},{"id":"2015","type":"Feature","properties":{"CVEGEO":"0900700012390"},"geometry":{"type":"Polygon","coordinates":[[[-99.07484,19.3879],[-99.07647,19.38159],[-99.07958,19.382],[-99.08082,19.38135],[-99.0839,19.38215],[-99.08328,19.38561],[-99.08085,19.38528],[-99.07994,19.39053],[-99.07484,19.3879]]]}},{"id":"2016","type":"Feature","properties":{"CVEGEO":"0900700012403"},"geometry":{"type":"Polygon","coordinates":[[[-99.08082,19.38135],[-99.07958,19.382],[-99.07647,19.38159],[-99.0787,19.37408],[-99.08032,19.37157],[-99.08176,19.37213],[-99.08166,19.37776],[-99.08268,19.379],[-99.09554,19.37936],[-99.09285,19.38405],[-99.08082,19.38135]]]}},{"id":"2017","type":"Feature","properties":{"CVEGEO":"0900700012456"},"geometry":{"type":"Polygon","coordinates":[[[-99.09565,19.3796],[-99.0971,19.37651],[-99.10169,19.37705],[-99.10125,19.38024],[-99.09565,19.3796]]]}},{"id":"2018","type":"Feature","properties":{"CVEGEO":"0900700013083"},"geometry":{"type":"Polygon","coordinates":[[[-99.01414,19.33606],[-99.0151,19.3337],[-99.01649,19.33309],[-99.0163,19.33267],[-99.01758,19.33273],[-99.01928,19.33831],[-99.01822,19.33807],[-99.01781,19.3387],[-99.01414,19.33606]]]}},{"id":"2019","type":"Feature","properties":{"CVEGEO":"0900700010939"},"geometry":{"type":"Polygon","coordinates":[[[-99.11816,19.35745],[-99.12198,19.35766],[-99.12239,19.36374],[-99.11733,19.36321],[-99.11816,19.35745]]]}},{"id":"2020","type":"Feature","properties":{"CVEGEO":"0900700010981"},"geometry":{"type":"Polygon","coordinates":[[[-99.08464,19.36027],[-99.08657,19.35664],[-99.08942,19.35854],[-99.09211,19.35814],[-99.09066,19.36321],[-99.08796,19.3631],[-99.08464,19.36027]]]}},{"id":"2021","type":"Feature","properties":{"CVEGEO":"0900700010021"},"geometry":{"type":"Polygon","coordinates":[[[-99.0555,19.38724],[-99.0598,19.38965],[-99.05856,19.39822],[-99.05294,19.39536],[-99.0555,19.38724]]]}},{"id":"2022","type":"Feature","properties":{"CVEGEO":"090070001006A"},"geometry":{"type":"Polygon","coordinates":[[[-99.05716,19.385],[-99.06037,19.38606],[-99.0598,19.38965],[-99.05646,19.38788],[-99.05716,19.385]]]}},{"id":"2023","type":"Feature","properties":{"CVEGEO":"0900700010089"},"geometry":{"type":"Polygon","coordinates":[[[-99.04015,19.39265],[-99.04232,19.3893],[-99.04523,19.39096],[-99.04325,19.39407],[-99.04015,19.39265]]]}},{"id":"2024","type":"Feature","properties":{"CVEGEO":"0900700010093"},"geometry":{"type":"Polygon","coordinates":[[[-99.08641,19.38986],[-99.08686,19.3872],[-99.08771,19.38733],[-99.08783,19.38653],[-99.09094,19.38706],[-99.0888,19.39038],[-99.08641,19.38986]]]}},{"id":"2025","type":"Feature","properties":{"CVEGEO":"0900700010178"},"geometry":{"type":"Polygon","coordinates":[[[-99.03288,19.3893],[-99.03546,19.38536],[-99.03944,19.38765],[-99.03713,19.39126],[-99.03288,19.3893]]]}},{"id":"2026","type":"Feature","properties":{"CVEGEO":"0900700010182"},"geometry":{"type":"Polygon","coordinates":[[[-99.08688,19.38609],[-99.08757,19.38293],[-99.09285,19.38405],[-99.09094,19.38706],[-99.08688,19.38609]]]}},{"id":"2027","type":"Feature","properties":{"CVEGEO":"0900700010214"},"geometry":{"type":"Polygon","coordinates":[[[-99.06205,19.37539],[-99.06671,19.37429],[-99.065,19.38331],[-99.06085,19.38259],[-99.06205,19.37539]]]}},{"id":"2028","type":"Feature","properties":{"CVEGEO":"0900700010318"},"geometry":{"type":"Polygon","coordinates":[[[-99.02111,19.38398],[-99.02292,19.3792],[-99.02232,19.37884],[-99.02273,19.37831],[-99.02792,19.38104],[-99.02489,19.38568],[-99.02111,19.38398]]]}},{"id":"2029","type":"Feature","properties":{"CVEGEO":"0900700010322"},"geometry":{"type":"Polygon","coordinates":[[[-99.11766,19.38216],[-99.11929,19.375],[-99.12253,19.3757],[-99.12248,19.38244],[-99.11766,19.38216]]]}},{"id":"2030","type":"Feature","properties":{"CVEGEO":"0900700010375"},"geometry":{"type":"Polygon","coordinates":[[[-99.10125,19.38024],[-99.10172,19.37685],[-99.10773,19.37741],[-99.10736,19.38093],[-99.10125,19.38024]]]}},{"id":"2031","type":"Feature","properties":{"CVEGEO":"0900700010483"},"geometry":{"type":"Polygon","coordinates":[[[-99.1297,19.37703],[-99.12991,19.37131],[-99.13226,19.37141],[-99.13218,19.37203],[-99.13645,19.37287],[-99.13542,19.37731],[-99.1297,19.37703]]]}},{"id":"2032","type":"Feature","properties":{"CVEGEO":"0900700010498"},"geometry":{"type":"Polygon","coordinates":[[[-99.13002,19.36624],[-99.13774,19.36721],[-99.13645,19.37287],[-99.13218,19.37203],[-99.13226,19.37141],[-99.12991,19.37131],[-99.13002,19.36624]]]}},{"id":"2033","type":"Feature","properties":{"CVEGEO":"0900700010801"},"geometry":{"type":"Polygon","coordinates":[[[-99.13283,19.35882],[-99.1394,19.35954],[-99.13852,19.36363],[-99.13212,19.36285],[-99.13283,19.35882]]]}},{"id":"2034","type":"Feature","properties":{"CVEGEO":"0900700010892"},"geometry":{"type":"Polygon","coordinates":[[[-98.99188,19.36664],[-98.99287,19.36262],[-98.99479,19.36362],[-98.99462,19.36523],[-98.99542,19.36556],[-98.99538,19.36674],[-98.99188,19.36664]]]}},{"id":"2035","type":"Feature","properties":{"CVEGEO":"090070001134A"},"geometry":{"type":"Polygon","coordinates":[[[-98.99352,19.36029],[-98.99456,19.35814],[-98.9925,19.35633],[-98.99367,19.35322],[-98.99706,19.35385],[-98.99684,19.35518],[-98.99766,19.35497],[-98.99922,19.35585],[-98.99898,19.3586],[-98.99674,19.35935],[-98.99679,19.3606],[-98.99352,19.36029]]]}},{"id":"2036","type":"Feature","properties":{"CVEGEO":"0900700011354"},"geometry":{"type":"Polygon","coordinates":[[[-99.11193,19.34989],[-99.11337,19.3444],[-99.11739,19.34619],[-99.12015,19.35043],[-99.11193,19.34989]]]}},{"id":"2037","type":"Feature","properties":{"CVEGEO":"0900700013134"},"geometry":{"type":"Polygon","coordinates":[[[-98.98929,19.33475],[-98.98999,19.33443],[-98.98866,19.33179],[-98.98975,19.32883],[-98.98939,19.32658],[-98.99294,19.32674],[-98.99213,19.3288],[-98.99086,19.33898],[-98.98867,19.33861],[-98.98929,19.33475]]]}},{"id":"2038","type":"Feature","properties":{"CVEGEO":"0900700013420"},"geometry":{"type":"Polygon","coordinates":[[[-98.98163,19.33732],[-98.98039,19.3368],[-98.98074,19.33608],[-98.98011,19.33483],[-98.97838,19.33393],[-98.97906,19.33331],[-98.97895,19.33143],[-98.98089,19.32619],[-98.98939,19.32658],[-98.98975,19.32883],[-98.98866,19.33179],[-98.98999,19.33443],[-98.98929,19.33475],[-98.98907,19.3365],[-98.9886,19.33693],[-98.9866,19.33658],[-98.98673,19.33607],[-98.98534,19.33565],[-98.98491,19.33692],[-98.98307,19.33696],[-98.98256,19.33849],[-98.98191,19.3384],[-98.98163,19.33732]]]}},{"id":"2039","type":"Feature","properties":{"CVEGEO":"0900700013492"},"geometry":{"type":"Polygon","coordinates":[[[-99.08317,19.29965],[-99.0872,19.30417],[-99.08577,19.30588],[-99.08097,19.30239],[-99.08317,19.29965]]]}},{"id":"2040","type":"Feature","properties":{"CVEGEO":"0900700013539"},"geometry":{"type":"Polygon","coordinates":[[[-99.07358,19.29375],[-99.07723,19.29285],[-99.07921,19.29487],[-99.07719,19.29727],[-99.07573,19.29625],[-99.07292,19.29579],[-99.07358,19.29375]]]}},{"id":"2041","type":"Feature","properties":{"CVEGEO":"0900700014289"},"geometry":{"type":"Polygon","coordinates":[[[-98.97035,19.32843],[-98.97253,19.32852],[-98.96905,19.32475],[-98.97471,19.32567],[-98.97422,19.33038],[-98.97068,19.32936],[-98.97066,19.32983],[-98.97035,19.32843]]]}},{"id":"2042","type":"Feature","properties":{"CVEGEO":"0900700014325"},"geometry":{"type":"Polygon","coordinates":[[[-99.08061,19.29976],[-99.0792,19.29838],[-99.07981,19.29762],[-99.07805,19.29621],[-99.07921,19.29487],[-99.08294,19.29995],[-99.08162,19.2988],[-99.08061,19.29976]]]}},{"id":"2043","type":"Feature","properties":{"CVEGEO":"0900700014359"},"geometry":{"type":"Polygon","coordinates":[[[-99.07111,19.29112],[-99.0723,19.29242],[-99.06685,19.29359],[-99.06524,19.29232],[-99.07111,19.29112]]]}},{"id":"2044","type":"Feature","properties":{"CVEGEO":"0900700015408"},"geometry":{"type":"Polygon","coordinates":[[[-99.06856,19.28542],[-99.06897,19.28496],[-99.07449,19.28937],[-99.07238,19.28979],[-99.06856,19.28542]]]}},{"id":"2045","type":"Feature","properties":{"CVEGEO":"0900700014363"},"geometry":{"type":"Polygon","coordinates":[[[-99.06163,19.29266],[-99.06467,19.29191],[-99.06701,19.29372],[-99.0628,19.29761],[-99.06163,19.29266]]]}},{"id":"2046","type":"Feature","properties":{"CVEGEO":"0900700015107"},"geometry":{"type":"Polygon","coordinates":[[[-99.00016,19.37244],[-99.00191,19.36958],[-99.0007,19.36788],[-99.00514,19.36524],[-99.01112,19.36958],[-99.01016,19.37171],[-99.00868,19.37079],[-99.00914,19.37014],[-99.00573,19.36797],[-99.00291,19.37403],[-99.00016,19.37244]]]}},{"id":"2047","type":"Feature","properties":{"CVEGEO":"0900700015338"},"geometry":{"type":"Polygon","coordinates":[[[-99.0103,19.334],[-99.00859,19.33172],[-99.00722,19.32727],[-99.00755,19.32517],[-99.01874,19.32163],[-99.01836,19.33014],[-99.01768,19.32995],[-99.01703,19.33117],[-99.01598,19.33126],[-99.01454,19.32896],[-99.0138,19.33045],[-99.01412,19.33485],[-99.01294,19.33448],[-99.01246,19.33588],[-99.01118,19.33567],[-99.01024,19.33676],[-99.0103,19.334]]]}},{"id":"2048","type":"Feature","properties":{"CVEGEO":"0900700010337"},"geometry":{"type":"Polygon","coordinates":[[[-99.1157,19.37846],[-99.11676,19.37871],[-99.11635,19.37798],[-99.11712,19.37455],[-99.11929,19.375],[-99.11766,19.38216],[-99.11474,19.38188],[-99.1157,19.37846]]]}},{"id":"2049","type":"Feature","properties":{"CVEGEO":"0900700010553"},"geometry":{"type":"Polygon","coordinates":[[[-99.07235,19.3724],[-99.07402,19.36857],[-99.07467,19.36893],[-99.07431,19.36797],[-99.07516,19.36612],[-99.07868,19.36686],[-99.07801,19.36839],[-99.07828,19.37102],[-99.07719,19.37027],[-99.07589,19.37334],[-99.07235,19.3724]]]}},{"id":"2050","type":"Feature","properties":{"CVEGEO":"0900700010568"},"geometry":{"type":"Polygon","coordinates":[[[-99.06833,19.37176],[-99.07121,19.36548],[-99.07516,19.36612],[-99.07431,19.36797],[-99.07467,19.36893],[-99.07402,19.36857],[-99.07235,19.3724],[-99.06919,19.37322],[-99.06958,19.37228],[-99.06833,19.37176]]]}},{"id":"2051","type":"Feature","properties":{"CVEGEO":"0900700010572"},"geometry":{"type":"Polygon","coordinates":[[[-99.06761,19.36517],[-99.06849,19.36522],[-99.06683,19.36423],[-99.06733,19.36175],[-99.0708,19.36236],[-99.07025,19.3654],[-99.07121,19.36548],[-99.06833,19.37176],[-99.06491,19.3712],[-99.06761,19.36517]]]}},{"id":"2052","type":"Feature","properties":{"CVEGEO":"0900700010587"},"geometry":{"type":"Polygon","coordinates":[[[-99.0332,19.36859],[-99.03499,19.36964],[-99.03269,19.37251],[-99.03071,19.37089],[-99.0332,19.36859]]]}},{"id":"2053","type":"Feature","properties":{"CVEGEO":"0900700010619"},"geometry":{"type":"Polygon","coordinates":[[[-99.0151,19.37262],[-99.01956,19.36841],[-99.02119,19.36898],[-99.02173,19.36755],[-99.02456,19.36999],[-99.02155,19.37745],[-99.0151,19.37262]]]}},{"id":"2054","type":"Feature","properties":{"CVEGEO":"0900700010676"},"geometry":{"type":"Polygon","coordinates":[[[-99.11933,19.36806],[-99.11981,19.36389],[-99.11733,19.36321],[-99.12239,19.36374],[-99.12252,19.36938],[-99.11855,19.36957],[-99.11933,19.36806]]]}},{"id":"2055","type":"Feature","properties":{"CVEGEO":"0900700010708"},"geometry":{"type":"Polygon","coordinates":[[[-99.1115,19.367],[-99.11107,19.36641],[-99.11181,19.36306],[-99.11242,19.3627],[-99.11467,19.36336],[-99.11319,19.36988],[-99.11027,19.37004],[-99.11086,19.36734],[-99.11,19.36719],[-99.1115,19.367]]]}},{"id":"2056","type":"Feature","properties":{"CVEGEO":"0900700013613"},"geometry":{"type":"Polygon","coordinates":[[[-99.03963,19.39011],[-99.03833,19.38939],[-99.03944,19.38765],[-99.04232,19.3893],[-99.04015,19.39265],[-99.0385,19.39189],[-99.03963,19.39011]]]}},{"id":"2057","type":"Feature","properties":{"CVEGEO":"0900700013628"},"geometry":{"type":"Polygon","coordinates":[[[-99.03713,19.39126],[-99.03833,19.38939],[-99.03963,19.39011],[-99.0381,19.39171],[-99.03713,19.39126]]]}},{"id":"2058","type":"Feature","properties":{"CVEGEO":"0900700013789"},"geometry":{"type":"Polygon","coordinates":[[[-99.10147,19.34707],[-99.10467,19.34793],[-99.10306,19.35205],[-99.10038,19.35118],[-99.09925,19.35296],[-99.10147,19.34707]]]}},{"id":"2059","type":"Feature","properties":{"CVEGEO":"0900700013844"},"geometry":{"type":"Polygon","coordinates":[[[-99.0651,19.34316],[-99.06481,19.34422],[-99.06177,19.34349],[-99.06206,19.34243],[-99.0651,19.34316]]]}},{"id":"2060","type":"Feature","properties":{"CVEGEO":"0900700015037"},"geometry":{"type":"Polygon","coordinates":[[[-98.97911,19.33965],[-98.97582,19.33886],[-98.97522,19.33803],[-98.97562,19.33762],[-98.97782,19.33834],[-98.9781,19.33768],[-98.98197,19.33858],[-98.98146,19.34075],[-98.97985,19.34025],[-98.97979,19.34144],[-98.97847,19.34115],[-98.97911,19.33965]]]}},{"id":"2061","type":"Feature","properties":{"CVEGEO":"0900700015554"},"geometry":{"type":"Polygon","coordinates":[[[-99.02235,19.34321],[-99.02143,19.34055],[-99.02236,19.33837],[-99.02163,19.33774],[-99.02287,19.33798],[-99.0242,19.3354],[-99.02498,19.33555],[-99.0245,19.33829],[-99.02312,19.33884],[-99.02235,19.34321]]]}},{"id":"2062","type":"Feature","properties":{"CVEGEO":"090070001561A"},"geometry":{"type":"Polygon","coordinates":[[[-99.08968,19.30964],[-99.09039,19.30917],[-99.08956,19.31343],[-99.08968,19.30964]]]}},{"id":"2063","type":"Feature","properties":{"CVEGEO":"0900700015925"},"geometry":{"type":"Polygon","coordinates":[[[-99.08238,19.32929],[-99.08273,19.32743],[-99.0877,19.32829],[-99.08749,19.32935],[-99.08238,19.32929]]]}},{"id":"2064","type":"Feature","properties":{"CVEGEO":"0900700010765"},"geometry":{"type":"Polygon","coordinates":[[[-99.02318,19.36876],[-99.02762,19.36526],[-99.02953,19.36642],[-99.02518,19.37053],[-99.02318,19.36876]]]}},{"id":"2065","type":"Feature","properties":{"CVEGEO":"0900700012831"},"geometry":{"type":"Polygon","coordinates":[[[-99.07463,19.33884],[-99.07495,19.33177],[-99.08129,19.33285],[-99.07997,19.34001],[-99.07463,19.33884]]]}},{"id":"2066","type":"Feature","properties":{"CVEGEO":"0900700015681"},"geometry":{"type":"Polygon","coordinates":[[[-99.029,19.3661],[-99.03094,19.36309],[-99.03424,19.36437],[-99.03216,19.36794],[-99.029,19.3661]]]}},{"id":"2067","type":"Feature","properties":{"CVEGEO":"0900700014128"},"geometry":{"type":"Polygon","coordinates":[[[-99.06444,19.33368],[-99.07281,19.33519],[-99.07242,19.33768],[-99.06444,19.33368]]]}},{"id":"2068","type":"Feature","properties":{"CVEGEO":"0900700015696"},"geometry":{"type":"Polygon","coordinates":[[[-99.03094,19.36309],[-99.029,19.3661],[-99.02444,19.36368],[-99.02699,19.36165],[-99.03094,19.36309]]]}},{"id":"2069","type":"Feature","properties":{"CVEGEO":"0900700015910"},"geometry":{"type":"Polygon","coordinates":[[[-99.06423,19.32936],[-99.06158,19.3327],[-99.05978,19.33185],[-99.06264,19.32828],[-99.06423,19.32936]]]}},{"id":"2070","type":"Feature","properties":{"CVEGEO":"0900700015249"},"geometry":{"type":"Polygon","coordinates":[[[-99.07924,19.32684],[-99.07959,19.32503],[-99.09027,19.32687],[-99.08989,19.32867],[-99.08749,19.32935],[-99.0877,19.32829],[-99.07924,19.32684]]]}},{"id":"2071","type":"Feature","properties":{"CVEGEO":"0900700015766"},"geometry":{"type":"Polygon","coordinates":[[[-99.00295,19.37405],[-99.00392,19.37193],[-99.00708,19.37269],[-99.00541,19.37549],[-99.00295,19.37405]]]}},{"id":"2072","type":"Feature","properties":{"CVEGEO":"0900700015770"},"geometry":{"type":"Polygon","coordinates":[[[-99.00596,19.37239],[-99.00392,19.37193],[-99.00543,19.3686],[-99.00713,19.36973],[-99.00596,19.37239]]]}},{"id":"2073","type":"Feature","properties":{"CVEGEO":"090070001579A"},"geometry":{"type":"Polygon","coordinates":[[[-99.05623,19.37431],[-99.05672,19.37564],[-99.05501,19.37491],[-99.05623,19.37431]]]}},{"id":"2074","type":"Feature","properties":{"CVEGEO":"0900700010958"},"geometry":{"type":"Polygon","coordinates":[[[-99.11385,19.36286],[-99.11011,19.36246],[-99.11143,19.35663],[-99.11525,19.35694],[-99.11385,19.36286]]]}},{"id":"2075","type":"Feature","properties":{"CVEGEO":"0900700011000"},"geometry":{"type":"Polygon","coordinates":[[[-99.06969,19.35483],[-99.07245,19.35533],[-99.0726,19.35686],[-99.0708,19.36236],[-99.06749,19.36177],[-99.06969,19.35483]]]}},{"id":"2076","type":"Feature","properties":{"CVEGEO":"0900700011087"},"geometry":{"type":"Polygon","coordinates":[[[-99.03569,19.35641],[-99.04046,19.35722],[-99.04024,19.36653],[-99.03424,19.36437],[-99.03569,19.35641]]]}},{"id":"2077","type":"Feature","properties":{"CVEGEO":"0900700014039"},"geometry":{"type":"Polygon","coordinates":[[[-99.05233,19.3325],[-99.05344,19.33191],[-99.05626,19.33257],[-99.05578,19.33331],[-99.05664,19.33417],[-99.05255,19.33761],[-99.05233,19.3325]]]}},{"id":"2078","type":"Feature","properties":{"CVEGEO":"0900700013651"},"geometry":{"type":"Polygon","coordinates":[[[-99.07589,19.37334],[-99.07719,19.37027],[-99.07828,19.37102],[-99.07856,19.37038],[-99.07788,19.36993],[-99.07845,19.36858],[-99.07801,19.36839],[-99.07967,19.36247],[-99.07722,19.36169],[-99.07819,19.35842],[-99.08434,19.36075],[-99.07974,19.37323],[-99.0787,19.37408],[-99.07589,19.37334]]]}},{"id":"2079","type":"Feature","properties":{"CVEGEO":"0900700013666"},"geometry":{"type":"Polygon","coordinates":[[[-99.07459,19.366],[-99.07447,19.36084],[-99.07967,19.36247],[-99.07852,19.36682],[-99.07459,19.366]]]}},{"id":"2080","type":"Feature","properties":{"CVEGEO":"0900700013702"},"geometry":{"type":"Polygon","coordinates":[[[-98.99959,19.36928],[-98.99835,19.36913],[-98.99856,19.36474],[-98.9999,19.36548],[-99.00125,19.36748],[-98.99959,19.36928]]]}},{"id":"2081","type":"Feature","properties":{"CVEGEO":"0900700013967"},"geometry":{"type":"Polygon","coordinates":[[[-99.08661,19.35024],[-99.08833,19.34949],[-99.09217,19.34933],[-99.09328,19.34998],[-99.09272,19.35093],[-99.09329,19.35089],[-99.09394,19.35312],[-99.09183,19.35395],[-99.09092,19.3533],[-99.09121,19.35176],[-99.08791,19.35166],[-99.08788,19.35075],[-99.08685,19.35117],[-99.08661,19.35024]]]}},{"id":"2082","type":"Feature","properties":{"CVEGEO":"0900700013986"},"geometry":{"type":"Polygon","coordinates":[[[-99.07997,19.34001],[-99.0803,19.33838],[-99.0831,19.33882],[-99.08274,19.34099],[-99.07922,19.34002],[-99.07997,19.34001]]]}},{"id":"2083","type":"Feature","properties":{"CVEGEO":"0900700014043"},"geometry":{"type":"Polygon","coordinates":[[[-99.04885,19.334],[-99.05233,19.3325],[-99.05255,19.33761],[-99.05017,19.33882],[-99.05011,19.33705],[-99.04892,19.33701],[-99.04885,19.334]]]}},{"id":"2084","type":"Feature","properties":{"CVEGEO":"0900700014058"},"geometry":{"type":"Polygon","coordinates":[[[-99.06224,19.32877],[-99.05902,19.33351],[-99.05733,19.33182],[-99.06054,19.32783],[-99.06224,19.32877]]]}},{"id":"2085","type":"Feature","properties":{"CVEGEO":"0900700014448"},"geometry":{"type":"Polygon","coordinates":[[[-99.083,19.31798],[-99.08446,19.31822],[-99.08481,19.31641],[-99.08865,19.31706],[-99.0873,19.32073],[-99.08267,19.31994],[-99.083,19.31798]]]}},{"id":"2086","type":"Feature","properties":{"CVEGEO":"090070001383A"},"geometry":{"type":"Polygon","coordinates":[[[-99.06126,19.34492],[-99.06158,19.3432],[-99.06624,19.34456],[-99.06685,19.3422],[-99.06937,19.34264],[-99.06787,19.34791],[-99.06126,19.34492]]]}},{"id":"2087","type":"Feature","properties":{"CVEGEO":"0900700014077"},"geometry":{"type":"Polygon","coordinates":[[[-99.01536,19.34128],[-99.01343,19.34033],[-99.01209,19.34068],[-99.01113,19.33994],[-99.01296,19.33994],[-99.01399,19.33863],[-99.01272,19.33719],[-99.01338,19.33597],[-99.01267,19.33486],[-99.0165,19.33753],[-99.01536,19.34128]]]}},{"id":"2088","type":"Feature","properties":{"CVEGEO":"0900700014768"},"geometry":{"type":"Polygon","coordinates":[[[-99.05224,19.33154],[-99.05164,19.33133],[-99.05261,19.32866],[-99.05556,19.33004],[-99.05696,19.33145],[-99.05626,19.33257],[-99.05344,19.33191],[-99.05183,19.33272],[-99.05224,19.33154]]]}},{"id":"2089","type":"Feature","properties":{"CVEGEO":"0900700014838"},"geometry":{"type":"Polygon","coordinates":[[[-98.97646,19.33984],[-98.97582,19.33886],[-98.97911,19.33965],[-98.97847,19.34115],[-98.97973,19.34182],[-98.97728,19.34123],[-98.97646,19.33984]]]}},{"id":"2090","type":"Feature","properties":{"CVEGEO":"0900700014857"},"geometry":{"type":"Polygon","coordinates":[[[-99.02177,19.32684],[-99.02085,19.32523],[-99.01876,19.32469],[-99.01874,19.32163],[-99.02596,19.31934],[-99.02797,19.32389],[-99.02747,19.32595],[-99.02518,19.32571],[-99.02443,19.32477],[-99.02402,19.32737],[-99.02295,19.32638],[-99.02177,19.32684]]]}},{"id":"2091","type":"Feature","properties":{"CVEGEO":"0900700014861"},"geometry":{"type":"Polygon","coordinates":[[[-99.02596,19.31934],[-99.03873,19.31573],[-99.03604,19.32092],[-99.03341,19.32362],[-99.02881,19.32227],[-99.02797,19.32389],[-99.02596,19.31934]]]}},{"id":"2092","type":"Feature","properties":{"CVEGEO":"0900700014772"},"geometry":{"type":"Polygon","coordinates":[[[-99.04783,19.32662],[-99.05261,19.32866],[-99.05164,19.33133],[-99.04949,19.33053],[-99.04981,19.32944],[-99.04703,19.32944],[-99.04783,19.32662]]]}},{"id":"2093","type":"Feature","properties":{"CVEGEO":"0900700015018"},"geometry":{"type":"Polygon","coordinates":[[[-99.05983,19.33188],[-99.06338,19.33353],[-99.0619,19.33652],[-99.05935,19.33385],[-99.05983,19.33188]]]}},{"id":"2094","type":"Feature","properties":{"CVEGEO":"0900700014876"},"geometry":{"type":"Polygon","coordinates":[[[-98.99518,19.33322],[-98.99644,19.33284],[-98.99655,19.33201],[-98.99658,19.33418],[-98.99812,19.33455],[-98.99738,19.33712],[-98.99858,19.3372],[-98.99835,19.33869],[-98.99497,19.33866],[-98.99518,19.33322]]]}},{"id":"2095","type":"Feature","properties":{"CVEGEO":"0900700014895"},"geometry":{"type":"Polygon","coordinates":[[[-99.06673,19.38372],[-99.06685,19.38346],[-99.07219,19.38435],[-99.07488,19.3834],[-99.07583,19.38406],[-99.07484,19.3879],[-99.06673,19.38372]]]}},{"id":"2096","type":"Feature","properties":{"CVEGEO":"0900700014908"},"geometry":{"type":"Polygon","coordinates":[[[-99.065,19.38331],[-99.06561,19.38005],[-99.0764,19.38188],[-99.07583,19.38406],[-99.07488,19.3834],[-99.07219,19.38435],[-99.065,19.38331]]]}},{"id":"2097","type":"Feature","properties":{"CVEGEO":"0900700014880"},"geometry":{"type":"Polygon","coordinates":[[[-98.99858,19.3372],[-98.99738,19.33712],[-98.99788,19.33491],[-99.00104,19.33477],[-99.00148,19.33957],[-98.99867,19.33876],[-98.99858,19.3372]]]}},{"id":"2098","type":"Feature","properties":{"CVEGEO":"0900700014946"},"geometry":{"type":"Polygon","coordinates":[[[-99.01116,19.34674],[-99.01225,19.34755],[-99.01284,19.34459],[-99.01475,19.34525],[-99.01625,19.34707],[-99.01593,19.34796],[-99.01424,19.34757],[-99.014,19.34857],[-99.01338,19.34859],[-99.01413,19.35058],[-99.01161,19.35027],[-99.01116,19.34674]]]}},{"id":"2099","type":"Feature","properties":{"CVEGEO":"0900700014965"},"geometry":{"type":"Polygon","coordinates":[[[-99.08989,19.32867],[-99.09027,19.32687],[-99.09183,19.32571],[-99.09128,19.3252],[-99.092,19.32154],[-99.09733,19.32243],[-99.09656,19.32424],[-99.09739,19.32453],[-99.0959,19.32997],[-99.08989,19.32867]]]}},{"id":"2100","type":"Feature","properties":{"CVEGEO":"090070001497A"},"geometry":{"type":"Polygon","coordinates":[[[-99.07486,19.35106],[-99.07736,19.34685],[-99.07794,19.34714],[-99.07776,19.34786],[-99.08044,19.34815],[-99.07979,19.35104],[-99.07846,19.35265],[-99.07486,19.35106]]]}},{"id":"2101","type":"Feature","properties":{"CVEGEO":"0900700014984"},"geometry":{"type":"Polygon","coordinates":[[[-99.07776,19.34786],[-99.07808,19.34491],[-99.08013,19.34528],[-99.07998,19.34623],[-99.08246,19.3466],[-99.08246,19.34839],[-99.07776,19.34786]]]}},{"id":"2102","type":"Feature","properties":{"CVEGEO":"0900700011104"},"geometry":{"type":"Polygon","coordinates":[[[-99.02072,19.35917],[-99.02477,19.35398],[-99.02493,19.35309],[-99.02357,19.35073],[-99.02674,19.35085],[-99.02603,19.35484],[-99.0291,19.35534],[-99.02787,19.36192],[-99.02547,19.36163],[-99.02072,19.35917]]]}},{"id":"2103","type":"Feature","properties":{"CVEGEO":"0900700011123"},"geometry":{"type":"Polygon","coordinates":[[[-99.00832,19.35521],[-99.01347,19.3531],[-99.01526,19.35436],[-99.01539,19.36004],[-99.01587,19.36017],[-99.01531,19.36062],[-99.0124,19.3615],[-99.00768,19.35836],[-99.00832,19.35521]]]}},{"id":"2104","type":"Feature","properties":{"CVEGEO":"0900700014503"},"geometry":{"type":"Polygon","coordinates":[[[-99.01016,19.37171],[-99.00939,19.37328],[-99.00596,19.37239],[-99.00713,19.36973],[-99.01016,19.37171]]]}},{"id":"2105","type":"Feature","properties":{"CVEGEO":"0900700015304"},"geometry":{"type":"Polygon","coordinates":[[[-99.00312,19.3434],[-99.00185,19.3431],[-99.00203,19.34126],[-99.00505,19.34139],[-99.00508,19.34211],[-99.00596,19.34212],[-99.00579,19.34596],[-99.00241,19.3457],[-99.00312,19.3434]]]}},{"id":"2106","type":"Feature","properties":{"CVEGEO":"0900700015319"},"geometry":{"type":"Polygon","coordinates":[[[-98.99219,19.34276],[-98.99218,19.33923],[-98.99317,19.33737],[-98.99284,19.33573],[-98.99503,19.33622],[-98.99519,19.33715],[-98.9945,19.3426],[-98.99397,19.34317],[-98.99219,19.34276]]]}},{"id":"2107","type":"Feature","properties":{"CVEGEO":"0900700015465"},"geometry":{"type":"Polygon","coordinates":[[[-99.06142,19.32674],[-99.05988,19.32563],[-99.0616,19.32348],[-99.06315,19.32459],[-99.06142,19.32674]]]}},{"id":"2108","type":"Feature","properties":{"CVEGEO":"0900700015569"},"geometry":{"type":"Polygon","coordinates":[[[-99.02155,19.33819],[-99.02236,19.33837],[-99.02188,19.34053],[-99.02004,19.34033],[-99.01972,19.34118],[-99.01969,19.34031],[-99.01807,19.33899],[-99.01822,19.33807],[-99.01928,19.33831],[-99.01839,19.33545],[-99.02133,19.33606],[-99.02155,19.33819]]]}},{"id":"2109","type":"Feature","properties":{"CVEGEO":"0900700015573"},"geometry":{"type":"Polygon","coordinates":[[[-99.02533,19.33132],[-99.02636,19.33063],[-99.02865,19.33213],[-99.02919,19.33351],[-99.02788,19.33333],[-99.02711,19.33574],[-99.02496,19.33585],[-99.02533,19.33132]]]}},{"id":"2110","type":"Feature","properties":{"CVEGEO":"0900700015588"},"geometry":{"type":"Polygon","coordinates":[[[-99.02291,19.33443],[-99.0236,19.33181],[-99.02276,19.33072],[-99.02276,19.32872],[-99.02416,19.32919],[-99.02595,19.33121],[-99.02533,19.33132],[-99.02498,19.33555],[-99.02291,19.33443]]]}},{"id":"2111","type":"Feature","properties":{"CVEGEO":"0900700015639"},"geometry":{"type":"Polygon","coordinates":[[[-99.05013,19.37957],[-99.04912,19.37887],[-99.05051,19.37833],[-99.05159,19.37877],[-99.05119,19.37911],[-99.05232,19.37999],[-99.05117,19.38027],[-99.05013,19.37957]]]}},{"id":"2112","type":"Feature","properties":{"CVEGEO":"0900700015643"},"geometry":{"type":"Polygon","coordinates":[[[-99.0484,19.37744],[-99.05051,19.37833],[-99.04912,19.37887],[-99.04791,19.37801],[-99.0484,19.37744]]]}},{"id":"2113","type":"Feature","properties":{"CVEGEO":"0900700015662"},"geometry":{"type":"Polygon","coordinates":[[[-99.04534,19.37224],[-99.04032,19.3698],[-99.04024,19.36653],[-99.04624,19.36883],[-99.04661,19.36955],[-99.04689,19.36907],[-99.04849,19.36915],[-99.04836,19.3728],[-99.04582,19.37181],[-99.04534,19.37224]]]}},{"id":"2114","type":"Feature","properties":{"CVEGEO":"0900700015677"},"geometry":{"type":"Polygon","coordinates":[[[-99.03607,19.36753],[-99.03321,19.36611],[-99.03424,19.36437],[-99.04024,19.36653],[-99.04032,19.36964],[-99.0382,19.3686],[-99.03753,19.36977],[-99.03546,19.36865],[-99.03607,19.36753]]]}},{"id":"2115","type":"Feature","properties":{"CVEGEO":"0900700015751"},"geometry":{"type":"Polygon","coordinates":[[[-99.00939,19.37328],[-99.00864,19.37511],[-99.00641,19.37419],[-99.00708,19.37269],[-99.00939,19.37328]]]}},{"id":"2116","type":"Feature","properties":{"CVEGEO":"0900700015817"},"geometry":{"type":"Polygon","coordinates":[[[-99.05565,19.3726],[-99.05519,19.37365],[-99.05445,19.37336],[-99.05488,19.37234],[-99.05565,19.3726]]]}},{"id":"2117","type":"Feature","properties":{"CVEGEO":"090070001586A"},"geometry":{"type":"Polygon","coordinates":[[[-99.09253,19.31185],[-99.09161,19.31167],[-99.09172,19.31069],[-99.09039,19.31043],[-99.09084,19.30881],[-99.09436,19.31304],[-99.09429,19.31428],[-99.09144,19.31377],[-99.09253,19.31185]]]}},{"id":"2118","type":"Feature","properties":{"CVEGEO":"0900700015821"},"geometry":{"type":"Polygon","coordinates":[[[-99.05296,19.37279],[-99.0537,19.37307],[-99.05326,19.37417],[-99.05256,19.37375],[-99.05296,19.37279]]]}},{"id":"2119","type":"Feature","properties":{"CVEGEO":"0900700015836"},"geometry":{"type":"Polygon","coordinates":[[[-99.05412,19.37202],[-99.0537,19.37307],[-99.05296,19.37279],[-99.05337,19.37183],[-99.05412,19.37202]]]}},{"id":"2120","type":"Feature","properties":{"CVEGEO":"0900700015840"},"geometry":{"type":"Polygon","coordinates":[[[-99.0534,19.37175],[-99.05261,19.37396],[-99.05239,19.37392],[-99.05177,19.37238],[-99.0534,19.37175]]]}},{"id":"2121","type":"Feature","properties":{"CVEGEO":"0900700014715"},"geometry":{"type":"Polygon","coordinates":[[[-99.0406,19.3528],[-99.04127,19.35156],[-99.04914,19.35295],[-99.04902,19.36212],[-99.04777,19.36528],[-99.04746,19.3686],[-99.04661,19.36955],[-99.04624,19.36883],[-99.04024,19.36653],[-99.0406,19.3528]]]}},{"id":"2122","type":"Feature","properties":{"CVEGEO":"0900700011301"},"geometry":{"type":"Polygon","coordinates":[[[-99.04754,19.34259],[-99.05203,19.34223],[-99.05216,19.34686],[-99.05127,19.35085],[-99.04739,19.35051],[-99.04754,19.34259]]]}},{"id":"2123","type":"Feature","properties":{"CVEGEO":"0900700011091"},"geometry":{"type":"Polygon","coordinates":[[[-99.0291,19.35534],[-99.03569,19.35641],[-99.03424,19.36437],[-99.02787,19.36192],[-99.0291,19.35534]]]}},{"id":"2124","type":"Feature","properties":{"CVEGEO":"0900700011246"},"geometry":{"type":"Polygon","coordinates":[[[-99.07213,19.35641],[-99.07288,19.35374],[-99.06825,19.35116],[-99.06746,19.35004],[-99.06934,19.35042],[-99.06989,19.34878],[-99.07621,19.35169],[-99.07453,19.35703],[-99.07272,19.35631],[-99.0726,19.35686],[-99.07213,19.35641]]]}},{"id":"2125","type":"Feature","properties":{"CVEGEO":"0900700011369"},"geometry":{"type":"Polygon","coordinates":[[[-99.10691,19.34935],[-99.10885,19.33962],[-99.11008,19.33985],[-99.10929,19.34486],[-99.11326,19.34489],[-99.11193,19.34989],[-99.10691,19.34935]]]}},{"id":"2126","type":"Feature","properties":{"CVEGEO":"0900700012691"},"geometry":{"type":"Polygon","coordinates":[[[-99.01475,19.34525],[-99.01322,19.34471],[-99.01346,19.34378],[-99.01553,19.34176],[-99.01536,19.34128],[-99.01617,19.34207],[-99.01918,19.34144],[-99.02018,19.34208],[-99.02099,19.34538],[-99.01956,19.3466],[-99.01834,19.34907],[-99.01676,19.34844],[-99.01722,19.34691],[-99.01613,19.34681],[-99.01475,19.34525]]]}},{"id":"2127","type":"Feature","properties":{"CVEGEO":"0900700011636"},"geometry":{"type":"Polygon","coordinates":[[[-99.05927,19.34287],[-99.05656,19.33821],[-99.0607,19.3382],[-99.06109,19.33981],[-99.05961,19.34013],[-99.05927,19.34287]]]}},{"id":"2128","type":"Feature","properties":{"CVEGEO":"090070001465A"},"geometry":{"type":"Polygon","coordinates":[[[-99.04848,19.36993],[-99.05151,19.36993],[-99.05129,19.3725],[-99.04837,19.37241],[-99.04848,19.36993]]]}},{"id":"2129","type":"Feature","properties":{"CVEGEO":"0900700011640"},"geometry":{"type":"Polygon","coordinates":[[[-99.05416,19.34125],[-99.05178,19.34145],[-99.05176,19.34049],[-99.05321,19.34045],[-99.05345,19.33848],[-99.05656,19.33821],[-99.05776,19.34104],[-99.06021,19.34389],[-99.05963,19.34415],[-99.05397,19.34195],[-99.05416,19.34125]]]}},{"id":"2130","type":"Feature","properties":{"CVEGEO":"0900700011655"},"geometry":{"type":"Polygon","coordinates":[[[-99.04984,19.33884],[-99.05345,19.33848],[-99.05321,19.34045],[-99.05176,19.34049],[-99.05178,19.34145],[-99.05416,19.34125],[-99.05393,19.34212],[-99.04754,19.34259],[-99.04776,19.33822],[-99.04984,19.33884]]]}},{"id":"2131","type":"Feature","properties":{"CVEGEO":"090070001166A"},"geometry":{"type":"Polygon","coordinates":[[[-99.04754,19.34259],[-99.04755,19.34525],[-99.04142,19.34584],[-99.04115,19.34321],[-99.04754,19.34259]]]}},{"id":"2132","type":"Feature","properties":{"CVEGEO":"0900700011674"},"geometry":{"type":"Polygon","coordinates":[[[-99.04115,19.34321],[-99.04177,19.35149],[-99.03958,19.34967],[-99.03895,19.34343],[-99.04115,19.34321]]]}},{"id":"2133","type":"Feature","properties":{"CVEGEO":"0900700011689"},"geometry":{"type":"Polygon","coordinates":[[[-99.03895,19.34343],[-99.03958,19.34967],[-99.03646,19.34842],[-99.03598,19.34373],[-99.03895,19.34343]]]}},{"id":"2134","type":"Feature","properties":{"CVEGEO":"0900700011693"},"geometry":{"type":"Polygon","coordinates":[[[-99.03341,19.34665],[-99.03278,19.34402],[-99.03598,19.34373],[-99.03646,19.34842],[-99.03341,19.34665]]]}},{"id":"2135","type":"Feature","properties":{"CVEGEO":"0900700011706"},"geometry":{"type":"Polygon","coordinates":[[[-99.02538,19.34963],[-99.02575,19.35029],[-99.02722,19.34988],[-99.02821,19.34445],[-99.03278,19.34402],[-99.03398,19.3472],[-99.03368,19.34883],[-99.03092,19.34837],[-99.02975,19.35267],[-99.02642,19.35295],[-99.02674,19.35085],[-99.02518,19.35083],[-99.02538,19.34963]]]}},{"id":"2136","type":"Feature","properties":{"CVEGEO":"0900700011710"},"geometry":{"type":"Polygon","coordinates":[[[-99.01956,19.3466],[-99.02099,19.34538],[-99.02821,19.34445],[-99.02674,19.3503],[-99.02575,19.35029],[-99.02538,19.34963],[-99.02518,19.35083],[-99.02029,19.35087],[-99.01785,19.35011],[-99.01956,19.3466]]]}},{"id":"2137","type":"Feature","properties":{"CVEGEO":"0900700011763"},"geometry":{"type":"Polygon","coordinates":[[[-99.03667,19.33535],[-99.04138,19.3367],[-99.04036,19.33707],[-99.03971,19.34335],[-99.03409,19.3438],[-99.03667,19.33535]]]}},{"id":"2138","type":"Feature","properties":{"CVEGEO":"0900700011960"},"geometry":{"type":"Polygon","coordinates":[[[-99.07551,19.32241],[-99.07553,19.31838],[-99.07656,19.31689],[-99.083,19.31798],[-99.08267,19.31994],[-99.08066,19.31958],[-99.0803,19.32139],[-99.07942,19.32124],[-99.07899,19.32302],[-99.07551,19.32241]]]}},{"id":"2139","type":"Feature","properties":{"CVEGEO":"0900700011975"},"geometry":{"type":"Polygon","coordinates":[[[-99.07573,19.31849],[-99.07529,19.32615],[-99.07044,19.32534],[-99.07573,19.31849]]]}},{"id":"2140","type":"Feature","properties":{"CVEGEO":"0900700010657"},"geometry":{"type":"Polygon","coordinates":[[[-99.12678,19.36615],[-99.12931,19.36198],[-99.13367,19.36453],[-99.13331,19.36663],[-99.12678,19.36615]]]}},{"id":"2141","type":"Feature","properties":{"CVEGEO":"090070001198A"},"geometry":{"type":"Polygon","coordinates":[[[-99.07113,19.31463],[-99.07553,19.31838],[-99.07237,19.32253],[-99.07112,19.32198],[-99.07212,19.31961],[-99.06952,19.31831],[-99.07113,19.31463]]]}},{"id":"2142","type":"Feature","properties":{"CVEGEO":"0900700014560"},"geometry":{"type":"Polygon","coordinates":[[[-99.05738,19.37516],[-99.0588,19.37472],[-99.05923,19.37636],[-99.058,19.37619],[-99.05738,19.37516]]]}},{"id":"2143","type":"Feature","properties":{"CVEGEO":"090070001287A"},"geometry":{"type":"Polygon","coordinates":[[[-99.05835,19.33281],[-99.0593,19.33819],[-99.0576,19.33818],[-99.05704,19.33517],[-99.0557,19.33495],[-99.05664,19.33417],[-99.05578,19.33331],[-99.05696,19.33145],[-99.05835,19.33281]]]}},{"id":"2144","type":"Feature","properties":{"CVEGEO":"0900700012884"},"geometry":{"type":"Polygon","coordinates":[[[-99.0576,19.33818],[-99.05128,19.33869],[-99.0557,19.33495],[-99.05704,19.33517],[-99.0576,19.33818]]]}},{"id":"2145","type":"Feature","properties":{"CVEGEO":"0900700012899"},"geometry":{"type":"Polygon","coordinates":[[[-99.03304,19.33476],[-99.03661,19.33555],[-99.03409,19.3438],[-99.03137,19.34035],[-99.03304,19.33476]]]}},{"id":"2146","type":"Feature","properties":{"CVEGEO":"0900700014452"},"geometry":{"type":"Polygon","coordinates":[[[-99.0893,19.31437],[-99.0894,19.31508],[-99.09394,19.3159],[-99.09368,19.31727],[-99.08865,19.31706],[-99.0893,19.31437]]]}},{"id":"2147","type":"Feature","properties":{"CVEGEO":"0900700012920"},"geometry":{"type":"Polygon","coordinates":[[[-98.9985,19.34104],[-98.9984,19.34182],[-98.9992,19.34197],[-98.99805,19.34556],[-98.99526,19.34507],[-98.9955,19.34372],[-98.99397,19.34317],[-98.99528,19.34067],[-98.9985,19.34104]]]}},{"id":"2148","type":"Feature","properties":{"CVEGEO":"0900700012935"},"geometry":{"type":"Polygon","coordinates":[[[-98.99149,19.34274],[-98.9955,19.34372],[-98.99526,19.34507],[-98.99654,19.34528],[-98.99613,19.34731],[-98.99044,19.34508],[-98.99149,19.34274]]]}},{"id":"2149","type":"Feature","properties":{"CVEGEO":"090070001294A"},"geometry":{"type":"Polygon","coordinates":[[[-98.98848,19.34107],[-98.99149,19.34274],[-98.9904,19.34543],[-98.98959,19.34536],[-98.98961,19.34451],[-98.98906,19.34558],[-98.98743,19.34534],[-98.98848,19.34107]]]}},{"id":"2150","type":"Feature","properties":{"CVEGEO":"0900700012954"},"geometry":{"type":"Polygon","coordinates":[[[-98.98434,19.34487],[-98.98514,19.3417],[-98.98802,19.34188],[-98.98724,19.34624],[-98.98467,19.34574],[-98.98434,19.34487]]]}},{"id":"2151","type":"Feature","properties":{"CVEGEO":"0900700012973"},"geometry":{"type":"Polygon","coordinates":[[[-98.99149,19.34274],[-98.98848,19.34107],[-98.98867,19.33861],[-98.9925,19.33928],[-98.9922,19.34239],[-98.99149,19.34274]]]}},{"id":"2152","type":"Feature","properties":{"CVEGEO":"0900700013030"},"geometry":{"type":"Polygon","coordinates":[[[-99.04703,19.32944],[-99.04945,19.32934],[-99.04949,19.33053],[-99.05224,19.33154],[-99.05183,19.33272],[-99.04651,19.33487],[-99.04703,19.32944]]]}},{"id":"2153","type":"Feature","properties":{"CVEGEO":"0900700015855"},"geometry":{"type":"Polygon","coordinates":[[[-99.05176,19.37117],[-99.05302,19.37161],[-99.05177,19.37238],[-99.05176,19.37117]]]}},{"id":"2154","type":"Feature","properties":{"CVEGEO":"0900700011138"},"geometry":{"type":"Polygon","coordinates":[[[-98.9994,19.36103],[-98.99679,19.3606],[-98.99674,19.35935],[-99.00832,19.35521],[-99.00768,19.35836],[-99.00647,19.35805],[-99.00603,19.36385],[-99.00688,19.36644],[-98.9994,19.36103]]]}},{"id":"2155","type":"Feature","properties":{"CVEGEO":"0900700011142"},"geometry":{"type":"Polygon","coordinates":[[[-98.9963,19.36376],[-98.99624,19.36056],[-98.9994,19.36103],[-98.99927,19.36389],[-98.9963,19.36376]]]}},{"id":"2156","type":"Feature","properties":{"CVEGEO":"0900700011157"},"geometry":{"type":"Polygon","coordinates":[[[-98.99287,19.36262],[-98.99352,19.36029],[-98.99632,19.36066],[-98.9963,19.36376],[-98.99479,19.36369],[-98.99287,19.36262]]]}},{"id":"2157","type":"Feature","properties":{"CVEGEO":"0900700011208"},"geometry":{"type":"Polygon","coordinates":[[[-99.10055,19.35561],[-99.10225,19.3542],[-99.10484,19.34725],[-99.10662,19.34771],[-99.10732,19.34577],[-99.10691,19.34935],[-99.10779,19.3495],[-99.10678,19.35619],[-99.10055,19.35561]]]}},{"id":"2158","type":"Feature","properties":{"CVEGEO":"0900700011250"},"geometry":{"type":"Polygon","coordinates":[[[-99.06894,19.35295],[-99.06436,19.35211],[-99.06401,19.35039],[-99.06673,19.35055],[-99.06746,19.35004],[-99.06825,19.35116],[-99.07288,19.35374],[-99.07245,19.35533],[-99.07097,19.35506],[-99.06894,19.35295]]]}},{"id":"2159","type":"Feature","properties":{"CVEGEO":"0900700011509"},"geometry":{"type":"Polygon","coordinates":[[[-99.03603,19.34824],[-99.03996,19.34981],[-99.0415,19.35127],[-99.0406,19.3528],[-99.04046,19.35722],[-99.03458,19.35623],[-99.03603,19.34824]]]}},{"id":"2160","type":"Feature","properties":{"CVEGEO":"0900700010233"},"geometry":{"type":"Polygon","coordinates":[[[-99.05399,19.38274],[-99.05197,19.38229],[-99.05237,19.38082],[-99.05538,19.38149],[-99.05469,19.38416],[-99.05339,19.38365],[-99.05399,19.38274]]]}},{"id":"2161","type":"Feature","properties":{"CVEGEO":"0900700011513"},"geometry":{"type":"Polygon","coordinates":[[[-99.03092,19.34837],[-99.03368,19.34883],[-99.03398,19.3472],[-99.03603,19.34824],[-99.03458,19.35623],[-99.02603,19.35484],[-99.02642,19.35295],[-99.02975,19.35267],[-99.03092,19.34837]]]}},{"id":"2162","type":"Feature","properties":{"CVEGEO":"090070001159A"},"geometry":{"type":"Polygon","coordinates":[[[-99.07226,19.3444],[-99.07019,19.33894],[-99.07463,19.33884],[-99.07615,19.34342],[-99.07827,19.34384],[-99.07789,19.34598],[-99.07534,19.34499],[-99.07574,19.3473],[-99.07484,19.34689],[-99.07453,19.34469],[-99.07226,19.3444]]]}},{"id":"2163","type":"Feature","properties":{"CVEGEO":"0900700011566"},"geometry":{"type":"Polygon","coordinates":[[[-99.10929,19.34486],[-99.11008,19.33985],[-99.10885,19.33962],[-99.10894,19.33486],[-99.10973,19.33504],[-99.11072,19.33314],[-99.11216,19.33422],[-99.11376,19.33692],[-99.11448,19.34079],[-99.11739,19.34619],[-99.11424,19.34477],[-99.10929,19.34486]]]}},{"id":"2164","type":"Feature","properties":{"CVEGEO":"0900700011621"},"geometry":{"type":"Polygon","coordinates":[[[-99.0607,19.3382],[-99.06536,19.33883],[-99.06174,19.34285],[-99.06126,19.34492],[-99.05963,19.34415],[-99.06021,19.34389],[-99.05927,19.34287],[-99.05961,19.34013],[-99.06109,19.33981],[-99.0607,19.3382]]]}},{"id":"2165","type":"Feature","properties":{"CVEGEO":"0900700015906"},"geometry":{"type":"Polygon","coordinates":[[[-99.06158,19.3327],[-99.06401,19.32963],[-99.06559,19.33086],[-99.06338,19.33353],[-99.06158,19.3327]]]}},{"id":"2166","type":"Feature","properties":{"CVEGEO":"0900700014429"},"geometry":{"type":"Polygon","coordinates":[[[-99.09341,19.31863],[-99.09602,19.31909],[-99.09592,19.32222],[-99.09282,19.32169],[-99.09341,19.31863]]]}},{"id":"2167","type":"Feature","properties":{"CVEGEO":"0900700015056"},"geometry":{"type":"Polygon","coordinates":[[[-99.05321,19.32773],[-99.05187,19.32634],[-99.05243,19.32566],[-99.05398,19.32677],[-99.05321,19.32773]]]}},{"id":"2168","type":"Feature","properties":{"CVEGEO":"0900700014556"},"geometry":{"type":"Polygon","coordinates":[[[-99.05015,19.37518],[-99.04939,19.37325],[-99.05056,19.37357],[-99.05132,19.37554],[-99.05015,19.37518]]]}},{"id":"2169","type":"Feature","properties":{"CVEGEO":"0900700015802"},"geometry":{"type":"Polygon","coordinates":[[[-99.05445,19.37336],[-99.05519,19.37365],[-99.0547,19.37478],[-99.05401,19.37442],[-99.05445,19.37336]]]}},{"id":"2170","type":"Feature","properties":{"CVEGEO":"0900700011814"},"geometry":{"type":"Polygon","coordinates":[[[-99.0593,19.33819],[-99.05835,19.33281],[-99.06437,19.33868],[-99.0593,19.33819]]]}},{"id":"2171","type":"Feature","properties":{"CVEGEO":"0900700011890"},"geometry":{"type":"Polygon","coordinates":[[[-99.07551,19.32241],[-99.07995,19.32319],[-99.07887,19.32864],[-99.07517,19.32802],[-99.07551,19.32241]]]}},{"id":"2172","type":"Feature","properties":{"CVEGEO":"0900700011918"},"geometry":{"type":"Polygon","coordinates":[[[-99.06267,19.32826],[-99.0651,19.32525],[-99.06889,19.32687],[-99.06559,19.33086],[-99.06267,19.32826]]]}},{"id":"2173","type":"Feature","properties":{"CVEGEO":"0900700011848"},"geometry":{"type":"Polygon","coordinates":[[[-99.10365,19.33182],[-99.10759,19.32829],[-99.11,19.33234],[-99.10365,19.33182]]]}},{"id":"2174","type":"Feature","properties":{"CVEGEO":"0900700012140"},"geometry":{"type":"Polygon","coordinates":[[[-99.07711,19.30299],[-99.0767,19.30341],[-99.07897,19.30486],[-99.07713,19.3072],[-99.07148,19.30619],[-99.07372,19.30093],[-99.07711,19.30299]]]}},{"id":"2175","type":"Feature","properties":{"CVEGEO":"0900700012155"},"geometry":{"type":"Polygon","coordinates":[[[-99.07232,19.30421],[-99.07022,19.3041],[-99.06993,19.30501],[-99.0688,19.30488],[-99.07042,19.29902],[-99.07438,19.29937],[-99.07232,19.30421]]]}},{"id":"2176","type":"Feature","properties":{"CVEGEO":"090070001216A"},"geometry":{"type":"Polygon","coordinates":[[[-99.07042,19.29902],[-99.068,19.30777],[-99.06676,19.29928],[-99.07042,19.29902]]]}},{"id":"2177","type":"Feature","properties":{"CVEGEO":"0900700012460"},"geometry":{"type":"Polygon","coordinates":[[[-99.10145,19.36857],[-99.10263,19.36899],[-99.10364,19.3664],[-99.10576,19.36717],[-99.10458,19.37095],[-99.10238,19.37315],[-99.10169,19.37705],[-99.0971,19.37651],[-99.10145,19.36857]]]}},{"id":"2178","type":"Feature","properties":{"CVEGEO":"0900700012475"},"geometry":{"type":"Polygon","coordinates":[[[-99.08281,19.37904],[-99.0819,19.37838],[-99.08151,19.37187],[-99.08274,19.37134],[-99.08632,19.36711],[-99.0962,19.36708],[-99.10112,19.36889],[-99.09554,19.37936],[-99.08281,19.37904]]]}},{"id":"2179","type":"Feature","properties":{"CVEGEO":"0900700012494"},"geometry":{"type":"Polygon","coordinates":[[[-99.00449,19.36543],[-99.00125,19.36748],[-98.99929,19.36479],[-98.99745,19.36468],[-98.99607,19.36557],[-98.99462,19.36523],[-98.99479,19.36369],[-98.99963,19.36391],[-99.00047,19.36465],[-99.00449,19.36543]]]}},{"id":"2180","type":"Feature","properties":{"CVEGEO":"0900700012507"},"geometry":{"type":"Polygon","coordinates":[[[-99.00047,19.36465],[-98.99927,19.36389],[-98.9994,19.36103],[-99.00514,19.36524],[-99.00328,19.36534],[-99.00295,19.36475],[-99.00047,19.36465]]]}},{"id":"2181","type":"Feature","properties":{"CVEGEO":"0900700012530"},"geometry":{"type":"Polygon","coordinates":[[[-99.01526,19.35436],[-99.01347,19.3531],[-99.01508,19.35243],[-99.0231,19.35663],[-99.02044,19.35947],[-99.01709,19.35925],[-99.01587,19.36017],[-99.01526,19.35436]]]}},{"id":"2182","type":"Feature","properties":{"CVEGEO":"0900700012545"},"geometry":{"type":"Polygon","coordinates":[[[-99.01785,19.35011],[-99.02029,19.35087],[-99.02357,19.35073],[-99.02494,19.35334],[-99.0231,19.35663],[-99.01508,19.35243],[-99.01785,19.35011]]]}},{"id":"2183","type":"Feature","properties":{"CVEGEO":"0900700012757"},"geometry":{"type":"Polygon","coordinates":[[[-99.01617,19.34207],[-99.01562,19.34095],[-99.0165,19.33753],[-99.01969,19.34031],[-99.01972,19.34118],[-99.02004,19.34033],[-99.02101,19.34024],[-99.02214,19.34139],[-99.02179,19.34283],[-99.02261,19.34504],[-99.02099,19.34538],[-99.02021,19.34215],[-99.01933,19.34154],[-99.01617,19.34207]]]}},{"id":"2184","type":"Feature","properties":{"CVEGEO":"0900700014062"},"geometry":{"type":"Polygon","coordinates":[[[-99.06358,19.32461],[-99.0651,19.32525],[-99.06224,19.32877],[-99.06069,19.32764],[-99.06357,19.324],[-99.06358,19.32461]]]}},{"id":"2185","type":"Feature","properties":{"CVEGEO":"0900700011994"},"geometry":{"type":"Polygon","coordinates":[[[-99.06354,19.32448],[-99.06539,19.31902],[-99.06588,19.31919],[-99.06669,19.31736],[-99.07212,19.31961],[-99.07112,19.32198],[-99.07237,19.32253],[-99.06889,19.32687],[-99.06354,19.32448]]]}},{"id":"2186","type":"Feature","properties":{"CVEGEO":"0900700012047"},"geometry":{"type":"Polygon","coordinates":[[[-99.06512,19.31709],[-99.06332,19.31592],[-99.06066,19.31514],[-99.06382,19.31587],[-99.06457,19.31519],[-99.06563,19.31546],[-99.06638,19.31123],[-99.06838,19.31147],[-99.07113,19.31463],[-99.06952,19.31831],[-99.06669,19.31736],[-99.06588,19.31919],[-99.06456,19.31877],[-99.06512,19.31709]]]}},{"id":"2187","type":"Feature","properties":{"CVEGEO":"0900700012070"},"geometry":{"type":"Polygon","coordinates":[[[-99.08353,19.30608],[-99.08165,19.30838],[-99.07818,19.30586],[-99.07989,19.3037],[-99.08353,19.30608]]]}},{"id":"2188","type":"Feature","properties":{"CVEGEO":"0900700012085"},"geometry":{"type":"Polygon","coordinates":[[[-99.07818,19.30586],[-99.08294,19.30933],[-99.08105,19.31167],[-99.07652,19.30837],[-99.07818,19.30586]]]}},{"id":"2189","type":"Feature","properties":{"CVEGEO":"090070001209A"},"geometry":{"type":"Polygon","coordinates":[[[-99.07148,19.30619],[-99.07713,19.3072],[-99.07317,19.31212],[-99.07108,19.31189],[-99.07148,19.30619]]]}},{"id":"2190","type":"Feature","properties":{"CVEGEO":"0900700012102"},"geometry":{"type":"Polygon","coordinates":[[[-99.06838,19.31147],[-99.06638,19.31123],[-99.06674,19.30673],[-99.06942,19.30919],[-99.07142,19.3101],[-99.07108,19.31189],[-99.06981,19.31175],[-99.07002,19.31368],[-99.06838,19.31147]]]}},{"id":"2191","type":"Feature","properties":{"CVEGEO":"0900700015484"},"geometry":{"type":"Polygon","coordinates":[[[-99.05261,19.37396],[-99.058,19.37619],[-99.05735,19.37857],[-99.05388,19.37782],[-99.05261,19.37396]]]}},{"id":"2192","type":"Feature","properties":{"CVEGEO":"0900700010074"},"geometry":{"type":"Polygon","coordinates":[[[-99.04727,19.38763],[-99.04955,19.38885],[-99.04757,19.3923],[-99.04523,19.39096],[-99.04727,19.38763]]]}},{"id":"2193","type":"Feature","properties":{"CVEGEO":"090070001376A"},"geometry":{"type":"Polygon","coordinates":[[[-99.08661,19.35653],[-99.09343,19.35603],[-99.09354,19.35777],[-99.08965,19.35861],[-99.08661,19.35653]]]}},{"id":"2194","type":"Feature","properties":{"CVEGEO":"0900700014537"},"geometry":{"type":"Polygon","coordinates":[[[-99.05103,19.37472],[-99.05294,19.37477],[-99.05346,19.37615],[-99.05132,19.37552],[-99.05103,19.37472]]]}},{"id":"2195","type":"Feature","properties":{"CVEGEO":"0900700010360"},"geometry":{"type":"Polygon","coordinates":[[[-99.10697,19.37639],[-99.10748,19.37342],[-99.11409,19.37398],[-99.11343,19.37705],[-99.10877,19.3767],[-99.1091,19.37762],[-99.10773,19.37741],[-99.10697,19.37639]]]}},{"id":"2196","type":"Feature","properties":{"CVEGEO":"0900700014541"},"geometry":{"type":"Polygon","coordinates":[[[-99.05103,19.37472],[-99.05056,19.37357],[-99.05261,19.37396],[-99.05294,19.37477],[-99.05103,19.37472]]]}},{"id":"2197","type":"Feature","properties":{"CVEGEO":"0900700012117"},"geometry":{"type":"Polygon","coordinates":[[[-99.0688,19.30488],[-99.06993,19.30501],[-99.07022,19.3041],[-99.07232,19.30421],[-99.07085,19.30764],[-99.07082,19.3095],[-99.06942,19.30919],[-99.068,19.30777],[-99.0688,19.30488]]]}},{"id":"2198","type":"Feature","properties":{"CVEGEO":"0900700013717"},"geometry":{"type":"Polygon","coordinates":[[[-98.99735,19.3667],[-98.99539,19.36662],[-98.99542,19.36556],[-98.99856,19.36474],[-98.99835,19.36913],[-98.99725,19.3691],[-98.99735,19.3667]]]}},{"id":"2199","type":"Feature","properties":{"CVEGEO":"0900700010943"},"geometry":{"type":"Polygon","coordinates":[[[-99.11385,19.36286],[-99.11525,19.35694],[-99.11816,19.35745],[-99.11733,19.36321],[-99.11385,19.36286]]]}},{"id":"2200","type":"Feature","properties":{"CVEGEO":"0900700010591"},"geometry":{"type":"Polygon","coordinates":[[[-99.0332,19.36859],[-99.03071,19.37089],[-99.02735,19.36849],[-99.02953,19.36642],[-99.0332,19.36859]]]}},{"id":"2201","type":"Feature","properties":{"CVEGEO":"0900700011335"},"geometry":{"type":"Polygon","coordinates":[[[-99.00255,19.35534],[-99.00253,19.35753],[-98.99898,19.3586],[-98.99919,19.3564],[-99.00255,19.35534]]]}},{"id":"2202","type":"Feature","properties":{"CVEGEO":"0900700011496"},"geometry":{"type":"Polygon","coordinates":[[[-99.04289,19.34805],[-99.04168,19.34817],[-99.04142,19.34584],[-99.04755,19.34525],[-99.04744,19.34873],[-99.043,19.34914],[-99.04289,19.34805]]]}},{"id":"2203","type":"Feature","properties":{"CVEGEO":"0900700013026"},"geometry":{"type":"Polygon","coordinates":[[[-99.05596,19.33043],[-99.05859,19.32722],[-99.06013,19.32835],[-99.05733,19.33182],[-99.05596,19.33043]]]}},{"id":"2204","type":"Feature","properties":{"CVEGEO":"0900700014594"},"geometry":{"type":"Polygon","coordinates":[[[-99.05565,19.3726],[-99.05807,19.37376],[-99.05501,19.37491],[-99.05565,19.3726]]]}},{"id":"2205","type":"Feature","properties":{"CVEGEO":"0900700014645"},"geometry":{"type":"Polygon","coordinates":[[[-99.04616,19.37245],[-99.04582,19.37181],[-99.04836,19.3728],[-99.05129,19.3725],[-99.05144,19.37149],[-99.05239,19.37392],[-99.04616,19.37245]]]}},{"id":"2206","type":"Feature","properties":{"CVEGEO":"0900700014683"},"geometry":{"type":"Polygon","coordinates":[[[-99.03321,19.36611],[-99.03607,19.36753],[-99.03492,19.36959],[-99.03216,19.36794],[-99.03321,19.36611]]]}},{"id":"2207","type":"Feature","properties":{"CVEGEO":"0900700010962"},"geometry":{"type":"Polygon","coordinates":[[[-99.10023,19.3603],[-99.10231,19.35589],[-99.10678,19.35619],[-99.10444,19.36417],[-99.10279,19.36371],[-99.10383,19.36095],[-99.10023,19.3603]]]}},{"id":"2208","type":"Feature","properties":{"CVEGEO":"0900700010784"},"geometry":{"type":"Polygon","coordinates":[[[-99.01154,19.36277],[-99.016,19.36369],[-99.01529,19.36552],[-99.01583,19.36568],[-99.01737,19.3639],[-99.01776,19.3642],[-99.01705,19.36516],[-99.02147,19.36662],[-99.0151,19.37262],[-99.00992,19.36869],[-99.01154,19.36277]]]}},{"id":"2209","type":"Feature","properties":{"CVEGEO":"0900700010816"},"geometry":{"type":"Polygon","coordinates":[[[-99.12629,19.36116],[-99.12745,19.36107],[-99.12923,19.3621],[-99.12703,19.36574],[-99.12525,19.36447],[-99.12629,19.36116]]]}},{"id":"2210","type":"Feature","properties":{"CVEGEO":"0900700010820"},"geometry":{"type":"Polygon","coordinates":[[[-99.12231,19.36181],[-99.12585,19.36217],[-99.12478,19.36475],[-99.12245,19.36552],[-99.12231,19.36181]]]}},{"id":"2211","type":"Feature","properties":{"CVEGEO":"0900700010835"},"geometry":{"type":"Polygon","coordinates":[[[-99.02072,19.35917],[-99.02613,19.36198],[-99.02147,19.36662],[-99.01705,19.36516],[-99.01776,19.3642],[-99.01737,19.3639],[-99.01583,19.36568],[-99.01529,19.36552],[-99.016,19.36369],[-99.02072,19.35917]]]}},{"id":"2212","type":"Feature","properties":{"CVEGEO":"090070001084A"},"geometry":{"type":"Polygon","coordinates":[[[-99.00647,19.35805],[-99.0124,19.3615],[-99.01531,19.36062],[-99.01709,19.35925],[-99.02044,19.35947],[-99.01651,19.36378],[-99.00651,19.36151],[-99.00647,19.35805]]]}},{"id":"2213","type":"Feature","properties":{"CVEGEO":"0900700010854"},"geometry":{"type":"Polygon","coordinates":[[[-99.01158,19.36252],[-99.00992,19.36869],[-99.00657,19.36614],[-99.0069,19.36515],[-99.00603,19.36385],[-99.00649,19.36188],[-99.01158,19.36252]]]}},{"id":"2214","type":"Feature","properties":{"CVEGEO":"0900700011284"},"geometry":{"type":"Polygon","coordinates":[[[-99.05271,19.35157],[-99.05308,19.35007],[-99.05703,19.35067],[-99.05666,19.35243],[-99.05271,19.35157]]]}},{"id":"2215","type":"Feature","properties":{"CVEGEO":"090070001141A"},"geometry":{"type":"Polygon","coordinates":[[[-99.07289,19.34458],[-99.07453,19.34469],[-99.07484,19.34689],[-99.07574,19.3473],[-99.07534,19.34499],[-99.07822,19.34603],[-99.07486,19.35106],[-99.07323,19.35034],[-99.07355,19.34895],[-99.07182,19.34859],[-99.07289,19.34458]]]}},{"id":"2216","type":"Feature","properties":{"CVEGEO":"0900700011424"},"geometry":{"type":"Polygon","coordinates":[[[-99.06937,19.34264],[-99.07197,19.34356],[-99.07289,19.34458],[-99.07182,19.34859],[-99.07355,19.34895],[-99.07323,19.35034],[-99.06787,19.34791],[-99.06937,19.34264]]]}},{"id":"2217","type":"Feature","properties":{"CVEGEO":"0900700011439"},"geometry":{"type":"Polygon","coordinates":[[[-99.06401,19.35039],[-99.06409,19.34627],[-99.06989,19.34878],[-99.06934,19.35042],[-99.06401,19.35039]]]}},{"id":"2218","type":"Feature","properties":{"CVEGEO":"0900700012687"},"geometry":{"type":"Polygon","coordinates":[[[-99.08246,19.3466],[-99.07998,19.34623],[-99.08013,19.34528],[-99.07808,19.34491],[-99.07827,19.34384],[-99.08015,19.34422],[-99.08035,19.34314],[-99.08124,19.34319],[-99.0809,19.34407],[-99.08175,19.34534],[-99.08371,19.34498],[-99.08458,19.34629],[-99.08541,19.34601],[-99.08554,19.34665],[-99.08632,19.34666],[-99.08572,19.34712],[-99.08666,19.34829],[-99.08458,19.34951],[-99.08246,19.3466]]]}},{"id":"2219","type":"Feature","properties":{"CVEGEO":"0900700012704"},"geometry":{"type":"Polygon","coordinates":[[[-98.99537,19.34783],[-98.99549,19.34718],[-98.99613,19.34731],[-98.99654,19.34528],[-99.00067,19.34591],[-99.00264,19.34747],[-99.00383,19.34946],[-98.99537,19.34783]]]}},{"id":"2220","type":"Feature","properties":{"CVEGEO":"0900700012719"},"geometry":{"type":"Polygon","coordinates":[[[-98.99267,19.34731],[-98.98902,19.34658],[-98.98961,19.34451],[-98.98959,19.34536],[-98.99347,19.34585],[-98.99554,19.34684],[-98.99503,19.35005],[-98.99204,19.35008],[-98.99267,19.34731]]]}},{"id":"2221","type":"Feature","properties":{"CVEGEO":"0900700012776"},"geometry":{"type":"Polygon","coordinates":[[[-99.0232,19.33866],[-99.0245,19.33829],[-99.02496,19.33585],[-99.02653,19.33571],[-99.0263,19.3377],[-99.027,19.33819],[-99.02534,19.34477],[-99.02261,19.34504],[-99.02235,19.34321],[-99.0232,19.33866]]]}},{"id":"2222","type":"Feature","properties":{"CVEGEO":"0900700012780"},"geometry":{"type":"Polygon","coordinates":[[[-99.01269,19.34576],[-99.00975,19.34509],[-99.00764,19.34199],[-99.00904,19.34221],[-99.00937,19.34079],[-99.01244,19.3414],[-99.01385,19.34058],[-99.01526,19.34098],[-99.01553,19.34176],[-99.01341,19.34392],[-99.01269,19.34576]]]}},{"id":"2223","type":"Feature","properties":{"CVEGEO":"0900700011443"},"geometry":{"type":"Polygon","coordinates":[[[-99.05954,19.35133],[-99.06106,19.34574],[-99.0608,19.34844],[-99.06405,19.34908],[-99.06401,19.35181],[-99.05954,19.35133]]]}},{"id":"2224","type":"Feature","properties":{"CVEGEO":"0900700012808"},"geometry":{"type":"Polygon","coordinates":[[[-99.06501,19.33895],[-99.06896,19.3422],[-99.06884,19.34271],[-99.06685,19.3422],[-99.06624,19.34456],[-99.06481,19.34422],[-99.0651,19.34316],[-99.06218,19.34229],[-99.06501,19.33895]]]}},{"id":"2225","type":"Feature","properties":{"CVEGEO":"0900700012812"},"geometry":{"type":"Polygon","coordinates":[[[-99.07019,19.33894],[-99.07197,19.34356],[-99.06964,19.34296],[-99.06543,19.33916],[-99.07019,19.33894]]]}},{"id":"2226","type":"Feature","properties":{"CVEGEO":"0900700012846"},"geometry":{"type":"Polygon","coordinates":[[[-99.0743,19.33856],[-99.07463,19.33884],[-99.06717,19.33894],[-99.06582,19.33458],[-99.0743,19.33856]]]}},{"id":"2227","type":"Feature","properties":{"CVEGEO":"0900700012850"},"geometry":{"type":"Polygon","coordinates":[[[-99.0619,19.33652],[-99.06338,19.33353],[-99.06582,19.33458],[-99.06717,19.33894],[-99.06536,19.33883],[-99.0619,19.33652]]]}},{"id":"2228","type":"Feature","properties":{"CVEGEO":"0900700014679"},"geometry":{"type":"Polygon","coordinates":[[[-99.03492,19.36959],[-99.03546,19.36865],[-99.03647,19.36919],[-99.03589,19.37019],[-99.03492,19.36959]]]}},{"id":"2229","type":"Feature","properties":{"CVEGEO":"0900700013153"},"geometry":{"type":"Polygon","coordinates":[[[-98.97955,19.34201],[-98.97985,19.34025],[-98.98146,19.34075],[-98.98191,19.3384],[-98.98594,19.34003],[-98.98554,19.34184],[-98.98301,19.34102],[-98.98247,19.34288],[-98.97955,19.34201]]]}},{"id":"2230","type":"Feature","properties":{"CVEGEO":"0900700013204"},"geometry":{"type":"Polygon","coordinates":[[[-99.03527,19.33194],[-99.03619,19.33139],[-99.03554,19.33049],[-99.03663,19.32864],[-99.03591,19.32836],[-99.03639,19.32599],[-99.03914,19.32563],[-99.03918,19.32746],[-99.03737,19.33334],[-99.03536,19.33289],[-99.0349,19.33332],[-99.03527,19.33194]]]}},{"id":"2231","type":"Feature","properties":{"CVEGEO":"0900700013219"},"geometry":{"type":"Polygon","coordinates":[[[-99.0344,19.33086],[-99.03186,19.32945],[-99.0318,19.32867],[-99.03287,19.32601],[-99.03639,19.32599],[-99.03591,19.32836],[-99.03663,19.32864],[-99.03554,19.33049],[-99.03619,19.33139],[-99.03527,19.33194],[-99.0349,19.33332],[-99.03365,19.333],[-99.0344,19.33086]]]}},{"id":"2232","type":"Feature","properties":{"CVEGEO":"0900700013223"},"geometry":{"type":"Polygon","coordinates":[[[-99.02959,19.33443],[-99.02884,19.33242],[-99.02779,19.3317],[-99.02777,19.32934],[-99.02911,19.33033],[-99.02887,19.32952],[-99.03042,19.3293],[-99.03004,19.33135],[-99.03118,19.33088],[-99.03129,19.33179],[-99.03183,19.33007],[-99.03272,19.32985],[-99.0344,19.33086],[-99.03292,19.33516],[-99.02959,19.33443]]]}},{"id":"2233","type":"Feature","properties":{"CVEGEO":"0900700013238"},"geometry":{"type":"Polygon","coordinates":[[[-99.02291,19.33443],[-99.0242,19.3354],[-99.02287,19.33798],[-99.02163,19.33774],[-99.02133,19.33606],[-99.01839,19.33545],[-99.01805,19.33446],[-99.01925,19.33313],[-99.02119,19.33364],[-99.02124,19.33226],[-99.02262,19.3324],[-99.02235,19.33318],[-99.02309,19.33362],[-99.02291,19.33443]]]}},{"id":"2234","type":"Feature","properties":{"CVEGEO":"0900700013257"},"geometry":{"type":"Polygon","coordinates":[[[-99.01294,19.33448],[-99.01394,19.33505],[-99.01431,19.33435],[-99.0138,19.33045],[-99.01454,19.32896],[-99.01598,19.33126],[-99.01703,19.33117],[-99.01768,19.32995],[-99.01832,19.33016],[-99.01758,19.33273],[-99.0163,19.33267],[-99.01649,19.33309],[-99.0151,19.3337],[-99.01414,19.33606],[-99.01294,19.33448]]]}},{"id":"2235","type":"Feature","properties":{"CVEGEO":"0900700013276"},"geometry":{"type":"Polygon","coordinates":[[[-99.01815,19.32917],[-99.01949,19.32873],[-99.02061,19.32898],[-99.0206,19.32997],[-99.02158,19.32995],[-99.02222,19.32898],[-99.02191,19.33028],[-99.02281,19.33051],[-99.0236,19.33181],[-99.02313,19.33336],[-99.02235,19.33318],[-99.02262,19.3324],[-99.02124,19.33226],[-99.02119,19.33364],[-99.01925,19.33313],[-99.01833,19.33444],[-99.01758,19.33273],[-99.01815,19.32917]]]}},{"id":"2236","type":"Feature","properties":{"CVEGEO":"090070001351A"},"geometry":{"type":"Polygon","coordinates":[[[-99.07484,19.30124],[-99.07372,19.30093],[-99.07438,19.29937],[-99.07184,19.29916],[-99.07292,19.29579],[-99.07573,19.29625],[-99.07814,19.29746],[-99.07484,19.30124]]]}},{"id":"2237","type":"Feature","properties":{"CVEGEO":"0900700013558"},"geometry":{"type":"Polygon","coordinates":[[[-99.04377,19.38932],[-99.04298,19.38886],[-99.0435,19.38783],[-99.04185,19.3869],[-99.0426,19.38563],[-99.0441,19.3867],[-99.04442,19.38611],[-99.04739,19.38743],[-99.04523,19.39096],[-99.0434,19.3899],[-99.04377,19.38932]]]}},{"id":"2238","type":"Feature","properties":{"CVEGEO":"0900700014081"},"geometry":{"type":"Polygon","coordinates":[[[-99.01385,19.34058],[-99.01265,19.34139],[-99.00937,19.34079],[-99.00984,19.33936],[-99.0089,19.33846],[-99.01149,19.33961],[-99.01106,19.33825],[-99.0115,19.33745],[-99.01082,19.33624],[-99.01118,19.33567],[-99.0129,19.33547],[-99.01338,19.33597],[-99.01272,19.33719],[-99.014,19.3386],[-99.01296,19.33994],[-99.01113,19.33994],[-99.01385,19.34058]]]}},{"id":"2239","type":"Feature","properties":{"CVEGEO":"0900700014170"},"geometry":{"type":"Polygon","coordinates":[[[-99.05792,19.31892],[-99.05945,19.32005],[-99.06057,19.3187],[-99.06211,19.3198],[-99.06064,19.32165],[-99.05908,19.3205],[-99.0569,19.32313],[-99.05541,19.32206],[-99.05792,19.31892]]]}},{"id":"2240","type":"Feature","properties":{"CVEGEO":"0900700014185"},"geometry":{"type":"Polygon","coordinates":[[[-99.06285,19.31584],[-99.05945,19.32005],[-99.05792,19.31892],[-99.06069,19.31547],[-99.06285,19.31584]]]}},{"id":"2241","type":"Feature","properties":{"CVEGEO":"090070001419A"},"geometry":{"type":"Polygon","coordinates":[[[-99.04921,19.32741],[-99.04929,19.32714],[-99.05123,19.32569],[-99.05528,19.32988],[-99.04921,19.32741]]]}},{"id":"2242","type":"Feature","properties":{"CVEGEO":"0900700014202"},"geometry":{"type":"Polygon","coordinates":[[[-99.04774,19.32659],[-99.04525,19.32564],[-99.04809,19.32476],[-99.0493,19.32372],[-99.05123,19.32569],[-99.04929,19.32714],[-99.04774,19.32659]]]}},{"id":"2243","type":"Feature","properties":{"CVEGEO":"090070001426A"},"geometry":{"type":"Polygon","coordinates":[[[-98.97623,19.33241],[-98.97511,19.33054],[-98.97422,19.33038],[-98.97581,19.32703],[-98.97673,19.32818],[-98.97848,19.32826],[-98.97985,19.32932],[-98.97895,19.33143],[-98.97898,19.33349],[-98.97733,19.33364],[-98.97631,19.33521],[-98.97623,19.33241]]]}},{"id":"2244","type":"Feature","properties":{"CVEGEO":"090070001508A"},"geometry":{"type":"Polygon","coordinates":[[[-99.01876,19.32469],[-99.02085,19.32523],[-99.02177,19.32684],[-99.02117,19.32829],[-99.02061,19.32898],[-99.01815,19.32917],[-99.01876,19.32469]]]}},{"id":"2245","type":"Feature","properties":{"CVEGEO":"0900700015094"},"geometry":{"type":"Polygon","coordinates":[[[-99.00543,19.3686],[-99.00573,19.36797],[-99.00914,19.37014],[-99.00868,19.37079],[-99.00543,19.3686]]]}},{"id":"2246","type":"Feature","properties":{"CVEGEO":"0900700015111"},"geometry":{"type":"Polygon","coordinates":[[[-99.06352,19.35365],[-99.06605,19.35425],[-99.06423,19.36021],[-99.06176,19.36006],[-99.06352,19.35365]]]}},{"id":"2247","type":"Feature","properties":{"CVEGEO":"0900700015450"},"geometry":{"type":"Polygon","coordinates":[[[-99.05901,19.3267],[-99.05745,19.32554],[-99.06005,19.32236],[-99.0616,19.32348],[-99.05988,19.32563],[-99.06142,19.32674],[-99.06013,19.32835],[-99.05859,19.32722],[-99.05901,19.3267]]]}},{"id":"2248","type":"Feature","properties":{"CVEGEO":"0900700015431"},"geometry":{"type":"Polygon","coordinates":[[[-99.10576,19.37331],[-99.10421,19.37119],[-99.10514,19.36874],[-99.10838,19.36988],[-99.10748,19.37342],[-99.10576,19.37331]]]}},{"id":"2249","type":"Feature","properties":{"CVEGEO":"0900700015446"},"geometry":{"type":"Polygon","coordinates":[[[-99.10576,19.36717],[-99.10877,19.36821],[-99.11011,19.36246],[-99.11242,19.3627],[-99.11138,19.36495],[-99.1115,19.367],[-99.11006,19.36688],[-99.11086,19.36734],[-99.11027,19.37004],[-99.1083,19.37018],[-99.10514,19.36874],[-99.10576,19.36717]]]}},{"id":"2250","type":"Feature","properties":{"CVEGEO":"090070001547A"},"geometry":{"type":"Polygon","coordinates":[[[-99.05592,19.37969],[-99.05545,19.38151],[-99.05144,19.38057],[-99.05388,19.37782],[-99.05735,19.37857],[-99.058,19.37619],[-99.06066,19.37596],[-99.06191,19.37618],[-99.06085,19.38259],[-99.06045,19.38061],[-99.05592,19.37969]]]}},{"id":"2251","type":"Feature","properties":{"CVEGEO":"090070001038A"},"geometry":{"type":"Polygon","coordinates":[[[-99.10172,19.37685],[-99.10238,19.37315],[-99.10421,19.37119],[-99.10576,19.37331],[-99.10748,19.37342],[-99.10697,19.37639],[-99.10743,19.37646],[-99.10721,19.37735],[-99.10172,19.37685]]]}},{"id":"2252","type":"Feature","properties":{"CVEGEO":"0900700010604"},"geometry":{"type":"Polygon","coordinates":[[[-99.02518,19.37053],[-99.02735,19.36849],[-99.03071,19.37089],[-99.02814,19.37311],[-99.02518,19.37053]]]}},{"id":"2253","type":"Feature","properties":{"CVEGEO":"090070001091A"},"geometry":{"type":"Polygon","coordinates":[[[-99.12227,19.36079],[-99.1253,19.36121],[-99.12579,19.35925],[-99.13017,19.35964],[-99.12923,19.3621],[-99.1269,19.361],[-99.12585,19.36217],[-99.12231,19.36181],[-99.12227,19.36079]]]}},{"id":"2254","type":"Feature","properties":{"CVEGEO":"0900700010977"},"geometry":{"type":"Polygon","coordinates":[[[-99.10231,19.35589],[-99.09913,19.36269],[-99.09371,19.36116],[-99.09384,19.35959],[-99.09827,19.35646],[-99.10231,19.35589]]]}},{"id":"2255","type":"Feature","properties":{"CVEGEO":"090070001390A"},"geometry":{"type":"Polygon","coordinates":[[[-99.07439,19.3106],[-99.07918,19.31357],[-99.07656,19.31689],[-99.0724,19.31309],[-99.07439,19.3106]]]}},{"id":"2256","type":"Feature","properties":{"CVEGEO":"0900700013914"},"geometry":{"type":"Polygon","coordinates":[[[-99.07439,19.3106],[-99.07633,19.30823],[-99.08105,19.31167],[-99.07918,19.31357],[-99.07439,19.3106]]]}},{"id":"2257","type":"Feature","properties":{"CVEGEO":"0900700014927"},"geometry":{"type":"Polygon","coordinates":[[[-99.07899,19.3556],[-99.07924,19.35454],[-99.07535,19.3542],[-99.07621,19.35169],[-99.08657,19.35664],[-99.08571,19.35824],[-99.07899,19.3556]]]}},{"id":"2258","type":"Feature","properties":{"CVEGEO":"0900700015785"},"geometry":{"type":"Polygon","coordinates":[[[-99.05623,19.37431],[-99.057,19.37415],[-99.05771,19.37605],[-99.05623,19.37431]]]}},{"id":"2259","type":"Feature","properties":{"CVEGEO":"090070001305A"},"geometry":{"type":"Polygon","coordinates":[[[-99.03304,19.33476],[-99.03365,19.333],[-99.03737,19.33334],[-99.03716,19.33395],[-99.03848,19.33437],[-99.04036,19.33436],[-99.04036,19.33315],[-99.04281,19.33314],[-99.04283,19.33724],[-99.03304,19.33476]]]}},{"id":"2260","type":"Feature","properties":{"CVEGEO":"0900700014804"},"geometry":{"type":"Polygon","coordinates":[[[-99.08274,19.34099],[-99.0831,19.33882],[-99.08596,19.33928],[-99.08564,19.34114],[-99.0848,19.34159],[-99.08274,19.34099]]]}},{"id":"2261","type":"Feature","properties":{"CVEGEO":"0900700010905"},"geometry":{"type":"Polygon","coordinates":[[[-99.13191,19.35752],[-99.13307,19.35674],[-99.13984,19.35692],[-99.1394,19.35954],[-99.13283,19.35882],[-99.13252,19.36083],[-99.13011,19.36061],[-99.13191,19.35752]]]}},{"id":"2262","type":"Feature","properties":{"CVEGEO":"090070001262A"},"geometry":{"type":"Polygon","coordinates":[[[-98.99684,19.35518],[-98.99711,19.35352],[-98.99831,19.35365],[-98.99844,19.35231],[-98.9962,19.35183],[-98.99647,19.35025],[-98.99503,19.35005],[-98.99537,19.34783],[-98.99941,19.34861],[-98.99866,19.3536],[-98.99922,19.35585],[-98.99766,19.35497],[-98.99684,19.35518]]]}},{"id":"2263","type":"Feature","properties":{"CVEGEO":"0900700012634"},"geometry":{"type":"Polygon","coordinates":[[[-98.99272,19.35299],[-98.9945,19.35008],[-98.99647,19.35025],[-98.9962,19.35183],[-98.99844,19.35231],[-98.99797,19.35375],[-98.99272,19.35299]]]}},{"id":"2264","type":"Feature","properties":{"CVEGEO":"0900700012649"},"geometry":{"type":"Polygon","coordinates":[[[-98.98963,19.35371],[-98.9909,19.34999],[-98.99449,19.35024],[-98.9928,19.35257],[-98.99367,19.35322],[-98.9925,19.35633],[-98.98963,19.35371]]]}},{"id":"2265","type":"Feature","properties":{"CVEGEO":"0900700014611"},"geometry":{"type":"Polygon","coordinates":[[[-99.05489,19.37231],[-99.05399,19.37447],[-99.05326,19.37417],[-99.05409,19.37209],[-99.05489,19.37231]]]}},{"id":"2266","type":"Feature","properties":{"CVEGEO":"0900700013562"},"geometry":{"type":"Polygon","coordinates":[[[-99.03944,19.38765],[-99.04145,19.38481],[-99.0426,19.38563],[-99.04185,19.3869],[-99.0435,19.38783],[-99.04298,19.38886],[-99.04377,19.38932],[-99.0434,19.3899],[-99.03944,19.38765]]]}},{"id":"2267","type":"Feature","properties":{"CVEGEO":"0900700015412"},"geometry":{"type":"Polygon","coordinates":[[[-99.07102,19.28775],[-99.07238,19.28979],[-99.0703,19.29015],[-99.06932,19.28919],[-99.07102,19.28775]]]}},{"id":"2268","type":"Feature","properties":{"CVEGEO":"090070001593A"},"geometry":{"type":"Polygon","coordinates":[[[-99.07924,19.32684],[-99.08273,19.32743],[-99.08238,19.32929],[-99.07887,19.32864],[-99.07924,19.32684]]]}},{"id":"2269","type":"Feature","properties":{"CVEGEO":"0900700015376"},"geometry":{"type":"Polygon","coordinates":[[[-99.08474,19.30871],[-99.08516,19.31031],[-99.08612,19.31058],[-99.08621,19.31238],[-99.08488,19.31215],[-99.08507,19.31099],[-99.08267,19.31065],[-99.08474,19.30871]]]}},{"id":"2270","type":"Feature","properties":{"CVEGEO":"0900700014293"},"geometry":{"type":"Polygon","coordinates":[[[-98.96299,19.32752],[-98.96487,19.32722],[-98.96499,19.32667],[-98.96659,19.32695],[-98.96635,19.32567],[-98.96828,19.32572],[-98.96905,19.32475],[-98.97251,19.32865],[-98.97035,19.32843],[-98.97023,19.32983],[-98.9709,19.32992],[-98.97039,19.33167],[-98.96907,19.33134],[-98.96838,19.33203],[-98.96299,19.32752]]]}},{"id":"2271","type":"Feature","properties":{"CVEGEO":"0900700012206"},"geometry":{"type":"Polygon","coordinates":[[[-99.0628,19.29761],[-99.06579,19.29486],[-99.06667,19.29886],[-99.0634,19.2984],[-99.0628,19.29761]]]}},{"id":"2272","type":"Feature","properties":{"CVEGEO":"0900700012193"},"geometry":{"type":"Polygon","coordinates":[[[-99.06676,19.29928],[-99.06579,19.29486],[-99.06701,19.29372],[-99.06862,19.29502],[-99.06792,19.29515],[-99.06875,19.29884],[-99.06676,19.29928]]]}},{"id":"2273","type":"Feature","properties":{"CVEGEO":"0900700015874"},"geometry":{"type":"Polygon","coordinates":[[[-99.0893,19.31437],[-99.09039,19.31043],[-99.09172,19.31069],[-99.09161,19.31167],[-99.09253,19.31185],[-99.09184,19.31193],[-99.09144,19.31377],[-99.09429,19.31428],[-99.0902,19.31382],[-99.0893,19.31437]]]}},{"id":"2274","type":"Feature","properties":{"CVEGEO":"0900700012437"},"geometry":{"type":"Polygon","coordinates":[[[-99.03516,19.37581],[-99.03637,19.37199],[-99.04006,19.37304],[-99.03783,19.37655],[-99.03516,19.37581]]]}},{"id":"2275","type":"Feature","properties":{"CVEGEO":"0900700012441"},"geometry":{"type":"Polygon","coordinates":[[[-99.03152,19.3715],[-99.03269,19.37251],[-99.03499,19.36964],[-99.03676,19.37072],[-99.03516,19.37581],[-99.0345,19.37558],[-99.03325,19.37723],[-99.03165,19.37619],[-99.0314,19.37524],[-99.03053,19.37523],[-99.03152,19.3715]]]}},{"id":"2276","type":"Feature","properties":{"CVEGEO":"0900700011316"},"geometry":{"type":"Polygon","coordinates":[[[-99.04168,19.34817],[-99.04289,19.34805],[-99.043,19.34914],[-99.04591,19.34889],[-99.04586,19.35241],[-99.04177,19.35149],[-99.04168,19.34817]]]}},{"id":"2277","type":"Feature","properties":{"CVEGEO":"0900700010040"},"geometry":{"type":"Polygon","coordinates":[[[-99.04325,19.39407],[-99.04523,19.39096],[-99.04988,19.39362],[-99.04801,19.39622],[-99.04325,19.39407]]]}},{"id":"2278","type":"Feature","properties":{"CVEGEO":"090070001013A"},"geometry":{"type":"Polygon","coordinates":[[[-99.05192,19.38487],[-99.05273,19.38348],[-99.05716,19.385],[-99.05646,19.38788],[-99.05192,19.38487]]]}},{"id":"2279","type":"Feature","properties":{"CVEGEO":"0900700010197"},"geometry":{"type":"Polygon","coordinates":[[[-99.08328,19.38561],[-99.0839,19.38215],[-99.08757,19.38293],[-99.08688,19.38609],[-99.08328,19.38561]]]}},{"id":"2280","type":"Feature","properties":{"CVEGEO":"0900700010248"},"geometry":{"type":"Polygon","coordinates":[[[-99.05007,19.38291],[-99.05144,19.38057],[-99.05237,19.38082],[-99.05197,19.38229],[-99.05399,19.38274],[-99.05337,19.38371],[-99.05007,19.38291]]]}},{"id":"2281","type":"Feature","properties":{"CVEGEO":"0900700010407"},"geometry":{"type":"Polygon","coordinates":[[[-99.0787,19.37408],[-99.0764,19.38188],[-99.07268,19.38124],[-99.0743,19.37291],[-99.0787,19.37408]]]}},{"id":"2282","type":"Feature","properties":{"CVEGEO":"0900700010411"},"geometry":{"type":"Polygon","coordinates":[[[-99.06561,19.38005],[-99.06653,19.3753],[-99.07358,19.3765],[-99.07268,19.38124],[-99.06561,19.38005]]]}},{"id":"2283","type":"Feature","properties":{"CVEGEO":"0900700010426"},"geometry":{"type":"Polygon","coordinates":[[[-99.06671,19.37429],[-99.06297,19.37536],[-99.06491,19.3712],[-99.06958,19.37228],[-99.06919,19.37322],[-99.07152,19.37226],[-99.0743,19.37291],[-99.07358,19.3765],[-99.06653,19.3753],[-99.06671,19.37429]]]}},{"id":"2284","type":"Feature","properties":{"CVEGEO":"0900700015747"},"geometry":{"type":"Polygon","coordinates":[[[-99.00569,19.37566],[-99.00641,19.37419],[-99.00864,19.37511],[-99.00774,19.37688],[-99.00569,19.37566]]]}},{"id":"2285","type":"Feature","properties":{"CVEGEO":"090070001554A"},"geometry":{"type":"Polygon","coordinates":[[[-99.0702,19.32517],[-99.07529,19.32615],[-99.07517,19.32802],[-99.06889,19.32687],[-99.0702,19.32517]]]}},{"id":"2286","type":"Feature","properties":{"CVEGEO":"0900700010750"},"geometry":{"type":"Polygon","coordinates":[[[-99.08464,19.36027],[-99.08724,19.36285],[-99.09066,19.36321],[-99.09134,19.36437],[-99.09221,19.36257],[-99.09353,19.36276],[-99.09192,19.36686],[-99.08693,19.36685],[-99.08274,19.37134],[-99.08151,19.37187],[-99.08032,19.37157],[-99.08464,19.36027]]]}},{"id":"2287","type":"Feature","properties":{"CVEGEO":"090070001077A"},"geometry":{"type":"Polygon","coordinates":[[[-99.02444,19.36368],[-99.02762,19.36526],[-99.02318,19.36876],[-99.02173,19.36755],[-99.02119,19.36898],[-99.01956,19.36841],[-99.02444,19.36368]]]}},{"id":"2288","type":"Feature","properties":{"CVEGEO":"0900700013149"},"geometry":{"type":"Polygon","coordinates":[[[-98.9866,19.33658],[-98.9886,19.33693],[-98.98907,19.3365],[-98.98823,19.34195],[-98.98673,19.34147],[-98.98655,19.34215],[-98.98554,19.34184],[-98.9866,19.33658]]]}},{"id":"2289","type":"Feature","properties":{"CVEGEO":"0900700013365"},"geometry":{"type":"Polygon","coordinates":[[[-98.98491,19.33692],[-98.98534,19.33565],[-98.98673,19.33607],[-98.98594,19.34003],[-98.9827,19.339],[-98.98307,19.33696],[-98.98491,19.33692]]]}},{"id":"2290","type":"Feature","properties":{"CVEGEO":"090070001337A"},"geometry":{"type":"Polygon","coordinates":[[[-99.06005,19.32236],[-99.06211,19.3198],[-99.06057,19.3187],[-99.06332,19.31592],[-99.06512,19.31709],[-99.06456,19.31877],[-99.06539,19.31902],[-99.06454,19.32108],[-99.06499,19.32127],[-99.06315,19.32459],[-99.06005,19.32236]]]}},{"id":"2291","type":"Feature","properties":{"CVEGEO":"0900700013401"},"geometry":{"type":"Polygon","coordinates":[[[-99.04139,19.32371],[-99.04097,19.32525],[-99.03345,19.32599],[-99.03462,19.32263],[-99.04139,19.32371]]]}},{"id":"2292","type":"Feature","properties":{"CVEGEO":"0900700014433"},"geometry":{"type":"Polygon","coordinates":[[[-99.08865,19.31706],[-99.0936,19.31772],[-99.09282,19.32169],[-99.0873,19.32073],[-99.08865,19.31706]]]}},{"id":"2293","type":"Feature","properties":{"CVEGEO":"0900700013488"},"geometry":{"type":"Polygon","coordinates":[[[-99.08353,19.30608],[-99.08001,19.30355],[-99.08097,19.30239],[-99.08577,19.30588],[-99.08294,19.30933],[-99.08165,19.30838],[-99.08353,19.30608]]]}},{"id":"2294","type":"Feature","properties":{"CVEGEO":"0900700013505"},"geometry":{"type":"Polygon","coordinates":[[[-99.07484,19.30124],[-99.07677,19.29923],[-99.08103,19.30231],[-99.07897,19.30486],[-99.0767,19.30341],[-99.07711,19.30299],[-99.07484,19.30124]]]}},{"id":"2295","type":"Feature","properties":{"CVEGEO":"0900700014306"},"geometry":{"type":"Polygon","coordinates":[[[-99.07999,19.30045],[-99.08097,19.30103],[-99.08038,19.30008],[-99.08136,19.29854],[-99.08294,19.29995],[-99.08103,19.30231],[-99.07944,19.30117],[-99.07999,19.30045]]]}},{"id":"2296","type":"Feature","properties":{"CVEGEO":"0900700014310"},"geometry":{"type":"Polygon","coordinates":[[[-99.07814,19.29746],[-99.07746,19.29693],[-99.07805,19.29621],[-99.07981,19.29762],[-99.0792,19.29838],[-99.08097,19.30103],[-99.07999,19.30045],[-99.07944,19.30117],[-99.07677,19.29923],[-99.07814,19.29746]]]}},{"id":"2297","type":"Feature","properties":{"CVEGEO":"090070001433A"},"geometry":{"type":"Polygon","coordinates":[[[-99.06875,19.29884],[-99.06792,19.29515],[-99.07358,19.29375],[-99.07184,19.29916],[-99.06875,19.29884]]]}},{"id":"2298","type":"Feature","properties":{"CVEGEO":"0900700014382"},"geometry":{"type":"Polygon","coordinates":[[[-99.06837,19.28907],[-99.06851,19.28964],[-99.06903,19.28888],[-99.07111,19.29112],[-99.06698,19.29194],[-99.06631,19.28971],[-99.06837,19.28907]]]}},{"id":"2299","type":"Feature","properties":{"CVEGEO":"0900700014414"},"geometry":{"type":"Polygon","coordinates":[[[-99.07956,19.32502],[-99.07995,19.32319],[-99.07899,19.32302],[-99.07942,19.32124],[-99.0803,19.32139],[-99.08066,19.31958],[-99.092,19.32154],[-99.09128,19.3252],[-99.09178,19.32589],[-99.09014,19.32685],[-99.07956,19.32502]]]}},{"id":"2300","type":"Feature","properties":{"CVEGEO":"0900700014664"},"geometry":{"type":"Polygon","coordinates":[[[-99.03676,19.37072],[-99.03589,19.37019],[-99.03647,19.36919],[-99.03753,19.36977],[-99.0382,19.3686],[-99.04032,19.36964],[-99.04006,19.37304],[-99.03637,19.37199],[-99.03676,19.37072]]]}},{"id":"2301","type":"Feature","properties":{"CVEGEO":"0900700015041"},"geometry":{"type":"Polygon","coordinates":[[[-98.9781,19.33768],[-98.97782,19.33834],[-98.97562,19.33762],[-98.97733,19.33364],[-98.98006,19.33478],[-98.98074,19.33608],[-98.98039,19.3368],[-98.98163,19.33732],[-98.98197,19.33858],[-98.9781,19.33768]]]}},{"id":"2302","type":"Feature","properties":{"CVEGEO":"0900700015060"},"geometry":{"type":"Polygon","coordinates":[[[-99.05243,19.32566],[-99.05187,19.32634],[-99.0514,19.32584],[-99.05093,19.32455],[-99.05219,19.32298],[-99.05667,19.32651],[-99.05745,19.32554],[-99.05901,19.3267],[-99.05596,19.33043],[-99.05321,19.32773],[-99.05398,19.32677],[-99.05243,19.32566]]]}},{"id":"2303","type":"Feature","properties":{"CVEGEO":"0900700015323"},"geometry":{"type":"Polygon","coordinates":[[[-98.99213,19.3288],[-98.99294,19.32674],[-98.99797,19.32698],[-98.9954,19.33042],[-98.99661,19.33152],[-98.99644,19.33284],[-98.99518,19.33322],[-98.99503,19.33622],[-98.99284,19.33573],[-98.99317,19.33737],[-98.99218,19.33923],[-98.99086,19.33898],[-98.99213,19.3288]]]}},{"id":"2304","type":"Feature","properties":{"CVEGEO":"0900700015342"},"geometry":{"type":"Polygon","coordinates":[[[-99.00708,19.33495],[-99.00615,19.3351],[-99.00414,19.3317],[-99.00497,19.32975],[-99.00722,19.32727],[-99.00859,19.33172],[-99.0103,19.334],[-99.01024,19.33676],[-99.00863,19.3366],[-99.00708,19.33495]]]}},{"id":"2305","type":"Feature","properties":{"CVEGEO":"0900700012738"},"geometry":{"type":"Polygon","coordinates":[[[-99.00596,19.34212],[-99.00508,19.34211],[-99.00505,19.34139],[-99.00738,19.34142],[-99.00975,19.34509],[-99.01269,19.34576],[-99.01225,19.34755],[-99.01137,19.34654],[-99.00936,19.34667],[-99.00684,19.34711],[-99.00686,19.34795],[-99.00586,19.34812],[-99.00596,19.34212]]]}},{"id":"2306","type":"Feature","properties":{"CVEGEO":"0900700011759"},"geometry":{"type":"Polygon","coordinates":[[[-99.04138,19.3367],[-99.04416,19.33751],[-99.04384,19.34295],[-99.03971,19.34335],[-99.04036,19.33707],[-99.04138,19.3367]]]}},{"id":"2307","type":"Feature","properties":{"CVEGEO":"0900700015287"},"geometry":{"type":"Polygon","coordinates":[[[-99.12017,19.37302],[-99.12101,19.36943],[-99.12252,19.36938],[-99.12266,19.37334],[-99.12017,19.37302]]]}},{"id":"2308","type":"Feature","properties":{"CVEGEO":"0900700013806"},"geometry":{"type":"Polygon","coordinates":[[[-99.10044,19.34289],[-99.10105,19.34189],[-99.10574,19.34326],[-99.10703,19.33932],[-99.10885,19.33962],[-99.10762,19.34466],[-99.10044,19.34289]]]}},{"id":"2309","type":"Feature","properties":{"CVEGEO":"0900700014471"},"geometry":{"type":"Polygon","coordinates":[[[-99.0869,19.31291],[-99.0895,19.31347],[-99.08893,19.31573],[-99.08658,19.31479],[-99.0869,19.31291]]]}},{"id":"2310","type":"Feature","properties":{"CVEGEO":"0900700011477"},"geometry":{"type":"Polygon","coordinates":[[[-99.0532,19.34696],[-99.05571,19.34759],[-99.05609,19.34594],[-99.05773,19.34583],[-99.05666,19.35082],[-99.05308,19.35007],[-99.0532,19.34696]]]}},{"id":"2311","type":"Feature","properties":{"CVEGEO":"0900700011299"},"geometry":{"type":"Polygon","coordinates":[[[-99.05127,19.35085],[-99.05216,19.34686],[-99.05203,19.34223],[-99.0546,19.34217],[-99.05765,19.34325],[-99.05483,19.34295],[-99.05365,19.34491],[-99.05271,19.35157],[-99.0507,19.35095],[-99.05127,19.35085]]]}},{"id":"2312","type":"Feature","properties":{"CVEGEO":"0900700013242"},"geometry":{"type":"Polygon","coordinates":[[[-99.00145,19.34026],[-99.00162,19.33676],[-99.00447,19.33589],[-99.00738,19.34142],[-99.00203,19.34126],[-99.00145,19.34026]]]}},{"id":"2313","type":"Feature","properties":{"CVEGEO":"0900700013346"},"geometry":{"type":"Polygon","coordinates":[[[-99.00104,19.33477],[-98.99658,19.33418],[-98.99661,19.33152],[-98.9954,19.33042],[-98.99637,19.32966],[-98.99619,19.329],[-98.99797,19.32698],[-99.00135,19.32713],[-99.00755,19.32517],[-99.00772,19.32649],[-99.00414,19.3317],[-99.00615,19.3351],[-99.00708,19.33495],[-99.00862,19.33691],[-99.005,19.33674],[-99.00447,19.33589],[-99.00117,19.33651],[-99.00104,19.33477]]]}},{"id":"2314","type":"Feature","properties":{"CVEGEO":"0900700015658"},"geometry":{"type":"Polygon","coordinates":[[[-99.04021,19.37276],[-99.04032,19.3698],[-99.04534,19.37224],[-99.04568,19.37151],[-99.04616,19.37245],[-99.04939,19.37325],[-99.05015,19.37518],[-99.0497,19.3775],[-99.0484,19.37744],[-99.04791,19.37801],[-99.04021,19.37276]]]}},{"id":"2315","type":"Feature","properties":{"CVEGEO":"0900700015605"},"geometry":{"type":"Polygon","coordinates":[[[-99.03714,19.3782],[-99.04021,19.37276],[-99.04392,19.37534],[-99.03965,19.3826],[-99.03714,19.3782]]]}},{"id":"2316","type":"Feature","properties":{"CVEGEO":"0900700013596"},"geometry":{"type":"Polygon","coordinates":[[[-99.03951,19.38295],[-99.04392,19.37534],[-99.05142,19.38044],[-99.04862,19.38534],[-99.04409,19.38294],[-99.0426,19.38563],[-99.03951,19.38295]]]}},{"id":"2317","type":"Feature","properties":{"CVEGEO":"0900700015183"},"geometry":{"type":"Polygon","coordinates":[[[-99.0501,19.37517],[-99.05269,19.37665],[-99.05181,19.37837],[-99.0497,19.3775],[-99.0501,19.37517]]]}},{"id":"2318","type":"Feature","properties":{"CVEGEO":"0900700014749"},"geometry":{"type":"Polygon","coordinates":[[[-99.04882,19.31959],[-99.04812,19.31786],[-99.04983,19.31938],[-99.05045,19.31869],[-99.05369,19.3211],[-99.05093,19.32455],[-99.0514,19.32584],[-99.04623,19.32067],[-99.04882,19.31959]]]}},{"id":"2319","type":"Feature","properties":{"CVEGEO":"0900700012051"},"geometry":{"type":"Polygon","coordinates":[[[-99.04662,19.31488],[-99.04887,19.31188],[-99.05043,19.31296],[-99.05226,19.31076],[-99.05378,19.31186],[-99.05421,19.31135],[-99.05853,19.31511],[-99.06089,19.31215],[-99.06175,19.31249],[-99.06117,19.31334],[-99.06183,19.31395],[-99.05651,19.32068],[-99.05549,19.32022],[-99.05369,19.3211],[-99.05045,19.31869],[-99.04983,19.31938],[-99.04788,19.31801],[-99.04662,19.31488]]]}},{"id":"2320","type":"Feature","properties":{"CVEGEO":"0900700013327"},"geometry":{"type":"Polygon","coordinates":[[[-99.05219,19.32298],[-99.05371,19.32108],[-99.0553,19.32025],[-99.05651,19.32068],[-99.05541,19.32206],[-99.0569,19.32313],[-99.05908,19.3205],[-99.06064,19.32165],[-99.05667,19.32651],[-99.05219,19.32298]]]}},{"id":"2321","type":"Feature","properties":{"CVEGEO":"0900700015130"},"geometry":{"type":"Polygon","coordinates":[[[-99.06344,19.33355],[-99.06466,19.332],[-99.07109,19.3331],[-99.07075,19.33486],[-99.06344,19.33355]]]}},{"id":"2322","type":"Feature","properties":{"CVEGEO":"0900700014151"},"geometry":{"type":"Polygon","coordinates":[[[-99.06982,19.33287],[-99.07019,19.33092],[-99.07443,19.33168],[-99.07423,19.33354],[-99.06982,19.33287]]]}},{"id":"2323","type":"Feature","properties":{"CVEGEO":"0900700010445"},"geometry":{"type":"Polygon","coordinates":[[[-99.02853,19.38001],[-99.02721,19.37905],[-99.03021,19.37976],[-99.0318,19.3795],[-99.03317,19.3783],[-99.0345,19.37558],[-99.03783,19.37655],[-99.0307,19.38191],[-99.03057,19.38256],[-99.02792,19.38104],[-99.02853,19.38001]]]}},{"id":"2324","type":"Feature","properties":{"CVEGEO":"0900700015253"},"geometry":{"type":"Polygon","coordinates":[[[-99.02602,19.37868],[-99.02587,19.3777],[-99.02762,19.37607],[-99.0314,19.37524],[-99.03339,19.37786],[-99.0318,19.3795],[-99.03021,19.37976],[-99.02602,19.37868]]]}},{"id":"2325","type":"Feature","properties":{"CVEGEO":"0900700010464"},"geometry":{"type":"Polygon","coordinates":[[[-99.02443,19.37956],[-99.02155,19.37745],[-99.02456,19.36999],[-99.02814,19.37311],[-99.02539,19.37547],[-99.02636,19.37693],[-99.02595,19.37861],[-99.027,19.3787],[-99.02853,19.38001],[-99.02792,19.38104],[-99.02443,19.37956]]]}},{"id":"2326","type":"Feature","properties":{"CVEGEO":"0900700010252"},"geometry":{"type":"Polygon","coordinates":[[[-99.05007,19.38291],[-99.05254,19.38382],[-99.05078,19.38682],[-99.04849,19.38557],[-99.05007,19.38291]]]}},{"id":"2327","type":"Feature","properties":{"CVEGEO":"0900700010144"},"geometry":{"type":"Polygon","coordinates":[[[-99.04849,19.38557],[-99.05078,19.38682],[-99.04955,19.38885],[-99.04727,19.38763],[-99.04849,19.38557]]]}},{"id":"2328","type":"Feature","properties":{"CVEGEO":"0900700010036"},"geometry":{"type":"Polygon","coordinates":[[[-99.04757,19.3923],[-99.05192,19.38487],[-99.0555,19.38724],[-99.05498,19.38811],[-99.05543,19.38837],[-99.05294,19.39536],[-99.04757,19.3923]]]}},{"id":"2329","type":"Feature","properties":{"CVEGEO":"0900700012511"},"geometry":{"type":"Polygon","coordinates":[[[-99.12703,19.36574],[-99.12503,19.36872],[-99.12418,19.3677],[-99.12415,19.36503],[-99.12515,19.36447],[-99.12703,19.36574]]]}},{"id":"2330","type":"Feature","properties":{"CVEGEO":"0900700012526"},"geometry":{"type":"Polygon","coordinates":[[[-99.12456,19.36641],[-99.12418,19.3677],[-99.12503,19.36872],[-99.12252,19.36938],[-99.12245,19.36552],[-99.12407,19.36506],[-99.12456,19.36641]]]}},{"id":"2331","type":"Feature","properties":{"CVEGEO":"0900700014344"},"geometry":{"type":"Polygon","coordinates":[[[-99.07591,19.29099],[-99.07723,19.29285],[-99.06862,19.29502],[-99.06701,19.29372],[-99.07591,19.29099]]]}},{"id":"2332","type":"Feature","properties":{"CVEGEO":"0900700014734"},"geometry":{"type":"Polygon","coordinates":[[[-99.04914,19.35295],[-99.04586,19.35241],[-99.04591,19.34889],[-99.04744,19.34873],[-99.04739,19.35051],[-99.05337,19.35173],[-99.05373,19.35405],[-99.05329,19.35404],[-99.05321,19.35683],[-99.04918,19.35672],[-99.04914,19.35295]]]}},{"id":"2333","type":"Feature","properties":{"CVEGEO":"0900700011049"},"geometry":{"type":"Polygon","coordinates":[[[-99.05367,19.35686],[-99.05801,19.35774],[-99.0568,19.36313],[-99.05303,19.36268],[-99.05307,19.3608],[-99.05353,19.36081],[-99.05308,19.36058],[-99.05367,19.35686]]]}},{"id":"2334","type":"Feature","properties":{"CVEGEO":"090070001472A"},"geometry":{"type":"Polygon","coordinates":[[[-99.04918,19.35672],[-99.05367,19.35686],[-99.05303,19.36268],[-99.04898,19.36225],[-99.04918,19.35672]]]}},{"id":"2335","type":"Feature","properties":{"CVEGEO":"0900700015395"},"geometry":{"type":"Polygon","coordinates":[[[-99.04407,19.3153],[-99.04383,19.31379],[-99.04264,19.31338],[-99.04361,19.31221],[-99.04493,19.31286],[-99.04708,19.31567],[-99.04519,19.31601],[-99.04407,19.3153]]]}},{"id":"2336","type":"Feature","properties":{"CVEGEO":"0900700011481"},"geometry":{"type":"Polygon","coordinates":[[[-99.05317,19.3469],[-99.05365,19.34491],[-99.05483,19.34295],[-99.05757,19.3436],[-99.05696,19.34611],[-99.05609,19.34594],[-99.05571,19.34759],[-99.05317,19.3469]]]}},{"id":"2337","type":"Feature","properties":{"CVEGEO":"0900700013581"},"geometry":{"type":"Polygon","coordinates":[[[-99.0441,19.3867],[-99.0426,19.38563],[-99.04409,19.38294],[-99.04862,19.38534],[-99.04739,19.38743],[-99.0446,19.38622],[-99.0441,19.3867]]]}},{"id":"2338","type":"Feature","properties":{"CVEGEO":"0900700014113"},"geometry":{"type":"Polygon","coordinates":[[[-99.07109,19.3331],[-99.07488,19.33366],[-99.07463,19.33884],[-99.07242,19.33768],[-99.07281,19.33519],[-99.07075,19.33486],[-99.07109,19.3331]]]}},{"id":"2339","type":"Feature","properties":{"CVEGEO":"0900700014522"},"geometry":{"type":"Polygon","coordinates":[[[-99.05099,19.37591],[-99.0508,19.37539],[-99.05346,19.37615],[-99.05383,19.37706],[-99.05099,19.37591]]]}},{"id":"2340","type":"Feature","properties":{"CVEGEO":"0900700014698"},"geometry":{"type":"Polygon","coordinates":[[[-99.05604,19.36602],[-99.0568,19.36313],[-99.06685,19.3641],[-99.06831,19.36497],[-99.06761,19.36517],[-99.06297,19.37536],[-99.06205,19.37539],[-99.06191,19.37618],[-99.05923,19.37636],[-99.05604,19.36602]]]}},{"id":"2341","type":"Feature","properties":{"CVEGEO":"0900700015179"},"geometry":{"type":"Polygon","coordinates":[[[-99.04928,19.37782],[-99.04947,19.37741],[-99.05181,19.37837],[-99.05269,19.37665],[-99.05383,19.37706],[-99.05232,19.37999],[-99.04928,19.37782]]]}},{"id":"2342","type":"Feature","properties":{"CVEGEO":"0900700015198"},"geometry":{"type":"Polygon","coordinates":[[[-99.05189,19.3712],[-99.05144,19.37149],[-99.05151,19.36993],[-99.04848,19.36993],[-99.04849,19.36915],[-99.04689,19.36907],[-99.0476,19.3677],[-99.04892,19.36817],[-99.0492,19.36494],[-99.05605,19.36574],[-99.05851,19.37363],[-99.05189,19.3712]]]}},{"id":"2343","type":"Feature","properties":{"CVEGEO":"090070001515A"},"geometry":{"type":"Polygon","coordinates":[[[-99.0703,19.29015],[-99.07449,19.28937],[-99.07591,19.29099],[-99.07187,19.29199],[-99.0703,19.29015]]]}},{"id":"2344","type":"Feature","properties":{"CVEGEO":"0900700015126"},"geometry":{"type":"Polygon","coordinates":[[[-99.06207,19.35344],[-99.06349,19.35374],[-99.06176,19.36006],[-99.06044,19.36001],[-99.06207,19.35344]]]}},{"id":"2345","type":"Feature","properties":{"CVEGEO":"0900700015268"},"geometry":{"type":"Polygon","coordinates":[[[-99.02982,19.37116],[-99.03071,19.37089],[-99.03152,19.3715],[-99.03053,19.37523],[-99.02636,19.37693],[-99.02556,19.37519],[-99.02982,19.37116]]]}},{"id":"2346","type":"Feature","properties":{"CVEGEO":"0900700015200"},"geometry":{"type":"Polygon","coordinates":[[[-99.04898,19.36225],[-99.0568,19.36313],[-99.05587,19.36582],[-99.0492,19.36494],[-99.04872,19.36833],[-99.04857,19.36776],[-99.0476,19.3677],[-99.04777,19.36528],[-99.04898,19.36225]]]}},{"id":"2347","type":"Feature","properties":{"CVEGEO":"0900700010356"},"geometry":{"type":"Polygon","coordinates":[[[-99.10736,19.38093],[-99.10773,19.37741],[-99.1091,19.37762],[-99.10877,19.3767],[-99.11124,19.37707],[-99.11118,19.37657],[-99.11379,19.37713],[-99.1126,19.38164],[-99.10736,19.38093]]]}},{"id":"2348","type":"Feature","properties":{"CVEGEO":"0900700011778"},"geometry":{"type":"Polygon","coordinates":[[[-99.10565,19.33952],[-99.10583,19.3389],[-99.10057,19.33775],[-99.1033,19.33738],[-99.10281,19.33368],[-99.10511,19.33353],[-99.10894,19.33486],[-99.10885,19.33962],[-99.10565,19.33952]]]}},{"id":"2349","type":"Feature","properties":{"CVEGEO":"0900700013825"},"geometry":{"type":"Polygon","coordinates":[[[-99.09987,19.34151],[-99.10095,19.33788],[-99.10583,19.3389],[-99.10593,19.33955],[-99.10493,19.34014],[-99.10336,19.33979],[-99.10257,19.34234],[-99.09987,19.34151]]]}},{"id":"2350","type":"Feature","properties":{"CVEGEO":"0900700011265"},"geometry":{"type":"Polygon","coordinates":[[[-99.05973,19.35322],[-99.05938,19.3547],[-99.05875,19.35457],[-99.05982,19.35118],[-99.06894,19.35295],[-99.07097,19.35506],[-99.05973,19.35322]]]}},{"id":"2351","type":"Feature","properties":{"CVEGEO":"0900700011053"},"geometry":{"type":"Polygon","coordinates":[[[-99.05321,19.35683],[-99.05329,19.35404],[-99.05373,19.35405],[-99.05337,19.35173],[-99.05908,19.35317],[-99.05801,19.35774],[-99.05321,19.35683]]]}},{"id":"2352","type":"Feature","properties":{"CVEGEO":"090070001127A"},"geometry":{"type":"Polygon","coordinates":[[[-99.05667,19.35058],[-99.05751,19.34689],[-99.05779,19.34798],[-99.06019,19.34841],[-99.05908,19.35317],[-99.05666,19.35243],[-99.05667,19.35058]]]}},{"id":"2353","type":"Feature","properties":{"CVEGEO":"0900700015624"},"geometry":{"type":"Polygon","coordinates":[[[-99.0859,19.31208],[-99.08612,19.31058],[-99.08516,19.31031],[-99.08474,19.30871],[-99.08289,19.3103],[-99.0825,19.30987],[-99.0872,19.30417],[-99.09084,19.30881],[-99.09066,19.30946],[-99.08968,19.30964],[-99.08918,19.31341],[-99.0859,19.31208]]]}},{"id":"2354","type":"Feature","properties":{"CVEGEO":"090070001401A"},"geometry":{"type":"Polygon","coordinates":[[[-99.10281,19.33368],[-99.1033,19.33738],[-99.10057,19.33775],[-99.10038,19.33394],[-99.10281,19.33368]]]}},{"id":"2355","type":"Feature","properties":{"CVEGEO":"0900700011833"},"geometry":{"type":"Polygon","coordinates":[[[-99.10508,19.33353],[-99.10075,19.33388],[-99.10089,19.33291],[-99.1015,19.33147],[-99.10941,19.3327],[-99.11,19.33234],[-99.11072,19.33314],[-99.10973,19.33504],[-99.10508,19.33353]]]}},{"id":"2356","type":"Feature","properties":{"CVEGEO":"0900700014109"},"geometry":{"type":"Polygon","coordinates":[[[-99.02742,19.32467],[-99.02881,19.32227],[-99.03341,19.32362],[-99.03462,19.32263],[-99.03345,19.32599],[-99.03064,19.32579],[-99.0299,19.32665],[-99.02747,19.32595],[-99.02742,19.32467]]]}},{"id":"2357","type":"Feature","properties":{"CVEGEO":"0900700014096"},"geometry":{"type":"Polygon","coordinates":[[[-99.02747,19.32595],[-99.0299,19.32665],[-99.03064,19.32579],[-99.03287,19.32601],[-99.03172,19.32925],[-99.03272,19.32985],[-99.03183,19.33007],[-99.03129,19.33179],[-99.03118,19.33088],[-99.03004,19.33135],[-99.03042,19.3293],[-99.02887,19.32952],[-99.02911,19.33033],[-99.02788,19.32931],[-99.02747,19.32595]]]}},{"id":"2358","type":"Feature","properties":{"CVEGEO":"0900700013859"},"geometry":{"type":"Polygon","coordinates":[[[-99.04771,19.33445],[-99.04885,19.334],[-99.04892,19.33701],[-99.05011,19.33705],[-99.05017,19.33882],[-99.04776,19.33822],[-99.04771,19.33445]]]}},{"id":"2359","type":"Feature","properties":{"CVEGEO":"0900700013863"},"geometry":{"type":"Polygon","coordinates":[[[-99.04416,19.33751],[-99.04653,19.33796],[-99.04651,19.33487],[-99.04771,19.33445],[-99.04754,19.34259],[-99.04384,19.34295],[-99.04416,19.33751]]]}},{"id":"2360","type":"Feature","properties":{"CVEGEO":"0900700015499"},"geometry":{"type":"Polygon","coordinates":[[[-99.03833,19.32075],[-99.04013,19.32157],[-99.04094,19.32104],[-99.04263,19.3173],[-99.04314,19.31778],[-99.04144,19.32077],[-99.04139,19.32371],[-99.03747,19.32273],[-99.03833,19.32075]]]}},{"id":"2361","type":"Feature","properties":{"CVEGEO":"0900700014791"},"geometry":{"type":"Polygon","coordinates":[[[-99.07521,19.36103],[-99.07616,19.35776],[-99.07819,19.35842],[-99.07722,19.36169],[-99.07521,19.36103]]]}},{"id":"2362","type":"Feature","properties":{"CVEGEO":"0900700014912"},"geometry":{"type":"Polygon","coordinates":[[[-99.07448,19.35721],[-99.07535,19.3542],[-99.07924,19.35454],[-99.07899,19.3556],[-99.08571,19.35824],[-99.08434,19.36075],[-99.07448,19.35721]]]}},{"id":"2363","type":"Feature","properties":{"CVEGEO":"0900700015145"},"geometry":{"type":"Polygon","coordinates":[[[-99.06753,19.3285],[-99.07046,19.32912],[-99.06982,19.33287],[-99.06466,19.332],[-99.06753,19.3285]]]}},{"id":"2364","type":"Feature","properties":{"CVEGEO":"0900700015535"},"geometry":{"type":"Polygon","coordinates":[[[-99.07046,19.32912],[-99.06753,19.3285],[-99.06889,19.32687],[-99.07517,19.32802],[-99.07506,19.32988],[-99.07046,19.32912]]]}},{"id":"2365","type":"Feature","properties":{"CVEGEO":"0900700011388"},"geometry":{"type":"Polygon","coordinates":[[[-99.09673,19.34577],[-99.09948,19.34139],[-99.10105,19.34189],[-99.10044,19.34289],[-99.10762,19.34466],[-99.10662,19.34771],[-99.10484,19.34725],[-99.10467,19.34793],[-99.09673,19.34577]]]}},{"id":"2366","type":"Feature","properties":{"CVEGEO":"0900700014024"},"geometry":{"type":"Polygon","coordinates":[[[-99.09419,19.34017],[-99.09462,19.33731],[-99.09184,19.33697],[-99.09301,19.33326],[-99.09489,19.33422],[-99.09514,19.33353],[-99.10038,19.33394],[-99.10095,19.33788],[-99.09948,19.34139],[-99.09419,19.34017]]]}},{"id":"2367","type":"Feature","properties":{"CVEGEO":"0900700015501"},"geometry":{"type":"Polygon","coordinates":[[[-99.03729,19.32008],[-99.03902,19.3169],[-99.03996,19.31666],[-99.03982,19.31808],[-99.04121,19.3188],[-99.04057,19.31864],[-99.04006,19.3196],[-99.04135,19.31951],[-99.04094,19.32104],[-99.04013,19.32157],[-99.03729,19.32008]]]}},{"id":"2368","type":"Feature","properties":{"CVEGEO":"0900700015516"},"geometry":{"type":"Polygon","coordinates":[[[-99.03817,19.31618],[-99.03959,19.31469],[-99.04058,19.31551],[-99.0398,19.31682],[-99.03902,19.3169],[-99.03729,19.32008],[-99.03833,19.32075],[-99.03731,19.32316],[-99.03479,19.32243],[-99.03817,19.31618]]]}},{"id":"2369","type":"Feature","properties":{"CVEGEO":"0900700015520"},"geometry":{"type":"Polygon","coordinates":[[[-99.04057,19.31864],[-99.04121,19.3188],[-99.03982,19.31808],[-99.04058,19.31551],[-99.04263,19.3173],[-99.04135,19.31951],[-99.04006,19.3196],[-99.04057,19.31864]]]}},{"id":"2370","type":"Feature","properties":{"CVEGEO":"0900700013045"},"geometry":{"type":"Polygon","coordinates":[[[-99.04283,19.33724],[-99.04282,19.33228],[-99.04339,19.32965],[-99.04441,19.33025],[-99.04501,19.32961],[-99.04479,19.33041],[-99.04665,19.33089],[-99.04653,19.33796],[-99.04283,19.33724]]]}},{"id":"2371","type":"Feature","properties":{"CVEGEO":"0900700013295"},"geometry":{"type":"Polygon","coordinates":[[[-99.04339,19.32965],[-99.04456,19.32536],[-99.04783,19.32662],[-99.04665,19.33089],[-99.04479,19.33041],[-99.04501,19.32961],[-99.04441,19.33025],[-99.04339,19.32965]]]}},{"id":"2372","type":"Feature","properties":{"CVEGEO":"0900700015357"},"geometry":{"type":"Polygon","coordinates":[[[-99.07693,19.31696],[-99.07672,19.31692],[-99.07824,19.31533],[-99.08334,19.31618],[-99.08351,19.31519],[-99.08505,19.31507],[-99.08446,19.31822],[-99.07693,19.31696]]]}},{"id":"2373","type":"Feature","properties":{"CVEGEO":"0900700015361"},"geometry":{"type":"Polygon","coordinates":[[[-99.0825,19.30987],[-99.08305,19.3102],[-99.08267,19.31065],[-99.08507,19.31099],[-99.08488,19.31215],[-99.0869,19.31291],[-99.08658,19.31479],[-99.08409,19.3149],[-99.08334,19.31618],[-99.07824,19.31533],[-99.07656,19.31689],[-99.0825,19.30987]]]}},{"id":"2374","type":"Feature","properties":{"CVEGEO":"0900700011585"},"geometry":{"type":"Polygon","coordinates":[[[-99.08035,19.34314],[-99.08015,19.34422],[-99.07615,19.34342],[-99.07463,19.33884],[-99.0851,19.34163],[-99.08661,19.33545],[-99.08893,19.3358],[-99.08973,19.33161],[-99.09119,19.33184],[-99.09225,19.32901],[-99.0939,19.32938],[-99.09157,19.33884],[-99.08981,19.33872],[-99.08997,19.3403],[-99.08796,19.34009],[-99.08681,19.34263],[-99.08328,19.34519],[-99.08175,19.34534],[-99.0809,19.34407],[-99.08124,19.34319],[-99.08035,19.34314]]]}},{"id":"2375","type":"Feature","properties":{"CVEGEO":"0900700013990"},"geometry":{"type":"Polygon","coordinates":[[[-99.08143,19.33856],[-99.0818,19.3367],[-99.08527,19.33732],[-99.08561,19.33556],[-99.08656,19.33575],[-99.08596,19.33928],[-99.08143,19.33856]]]}},{"id":"2376","type":"Feature","properties":{"CVEGEO":"0900700015709"},"geometry":{"type":"Polygon","coordinates":[[[-99.08094,19.33469],[-99.08561,19.33556],[-99.08527,19.33732],[-99.0818,19.3367],[-99.08143,19.33856],[-99.0803,19.33838],[-99.08094,19.33469]]]}},{"id":"2377","type":"Feature","properties":{"CVEGEO":"0900700015215"},"geometry":{"type":"Polygon","coordinates":[[[-99.07495,19.33177],[-99.07517,19.32802],[-99.08238,19.32929],[-99.08202,19.33108],[-99.08578,19.33178],[-99.08544,19.33358],[-99.07495,19.33177]]]}},{"id":"2378","type":"Feature","properties":{"CVEGEO":"0900700014931"},"geometry":{"type":"Polygon","coordinates":[[[-99.00526,19.34973],[-99.00586,19.34812],[-99.00686,19.34795],[-99.00684,19.34711],[-99.01116,19.34674],[-99.0116,19.35049],[-99.00526,19.34973]]]}},{"id":"2379","type":"Feature","properties":{"CVEGEO":"0900700012579"},"geometry":{"type":"Polygon","coordinates":[[[-99.00719,19.35438],[-99.00739,19.35015],[-99.01101,19.35046],[-99.01181,19.35119],[-99.01084,19.35101],[-99.01022,19.35329],[-99.01232,19.35244],[-99.01258,19.35348],[-99.00561,19.35632],[-99.00449,19.35438],[-99.00719,19.35438]]]}},{"id":"2380","type":"Feature","properties":{"CVEGEO":"0900700012600"},"geometry":{"type":"Polygon","coordinates":[[[-99.01022,19.35329],[-99.01084,19.35101],[-99.01181,19.35119],[-99.01101,19.35046],[-99.01413,19.35058],[-99.01338,19.34859],[-99.014,19.34857],[-99.01424,19.34757],[-99.01593,19.34796],[-99.01613,19.34681],[-99.01722,19.34691],[-99.01676,19.34844],[-99.01834,19.34907],[-99.01721,19.35103],[-99.01258,19.35348],[-99.01242,19.35281],[-99.01022,19.35329]]]}},{"id":"2381","type":"Feature","properties":{"CVEGEO":"0900700014240"},"geometry":{"type":"Polygon","coordinates":[[[-99.02418,19.32799],[-99.02389,19.32609],[-99.02443,19.32477],[-99.02518,19.32571],[-99.02764,19.32649],[-99.02735,19.328],[-99.0282,19.33086],[-99.02779,19.3317],[-99.02418,19.32799]]]}},{"id":"2382","type":"Feature","properties":{"CVEGEO":"0900700015075"},"geometry":{"type":"Polygon","coordinates":[[[-99.02281,19.33051],[-99.02191,19.33028],[-99.02183,19.32889],[-99.02158,19.32995],[-99.02038,19.32995],[-99.02136,19.32722],[-99.0227,19.3261],[-99.02605,19.32999],[-99.02607,19.33114],[-99.02317,19.32875],[-99.02281,19.33051]]]}},{"id":"2383","type":"Feature","properties":{"CVEGEO":"0900700010055"},"geometry":{"type":"Polygon","coordinates":[[[-99.08055,19.38725],[-99.08367,19.38942],[-99.08461,19.38938],[-99.08402,19.39257],[-99.07994,19.39053],[-99.08055,19.38725]]]}},{"id":"2384","type":"Feature","properties":{"CVEGEO":"0900700010106"},"geometry":{"type":"Polygon","coordinates":[[[-99.08375,19.3893],[-99.08424,19.38571],[-99.08783,19.38653],[-99.08771,19.38733],[-99.08673,19.38751],[-99.08653,19.39015],[-99.08375,19.3893]]]}},{"id":"2385","type":"Feature","properties":{"CVEGEO":"0900700010110"},"geometry":{"type":"Polygon","coordinates":[[[-99.08055,19.38725],[-99.08085,19.38528],[-99.08424,19.38571],[-99.08375,19.3893],[-99.08055,19.38725]]]}},{"id":"2386","type":"Feature","properties":{"CVEGEO":"0900700010731"},"geometry":{"type":"Polygon","coordinates":[[[-99.0967,19.36719],[-99.09408,19.36693],[-99.09455,19.36478],[-99.09699,19.36582],[-99.10023,19.3603],[-99.10173,19.35999],[-99.10383,19.36095],[-99.10279,19.36371],[-99.10444,19.36417],[-99.10263,19.36899],[-99.0967,19.36719]]]}},{"id":"2387","type":"Feature","properties":{"CVEGEO":"0900700013577"},"geometry":{"type":"Polygon","coordinates":[[[-99.03951,19.38295],[-99.04145,19.38481],[-99.03944,19.38765],[-99.03685,19.38616],[-99.03951,19.38295]]]}},{"id":"2388","type":"Feature","properties":{"CVEGEO":"090070001255A"},"geometry":{"type":"Polygon","coordinates":[[[-99.07979,19.35104],[-99.08044,19.34815],[-99.08246,19.34839],[-99.08264,19.34753],[-99.08458,19.34951],[-99.08272,19.35378],[-99.08567,19.35577],[-99.07846,19.35265],[-99.07979,19.35104]]]}},{"id":"2389","type":"Feature","properties":{"CVEGEO":"0900700013774"},"geometry":{"type":"Polygon","coordinates":[[[-99.08385,19.3544],[-99.08472,19.35312],[-99.0857,19.3539],[-99.08713,19.35228],[-99.08685,19.35117],[-99.08788,19.35075],[-99.08791,19.35166],[-99.09121,19.35176],[-99.09092,19.3533],[-99.0929,19.35479],[-99.09253,19.35614],[-99.08657,19.35664],[-99.08385,19.3544]]]}},{"id":"2390","type":"Feature","properties":{"CVEGEO":"0900700013971"},"geometry":{"type":"Polygon","coordinates":[[[-99.08661,19.35024],[-99.08713,19.35228],[-99.0857,19.3539],[-99.08472,19.35312],[-99.08385,19.3544],[-99.08272,19.35378],[-99.08458,19.34951],[-99.08816,19.34797],[-99.08661,19.35024]]]}},{"id":"2391","type":"Feature","properties":{"CVEGEO":"0900700010286"},"geometry":{"type":"Polygon","coordinates":[[[-99.03057,19.38256],[-99.0307,19.38191],[-99.03287,19.3807],[-99.03554,19.38236],[-99.03663,19.38341],[-99.0358,19.38477],[-99.03718,19.38559],[-99.03685,19.38616],[-99.03057,19.38256]]]}},{"id":"2392","type":"Feature","properties":{"CVEGEO":"0900700010290"},"geometry":{"type":"Polygon","coordinates":[[[-99.03384,19.37991],[-99.03395,19.38056],[-99.03726,19.38236],[-99.03663,19.38341],[-99.03287,19.3807],[-99.03384,19.37991]]]}},{"id":"2393","type":"Feature","properties":{"CVEGEO":"0900700010303"},"geometry":{"type":"Polygon","coordinates":[[[-99.03395,19.38056],[-99.03384,19.37991],[-99.03512,19.37889],[-99.03618,19.38109],[-99.03758,19.38184],[-99.037,19.38217],[-99.03395,19.38056]]]}},{"id":"2394","type":"Feature","properties":{"CVEGEO":"0900700013740"},"geometry":{"type":"Polygon","coordinates":[[[-99.0987,19.35542],[-99.0968,19.35559],[-99.09772,19.35181],[-99.09955,19.35324],[-99.10038,19.35118],[-99.10306,19.35205],[-99.10225,19.3542],[-99.10055,19.35561],[-99.10178,19.35597],[-99.09851,19.35613],[-99.0987,19.35542]]]}},{"id":"2395","type":"Feature","properties":{"CVEGEO":"0900700011227"},"geometry":{"type":"Polygon","coordinates":[[[-99.09253,19.35614],[-99.0929,19.35479],[-99.09183,19.35395],[-99.09394,19.35312],[-99.09329,19.35089],[-99.09272,19.35093],[-99.09324,19.35033],[-99.09727,19.35276],[-99.0968,19.35559],[-99.0987,19.35542],[-99.09827,19.35646],[-99.09354,19.35777],[-99.09335,19.35638],[-99.09253,19.35614]]]}},{"id":"2396","type":"Feature","properties":{"CVEGEO":"0900700014236"},"geometry":{"type":"Polygon","coordinates":[[[-99.04144,19.32077],[-99.04314,19.31778],[-99.04536,19.31983],[-99.04352,19.32261],[-99.04291,19.32487],[-99.04097,19.32525],[-99.04144,19.32077]]]}},{"id":"2397","type":"Feature","properties":{"CVEGEO":"0900700015732"},"geometry":{"type":"Polygon","coordinates":[[[-99.04352,19.32261],[-99.04536,19.31983],[-99.04765,19.32203],[-99.04718,19.32248],[-99.04579,19.32144],[-99.04514,19.32254],[-99.04392,19.32268],[-99.04347,19.32426],[-99.0449,19.32478],[-99.04456,19.32536],[-99.04291,19.32487],[-99.04352,19.32261]]]}},{"id":"2398","type":"Feature","properties":{"CVEGEO":"0900700015380"},"geometry":{"type":"Polygon","coordinates":[[[-99.04044,19.31541],[-99.04264,19.31338],[-99.04383,19.31379],[-99.04459,19.31611],[-99.04708,19.31567],[-99.04882,19.31959],[-99.04623,19.32067],[-99.04044,19.31541]]]}},{"id":"2399","type":"Feature","properties":{"CVEGEO":"0900700013755"},"geometry":{"type":"Polygon","coordinates":[[[-99.09371,19.34864],[-99.09497,19.34915],[-99.09631,19.34764],[-99.09756,19.34884],[-99.09696,19.3497],[-99.09881,19.35021],[-99.09727,19.35276],[-99.09324,19.35033],[-99.09371,19.34864]]]}},{"id":"2400","type":"Feature","properties":{"CVEGEO":"0900700013793"},"geometry":{"type":"Polygon","coordinates":[[[-99.10147,19.34707],[-99.09925,19.35296],[-99.09797,19.35201],[-99.09881,19.35021],[-99.09696,19.3497],[-99.09756,19.34884],[-99.09695,19.34817],[-99.09836,19.34624],[-99.10147,19.34707]]]}},{"id":"2401","type":"Feature","properties":{"CVEGEO":"0900700012672"},"geometry":{"type":"Polygon","coordinates":[[[-99.08752,19.34993],[-99.08816,19.34797],[-99.08666,19.34829],[-99.08572,19.34712],[-99.08632,19.34666],[-99.08554,19.34665],[-99.08541,19.34601],[-99.08458,19.34629],[-99.08371,19.34498],[-99.08681,19.34263],[-99.08796,19.34009],[-99.08997,19.3403],[-99.08981,19.33872],[-99.09157,19.33884],[-99.09184,19.33697],[-99.09267,19.33682],[-99.09462,19.33731],[-99.09419,19.34017],[-99.09948,19.34139],[-99.09673,19.34577],[-99.09793,19.34614],[-99.09695,19.34817],[-99.096,19.34768],[-99.09497,19.34915],[-99.09371,19.34864],[-99.09332,19.35022],[-99.09238,19.3495],[-99.08752,19.34993]]]}},{"id":"2402","type":"Feature","properties":{"CVEGEO":"0900700015728"},"geometry":{"type":"Polygon","coordinates":[[[-99.04514,19.32254],[-99.04579,19.32144],[-99.04718,19.32248],[-99.0449,19.32478],[-99.04347,19.32426],[-99.04382,19.32306],[-99.04514,19.32254]]]}},{"id":"2403","type":"Feature","properties":{"CVEGEO":"0900700010746"},"geometry":{"type":"Polygon","coordinates":[[[-99.09353,19.36276],[-99.09221,19.36257],[-99.09103,19.36425],[-99.09066,19.36321],[-99.09211,19.35814],[-99.09827,19.35646],[-99.09365,19.3602],[-99.09371,19.36116],[-99.09913,19.36269],[-99.0984,19.36421],[-99.09774,19.36382],[-99.09699,19.36582],[-99.09455,19.36478],[-99.09408,19.36693],[-99.09192,19.36686],[-99.09353,19.36276]]]}},{"id":"2404","type":"Feature","properties":{"CVEGEO":"0900700015713"},"geometry":{"type":"Polygon","coordinates":[[[-99.08094,19.33469],[-99.08129,19.33285],[-99.08714,19.33387],[-99.08656,19.33575],[-99.08094,19.33469]]]}},{"id":"2405","type":"Feature","properties":{"CVEGEO":"090070001522A"},"geometry":{"type":"Polygon","coordinates":[[[-99.08202,19.33108],[-99.08238,19.32929],[-99.0885,19.32925],[-99.08831,19.33029],[-99.08731,19.33011],[-99.08695,19.33199],[-99.08202,19.33108]]]}},{"id":"2406","type":"Feature","properties":{"CVEGEO":"0900700015592"},"geometry":{"type":"Polygon","coordinates":[[[-99.03758,19.38184],[-99.03618,19.38109],[-99.03512,19.37889],[-99.03783,19.37655],[-99.03719,19.37923],[-99.03964,19.38275],[-99.03718,19.38559],[-99.0358,19.38477],[-99.03758,19.38184]]]}},{"id":"2407","type":"Feature","properties":{"CVEGEO":"0900700013670"},"geometry":{"type":"Polygon","coordinates":[[[-99.07025,19.3654],[-99.07272,19.35631],[-99.07616,19.35776],[-99.07521,19.36103],[-99.07447,19.36084],[-99.07459,19.366],[-99.07025,19.3654]]]}},{"id":"2408","type":"Feature","properties":{"CVEGEO":"0900700014166"},"geometry":{"type":"Polygon","coordinates":[[[-99.07013,19.33091],[-99.07047,19.32907],[-99.07506,19.32988],[-99.07495,19.33177],[-99.07013,19.33091]]]}},{"id":"2409","type":"Feature","properties":{"CVEGEO":"0900700014217"},"geometry":{"type":"Polygon","coordinates":[[[-99.04765,19.32203],[-99.0493,19.32372],[-99.04809,19.32476],[-99.04456,19.32536],[-99.04765,19.32203]]]}},{"id":"2410","type":"Feature","properties":{"CVEGEO":"0900700012988"},"geometry":{"type":"Polygon","coordinates":[[[-99.09383,19.32983],[-99.09626,19.33053],[-99.09637,19.3301],[-99.09939,19.33139],[-99.09968,19.33059],[-99.10163,19.33122],[-99.10075,19.33388],[-99.09514,19.33353],[-99.09489,19.33422],[-99.09301,19.33326],[-99.09383,19.32983]]]}},{"id":"2411","type":"Feature","properties":{"CVEGEO":"0900700015893"},"geometry":{"type":"Polygon","coordinates":[[[-99.08714,19.33387],[-99.08849,19.3341],[-99.08884,19.3323],[-99.08695,19.33199],[-99.08731,19.33011],[-99.08831,19.33029],[-99.08938,19.32857],[-99.09225,19.32901],[-99.09119,19.33184],[-99.08973,19.33161],[-99.08893,19.3358],[-99.08661,19.33545],[-99.08714,19.33387]]]}},{"id":"2412","type":"Feature","properties":{"CVEGEO":"0900700015889"},"geometry":{"type":"Polygon","coordinates":[[[-99.08544,19.33358],[-99.08578,19.33178],[-99.08884,19.3323],[-99.08849,19.3341],[-99.08544,19.33358]]]}},{"id":"2413","type":"Feature","properties":{"CVEGEO":"0900700013810"},"geometry":{"type":"Polygon","coordinates":[[[-99.10257,19.34234],[-99.10336,19.33979],[-99.10439,19.34029],[-99.10703,19.33932],[-99.10574,19.34326],[-99.10257,19.34234]]]}},{"id":"2414","type":"Feature","properties":{"CVEGEO":"0900700014467"},"geometry":{"type":"Polygon","coordinates":[[[-99.08521,19.31459],[-99.08893,19.31573],[-99.08865,19.31706],[-99.08481,19.31641],[-99.08521,19.31459]]]}},{"id":"2415","type":"Feature","properties":{"CVEGEO":"0900700010534"},"geometry":{"type":"Polygon","coordinates":[[[-99.10788,19.37343],[-99.1083,19.37018],[-99.11864,19.36957],[-99.11789,19.37303],[-99.11478,19.37269],[-99.11495,19.37198],[-99.11256,19.37147],[-99.11205,19.3736],[-99.10788,19.37343]]]}},{"id":"2416","type":"Feature","properties":{"CVEGEO":"0900700015272"},"geometry":{"type":"Polygon","coordinates":[[[-99.11712,19.37455],[-99.11864,19.36957],[-99.12101,19.36943],[-99.12017,19.37302],[-99.12266,19.37334],[-99.12253,19.3757],[-99.11712,19.37455]]]}},{"id":"2417","type":"Feature","properties":{"CVEGEO":"0900700013647"},"geometry":{"type":"Polygon","coordinates":[[[-99.11205,19.3736],[-99.11256,19.37147],[-99.11495,19.37198],[-99.11478,19.37269],[-99.11754,19.37289],[-99.11712,19.37455],[-99.11205,19.3736]]]}},{"id":"2418","type":"Feature","properties":{"CVEGEO":"0900700012653"},"geometry":{"type":"Polygon","coordinates":[[[-98.98997,19.34816],[-98.9899,19.34752],[-98.9885,19.34726],[-98.98862,19.3465],[-98.99267,19.34731],[-98.99204,19.35008],[-98.9909,19.34999],[-98.98963,19.35371],[-98.98878,19.3529],[-98.98997,19.34816]]]}},{"id":"2419","type":"Feature","properties":{"CVEGEO":"0900700012668"},"geometry":{"type":"Polygon","coordinates":[[[-98.98671,19.3501],[-98.98743,19.34534],[-98.98906,19.34558],[-98.9885,19.34726],[-98.9899,19.34752],[-98.98997,19.34816],[-98.98878,19.3529],[-98.98604,19.35026],[-98.98671,19.3501]]]}},{"id":"2420","type":"Feature","properties":{"CVEGEO":"0900700012901"},"geometry":{"type":"Polygon","coordinates":[[[-99.029,19.33793],[-99.027,19.33819],[-99.0263,19.3377],[-99.02635,19.33601],[-99.02711,19.33574],[-99.02788,19.33333],[-99.02919,19.33351],[-99.02969,19.33448],[-99.03292,19.33516],[-99.03159,19.33914],[-99.02928,19.33868],[-99.029,19.33793]]]}},{"id":"2421","type":"Feature","properties":{"CVEGEO":"0900700014999"},"geometry":{"type":"Polygon","coordinates":[[[-99.02678,19.34212],[-99.02812,19.34221],[-99.02886,19.34149],[-99.02928,19.33868],[-99.03159,19.33914],[-99.03137,19.34035],[-99.03409,19.34391],[-99.02667,19.34456],[-99.02678,19.34212]]]}},{"id":"2422","type":"Feature","properties":{"CVEGEO":"0900700015003"},"geometry":{"type":"Polygon","coordinates":[[[-99.02706,19.33786],[-99.029,19.33793],[-99.02886,19.34149],[-99.02812,19.34221],[-99.02678,19.34212],[-99.02667,19.34462],[-99.02534,19.34477],[-99.02706,19.33786]]]}},{"id":"2423","type":"Feature","properties":{"CVEGEO":"0900700013064"},"geometry":{"type":"Polygon","coordinates":[[[-99.03918,19.32746],[-99.03914,19.32563],[-99.04153,19.32512],[-99.0392,19.3327],[-99.04278,19.33269],[-99.04281,19.33314],[-99.04036,19.33315],[-99.04036,19.33436],[-99.03716,19.33395],[-99.03918,19.32746]]]}},{"id":"2424","type":"Feature","properties":{"CVEGEO":"0900700013079"},"geometry":{"type":"Polygon","coordinates":[[[-99.04456,19.32536],[-99.04278,19.33269],[-99.0392,19.3327],[-99.04153,19.32512],[-99.04456,19.32536]]]}},{"id":"2425","type":"Feature","properties":{"CVEGEO":"0900700012723"},"geometry":{"type":"Polygon","coordinates":[[[-98.97879,19.34329],[-98.97728,19.34123],[-98.97973,19.34182],[-98.98136,19.3449],[-98.98732,19.34626],[-98.98671,19.3501],[-98.98587,19.35009],[-98.97879,19.34329]]]}},{"id":"2426","type":"Feature","properties":{"CVEGEO":"0900700012564"},"geometry":{"type":"Polygon","coordinates":[[[-99.00255,19.35534],[-98.99919,19.3564],[-98.99932,19.35467],[-99.00214,19.35488],[-99.00149,19.35315],[-99.00205,19.35319],[-99.00198,19.35235],[-99.00349,19.3528],[-99.00411,19.35111],[-99.00383,19.34946],[-99.00739,19.35015],[-99.00719,19.35438],[-99.00438,19.3541],[-99.00561,19.35632],[-99.00253,19.35744],[-99.00255,19.35534]]]}},{"id":"2427","type":"Feature","properties":{"CVEGEO":"0900700012615"},"geometry":{"type":"Polygon","coordinates":[[[-98.99866,19.3536],[-98.99941,19.34861],[-99.00383,19.34946],[-99.00411,19.35111],[-99.00349,19.3528],[-99.00198,19.35235],[-99.00205,19.35319],[-99.00149,19.35315],[-99.00214,19.35488],[-98.99932,19.35467],[-98.99866,19.3536]]]}},{"id":"2428","type":"Feature","properties":{"CVEGEO":"0900700012969"},"geometry":{"type":"Polygon","coordinates":[[[-98.98136,19.3449],[-98.98015,19.34323],[-98.98021,19.34227],[-98.98247,19.34288],[-98.98301,19.34102],[-98.98514,19.3417],[-98.98434,19.34487],[-98.98467,19.34574],[-98.98136,19.3449]]]}},{"id":"2429","type":"Feature","properties":{"CVEGEO":"0900700013721"},"geometry":{"type":"Polygon","coordinates":[[[-99.06052,19.36173],[-99.06148,19.36168],[-99.06015,19.36139],[-99.06044,19.36001],[-99.06423,19.36021],[-99.06699,19.36354],[-99.06685,19.3641],[-99.06016,19.36342],[-99.06052,19.36173]]]}},{"id":"2430","type":"Feature","properties":{"CVEGEO":"0900700011034"},"geometry":{"type":"Polygon","coordinates":[[[-99.05875,19.35457],[-99.05938,19.3547],[-99.05973,19.35322],[-99.06207,19.35344],[-99.06015,19.36139],[-99.06143,19.36191],[-99.06052,19.36173],[-99.06016,19.36342],[-99.0568,19.36313],[-99.05875,19.35457]]]}}]}